person_id;household_id;age;employed;sex;socioprofessional_class;has_driving_license;has_pt_subscription;census_person_id;hts_id
989;514;72;False;male;7;False;True;307;1413
1272;669;40;True;male;3;False;True;380;1204
1273;669;36;True;female;3;True;True;381;2254
1297;681;51;True;male;2;True;True;390;2399
1298;681;57;True;male;5;False;True;391;1889
5516;3065;39;True;male;4;True;False;1734;4150
8841;4857;24;False;female;8;False;False;2783;2131
11857;6512;13;False;male;8;False;False;3750;6346
11858;6512;42;True;female;6;False;True;3751;2354
12445;6804;28;True;male;3;False;True;3941;1888
18912;10344;65;True;female;4;False;True;5972;2461
22609;12477;44;True;male;3;True;True;7131;882
23328;12874;25;False;female;8;True;True;7352;2074
23329;12874;61;True;female;5;False;True;7353;5113
25154;13854;12;False;female;8;False;False;7922;1930
25155;13854;10;False;female;8;False;False;7923;14607
25156;13854;43;True;female;4;True;False;7924;501
25157;13854;51;True;male;4;True;False;7925;6900
26947;14788;56;True;female;4;False;False;8510;2012
26948;14788;24;False;male;8;True;True;8511;754
26949;14788;21;False;male;8;False;True;8512;15076
26950;14788;29;False;female;8;True;True;8513;841
26951;14788;62;False;male;7;True;True;8514;1305
28150;15438;54;True;female;5;False;True;8890;427
30397;16734;28;True;male;4;True;True;9621;5817
31592;17363;88;False;female;7;True;False;9975;452
31593;17363;59;True;female;3;False;False;9976;2280
34756;19048;29;True;male;3;True;True;10970;1750
34757;19048;30;True;female;3;True;True;10971;2254
34796;19075;60;False;female;8;False;True;10982;2461
35209;19297;43;False;female;8;True;False;11114;460
35210;19297;7;False;female;8;False;False;11115;1410
35211;19297;52;False;male;8;True;False;11116;7141
35341;19377;21;False;male;8;False;True;11162;15076
37467;20470;59;True;male;3;False;False;11826;2435
37806;20623;81;False;male;7;True;False;11929;1087
42648;23208;47;True;male;4;True;False;13505;14704
43019;23436;79;False;female;7;True;False;13634;14411
43020;23436;28;False;male;8;False;True;13635;10953
43021;23436;54;True;male;5;True;True;13636;4455
45803;24973;30;True;male;4;True;True;14530;4115
49981;27274;69;False;male;7;True;True;15848;2362
50059;27334;88;False;male;7;True;False;15870;2958
50500;27566;19;False;female;8;True;True;16028;2477
50501;27566;27;True;male;3;False;True;16029;6751
50502;27566;50;True;female;3;True;True;16030;2202
50523;27578;87;False;male;7;True;False;16034;4429
50524;27578;90;False;female;7;True;False;16035;2742
53138;29059;12;False;female;8;False;False;16855;11532
53139;29059;45;True;male;4;True;False;16856;8855
53202;29092;63;True;female;4;True;False;16875;1890
53203;29092;31;False;female;8;False;True;16876;17539
54229;29686;25;True;female;3;False;True;17212;7471
55999;30709;83;False;female;7;False;True;17774;3348
56000;30709;86;False;male;7;True;False;17775;17431
63540;34741;39;True;male;3;True;True;20115;882
63541;34741;3;False;female;8;False;False;20116;3549
63542;34741;36;True;female;3;True;False;20117;7194
64441;35212;72;False;female;8;False;True;20392;17000
64779;35392;28;True;male;5;False;True;20502;6751
65120;35575;67;False;female;7;False;True;20614;1495
66375;36290;76;False;female;7;True;False;21016;1343
68287;37369;25;False;male;8;False;True;21623;14128
69976;38252;58;False;male;8;True;True;22154;946
69977;38252;13;False;male;8;False;False;22155;11643
69978;38252;50;True;female;5;False;True;22156;5550
71472;39022;5;False;female;8;False;False;22620;11149
71473;39022;1;False;female;8;False;False;22621;14607
71474;39022;37;True;female;3;True;True;22622;2409
71475;39022;37;True;male;3;True;True;22623;649
76581;41633;27;True;female;4;False;True;24229;756
81387;44183;54;True;male;5;True;True;25763;6658
81792;44406;21;False;male;8;False;True;25883;15076
81958;44511;60;True;male;3;True;True;25933;8830
84511;45918;20;False;female;8;True;True;26762;2477
84512;45918;17;False;female;8;True;True;26763;841
84513;45918;49;True;female;5;False;True;26764;2167
84514;45918;68;False;male;7;True;True;26765;1209
87068;47209;30;True;female;3;False;True;27581;2459
88339;47865;57;True;male;3;True;True;27981;996
88593;47991;2;False;male;8;False;False;28065;2248
88594;47991;49;True;male;3;False;True;28066;4591
88595;47991;42;True;female;3;True;True;28067;708
90859;49169;28;True;female;3;False;True;28794;16837
90860;49169;29;True;male;4;True;True;28795;5817
92821;50218;27;True;female;5;False;False;29416;4102
96676;52265;28;True;male;3;False;True;30650;2405
96677;52265;28;True;female;3;True;True;30651;1274
98550;53274;70;False;female;7;True;True;31251;1648
98551;53274;75;False;male;7;True;False;31252;14278
99285;53682;33;True;female;3;True;True;31503;2409
99747;53908;27;True;male;4;True;False;31638;6066
99748;53908;72;True;male;3;True;False;31639;17901
99749;53908;15;False;female;8;False;False;31640;45
99750;53908;61;True;female;3;True;False;31641;14799
100111;54091;62;False;male;8;True;False;31747;18183
103804;56058;47;True;male;3;False;False;32919;7363
111669;60267;28;True;male;2;False;False;35383;1236
111670;60267;31;False;female;8;True;True;35384;1329
112148;60530;72;False;male;7;True;False;35535;1515
112149;60530;71;False;female;8;True;False;35536;17983
114481;61895;67;True;female;3;False;False;36262;14876
117779;63764;79;False;female;7;False;True;37296;831
118375;64091;6;False;female;8;False;False;37468;4066
118376;64091;4;False;female;8;False;False;37469;15805
118377;64091;42;True;male;3;True;True;37470;718
118378;64091;41;True;female;4;True;False;37471;10721
121243;65677;30;True;female;3;True;True;38388;9274
121244;65677;38;True;male;4;True;False;38389;11316
122096;66173;37;True;female;3;True;True;38639;7782
122097;66173;45;True;male;4;True;True;38640;4520
122098;66173;9;False;female;8;False;False;38641;6280
122099;66173;7;False;male;8;False;False;38642;11826
126739;68774;49;True;male;2;True;True;40137;8438
126740;68774;58;False;female;8;False;True;40138;2150
127101;69000;50;True;male;3;False;True;40257;5038
127569;69274;20;False;male;8;True;True;40407;8803
128962;70035;1;False;male;8;False;False;40859;3982
128963;70035;39;True;female;3;True;True;40860;3497
128964;70035;41;True;male;3;True;False;40861;1863
128965;70035;11;False;male;8;False;False;40862;16905
128966;70035;8;False;male;8;False;True;40863;5428
130728;70988;56;False;female;8;True;True;41435;879
130785;71005;79;False;female;7;False;True;41450;1189
131563;71438;32;True;female;3;True;True;41704;1685
136044;73883;37;False;male;8;True;False;43098;7452
136045;73883;64;False;female;7;False;False;43099;1429
136816;74307;55;True;male;3;True;True;43331;1925
136827;74317;65;True;female;5;True;True;43337;4547
137484;74651;45;True;male;4;True;False;43536;17765
138960;75500;28;True;female;4;False;True;44020;6762
140303;76150;37;False;male;8;True;True;44427;1956
140850;76440;66;False;male;7;True;False;44612;1568
142316;77267;28;True;female;5;False;True;45066;1746
142317;77267;27;True;male;3;True;True;45067;854
145647;79117;30;False;female;8;False;False;46117;442
146726;79706;48;True;female;5;True;False;46467;1460
146727;79706;22;False;male;8;True;True;46468;17469
148175;80479;26;True;male;3;False;False;46930;13360
148176;80479;28;True;female;3;True;True;46931;5381
148924;80837;26;True;female;4;False;False;47172;10862
154125;83620;26;True;female;3;False;True;48823;4155
155520;84369;34;True;female;3;True;False;49266;1427
158037;85744;28;True;female;3;True;True;50052;2037
160289;86938;24;True;male;5;False;True;50766;2405
163837;88765;4;False;male;8;False;True;51856;17892
163838;88765;33;True;female;3;True;False;51857;470
163839;88765;6;False;female;8;False;False;51858;14607
163840;88765;36;True;male;3;True;True;51859;514
167395;90627;80;False;male;7;True;True;52968;2889
170663;92501;45;True;male;5;True;True;54035;996
171851;93144;30;False;female;8;True;True;54429;1783
175106;94841;39;True;male;4;False;False;55422;2033
175107;94841;32;True;female;3;True;True;55423;792
175984;95321;62;True;male;6;True;False;55705;696
178573;96753;82;False;female;7;True;False;56496;8099
178574;96753;87;False;male;7;True;False;56497;8642
181057;98171;72;False;female;7;True;True;57260;1415
184934;100273;42;True;female;4;True;True;58513;2092
186107;100964;36;True;female;3;True;False;58888;17985
186108;100964;37;False;male;8;True;False;58889;5411
186109;100964;2;False;female;8;False;False;58890;6880
187396;101695;30;True;female;5;True;False;59294;715
189525;102871;47;False;female;8;True;False;59959;9960
189526;102871;48;True;male;3;True;True;59960;2126
189527;102871;13;False;female;8;False;True;59961;3618
189528;102871;6;False;male;8;False;False;59962;17672
189529;102871;15;False;female;8;False;False;59963;15182
190680;103494;48;True;female;5;False;False;60341;555
190681;103494;15;False;male;8;False;False;60342;4096
190682;103494;46;True;male;5;False;True;60343;725
190683;103494;19;False;female;8;True;True;60344;1282
193071;104802;54;True;male;3;True;False;61088;673
193072;104802;15;False;male;8;False;True;61089;16314
193073;104802;19;False;male;8;False;True;61090;2661
193074;104802;51;True;female;3;True;True;61091;1118
196429;106611;53;False;female;8;True;False;62201;17489
197752;107329;78;False;female;7;False;True;62637;1362
197753;107329;43;True;male;6;True;False;62638;807
197754;107329;58;True;female;4;True;False;62639;804
197755;107329;85;False;male;7;True;False;62640;6282
197756;107329;46;False;female;8;True;False;62641;7051
197757;107329;25;True;male;4;True;True;62642;686
197908;107414;26;True;female;3;True;True;62694;828
199386;108269;9;False;male;8;False;False;63144;6994
199387;108269;18;False;female;8;True;True;63145;769
199388;108269;24;False;male;8;False;True;63146;2224
199389;108269;47;True;male;3;True;False;63147;6866
199390;108269;46;True;female;4;True;False;63148;804
199391;108269;21;False;female;8;False;True;63149;2216
199392;108269;75;False;female;7;True;False;63150;1175
204132;110728;3;False;male;8;False;True;64653;5841
204133;110728;30;False;female;8;False;True;64654;17539
207447;112572;22;False;female;8;False;True;65706;723
208572;113205;25;False;female;8;True;True;66070;744
213560;116003;4;False;male;8;False;False;67688;6715
213561;116003;7;False;male;8;False;False;67689;2248
213562;116003;56;True;male;2;True;False;67690;6900
214502;116527;35;True;female;3;True;True;67992;1241
217505;118142;86;True;female;5;False;True;68909;5115
218423;118630;38;True;male;3;True;True;69227;1670
218424;118630;39;True;female;3;True;True;69228;1442
218425;118630;5;False;male;8;False;False;69229;6031
218703;118759;78;False;female;7;False;True;69303;2084
218901;118898;26;True;male;3;True;False;69368;2594
219494;119269;82;False;female;7;True;False;69568;538
222896;121122;76;True;male;3;True;False;70636;10236
223314;121337;55;True;female;5;False;True;70770;3988
223315;121337;20;True;male;4;True;False;70771;4440
223316;121337;58;True;male;3;True;True;70772;2188
223317;121337;25;True;male;4;True;True;70773;6534
224828;122160;27;False;male;8;False;True;71221;6101
224829;122160;29;False;male;8;False;True;71222;2223
230170;125099;70;False;male;7;True;False;72889;1878
231284;125712;37;False;female;8;False;True;73211;17317
231775;125959;35;True;female;4;True;False;73371;1229
231776;125959;42;True;male;3;True;True;73372;1339
231777;125959;1;False;male;8;False;False;73373;7320
231778;125959;5;False;male;8;False;False;73374;7320
232788;126526;33;True;male;3;True;False;73725;534
238247;129326;50;False;female;8;True;True;75420;3958
240306;130412;52;True;female;4;True;False;76068;15828
240307;130412;60;True;male;3;True;True;76069;2633
240308;130412;21;True;male;5;True;True;76070;7042
240309;130412;19;False;male;8;False;False;76071;625
240310;130412;14;False;female;8;False;False;76072;14281
242720;131760;45;True;male;3;True;True;76815;946
250489;135951;1;False;female;8;False;False;79270;14281
250490;135951;7;False;female;8;False;False;79271;2579
250491;135951;41;True;female;3;True;False;79272;3059
250492;135951;4;False;female;8;False;False;79273;2177
250493;135951;39;True;male;3;True;True;79274;1333
251306;136404;36;True;female;3;True;False;79526;1120
252040;136865;24;True;male;5;False;True;79759;7937
256100;139040;77;False;female;7;True;True;81048;667
256711;139357;26;True;male;3;False;False;81247;4096
258007;139997;24;True;female;4;True;False;81663;5433
258008;139997;61;True;female;3;True;False;81664;1199
258009;139997;65;False;male;7;True;True;81665;574
259702;140933;70;False;male;7;True;False;82209;1360
259703;140933;79;False;female;7;False;True;82210;4358
262545;142482;40;False;male;8;True;True;83080;4538
262546;142482;44;True;male;5;False;True;83081;17701
271103;146981;37;True;male;4;False;True;85785;6719
271104;146981;39;True;female;4;True;True;85786;2457
276747;150028;28;False;female;8;False;False;87593;2131
280489;152086;28;True;male;5;True;True;88809;1201
280490;152086;27;True;female;5;False;True;88810;16295
283764;153862;65;False;male;7;True;False;89838;1568
287885;156136;32;True;female;5;True;True;91128;2146
290768;157686;26;True;female;3;False;True;92018;7471
292406;158491;66;False;male;7;True;True;92548;2362
292465;158531;27;True;male;3;False;True;92564;5682
292466;158531;27;True;female;4;True;True;92565;909
293087;158895;89;False;female;7;True;False;92746;4404
293088;158895;26;True;female;4;True;True;92747;640
293089;158895;24;True;female;3;True;False;92748;4299
295174;160090;24;False;female;8;False;False;93435;4294
295175;160090;0;False;male;8;False;False;93436;5068
295176;160090;2;False;female;8;False;False;93437;16877
295177;160090;3;False;male;8;False;True;93438;8597
295178;160090;25;True;male;4;True;False;93439;7252
295484;160282;88;False;male;7;True;True;93533;4073
296090;160629;28;True;female;3;False;True;93733;14542
298532;162022;21;False;female;8;False;True;94519;1127
299915;162772;41;True;female;4;True;True;94963;14638
299916;162772;48;True;male;5;True;True;94964;245
306244;166097;42;True;male;3;True;True;96997;2036
306399;166179;36;False;female;8;True;True;97054;1329
306432;166212;73;True;female;3;False;True;97063;2345
306689;166340;18;False;female;8;True;True;97151;2587
306690;166340;22;False;male;8;False;True;97152;2661
306691;166340;59;False;female;8;True;False;97153;8489
306692;166340;26;True;male;4;True;False;97154;6959
306693;166340;59;True;male;3;True;False;97155;1013
307704;166872;57;True;male;5;True;False;97470;4972
307705;166872;83;False;female;7;False;True;97471;1019
310251;168307;81;True;male;3;True;False;98295;16288
310252;168307;78;False;female;7;False;False;98296;6174
311118;168790;20;False;male;8;True;True;98577;17010
311439;168979;44;True;male;5;True;True;98680;7659
312280;169468;28;True;male;3;False;True;98942;2339
320770;174109;73;True;male;3;True;False;101693;652
321842;174711;23;True;male;4;False;True;102032;7736
322980;175300;40;True;male;3;True;False;102389;451
322981;175300;4;False;female;8;False;False;102390;1410
322982;175300;8;False;male;8;False;True;102391;17892
322983;175300;40;True;female;6;True;True;102392;6475
323428;175492;73;False;female;7;True;True;102538;1415
324736;176189;27;False;female;8;False;True;102940;723
324737;176189;36;False;female;8;False;True;102941;4516
325684;176700;12;False;male;8;False;False;103236;6031
325685;176700;9;False;female;8;False;False;103237;5849
325686;176700;40;True;female;3;True;True;103238;1449
328674;178370;64;False;female;7;True;False;104161;2505
330245;179242;48;True;male;3;True;True;104646;1770
330246;179242;47;True;male;3;True;True;104647;2330
333928;181196;82;False;female;7;False;False;105809;1202
334976;181749;52;True;male;4;True;False;106139;10374
335364;181951;59;True;male;3;False;True;106259;8371
338284;183543;23;False;female;8;True;True;107204;751
340061;184563;69;False;female;7;True;True;107754;1297
340062;184563;73;True;male;3;True;False;107755;2359
348815;189362;29;True;male;3;False;True;110476;15076
349111;189534;59;False;female;8;False;True;110566;4486
349112;189534;75;False;male;7;True;True;110567;6015
349113;189534;27;False;male;8;True;True;110568;5475
349114;189534;22;False;male;8;True;False;110569;1063
351259;190719;34;True;female;4;True;False;111259;501
357387;194004;22;False;male;8;False;True;113163;6105
357948;194336;27;True;female;5;False;True;113344;14084
357949;194336;28;True;female;5;False;True;113345;8765
358059;194377;47;True;male;5;False;True;113376;1107
358060;194377;22;False;male;8;False;False;113377;6350
359230;194998;62;True;female;3;False;True;113755;5197
359628;195200;56;True;female;3;True;True;113877;1586
362893;196943;24;True;female;3;True;False;114936;10938
363253;197148;78;False;male;7;True;True;115049;1302
363755;197415;84;False;female;7;True;False;115196;8619
365105;198142;26;True;male;4;True;False;115611;5216
365106;198142;19;False;female;8;False;True;115612;2216
365107;198142;24;False;female;8;True;True;115613;1227
365108;198142;50;True;female;4;True;True;115614;879
371776;201808;27;False;female;8;False;False;117828;2131
372515;202234;34;True;male;4;True;False;118069;7440
374060;203135;45;True;male;6;True;False;118575;7043
374403;203320;66;True;female;2;False;False;118682;7333
375371;203839;56;True;male;3;True;True;118969;2188
376285;204327;67;True;female;5;False;True;119286;17000
377521;204954;49;True;female;3;True;True;119663;1586
378673;205576;26;True;female;2;True;False;120032;13537
378674;205576;61;True;female;3;True;True;120033;1117
380259;206406;97;False;female;7;False;True;120519;1194
382778;207816;22;True;female;4;False;True;121307;4845
383479;208150;66;False;male;7;True;True;121513;1937
383480;208150;33;True;female;5;False;True;121514;2379
383481;208150;59;True;female;5;False;True;121515;2167
383482;208150;24;False;male;8;False;True;121516;5682
383483;208150;30;False;male;8;False;True;121517;11769
383484;208150;61;False;male;8;False;False;121518;11715
383485;208150;28;True;female;3;False;True;121519;4155
386952;210063;29;True;female;4;True;True;122638;6723
387137;210184;28;True;male;3;True;True;122698;8540
387138;210184;26;True;female;4;True;False;122699;3026
387139;210184;28;True;male;6;True;False;122700;8494
388586;210909;15;False;female;8;True;True;123136;790
388587;210909;11;False;male;8;False;False;123137;6031
388588;210909;46;True;female;3;True;True;123138;2453
388589;210909;51;True;male;3;False;True;123139;1889
389222;211238;48;True;male;3;False;True;123348;4591
389223;211238;10;False;male;8;False;True;123349;7445
389224;211238;50;True;female;3;True;True;123350;1586
392750;213166;24;True;male;3;True;True;124519;3914
392751;213166;24;False;female;8;True;True;124520;598
393441;213571;79;False;female;7;False;True;124746;1962
393442;213571;90;False;male;7;True;True;124747;445
397384;215764;51;True;female;6;False;True;126059;8368
399609;217000;82;False;female;7;True;False;126772;454
404615;219661;38;True;male;4;True;False;128409;694
407151;221073;47;True;female;3;True;True;129226;1586
407291;221161;77;False;male;7;True;False;129270;1538
410401;222748;63;True;male;3;True;True;130267;14763
410402;222748;63;True;female;5;True;False;130268;3094
413793;224588;81;False;female;7;False;True;131329;2407
415471;225458;6;False;male;8;False;False;131857;16804
415472;225458;44;True;female;3;True;True;131858;7782
415473;225458;39;True;male;3;True;False;131859;1255
416264;225895;3;False;male;8;False;False;132091;4607
416265;225895;39;False;female;8;True;False;132092;501
417608;226647;28;True;male;5;True;False;132514;4161
417609;226647;10;False;female;8;False;False;132515;8583
417610;226647;2;False;male;8;False;False;132516;16346
417611;226647;38;True;female;5;False;True;132517;4061
418567;227140;36;True;male;3;True;True;132823;2448
421027;228481;33;True;male;2;True;False;133639;564
421028;228481;53;False;female;8;True;True;133640;18138
421029;228481;57;False;male;8;True;False;133641;15906
421777;228883;49;True;male;3;True;True;133877;440
421778;228883;15;False;female;8;True;True;133878;1492
425154;230721;40;True;male;3;True;True;134964;2036
426032;231159;22;True;female;4;True;True;135233;4927
427268;231829;48;True;male;3;True;True;135623;946
427269;231829;12;False;male;8;False;False;135624;7990
427270;231829;43;False;female;8;True;False;135625;10989
431169;233878;22;True;female;5;False;False;136884;6707
431170;233878;22;True;male;4;False;False;136885;1818
431860;234256;29;False;female;8;False;True;137113;771
431864;234260;57;False;female;7;True;False;137114;1787
435458;236215;90;False;female;7;True;False;138289;1346
444423;241080;26;True;female;4;False;True;141163;2016
444424;241080;28;True;male;3;False;False;141164;13360
444679;241207;24;True;male;5;False;True;141243;2405
444690;241215;95;False;female;7;True;False;141247;1684
444691;241215;20;True;female;5;False;False;141248;4157
445908;241865;55;True;male;3;True;True;141616;946
445909;241865;13;False;female;8;False;False;141617;1966
445910;241865;43;True;female;4;True;False;141618;14990
445911;241865;16;False;female;8;True;False;141619;11821
446527;242217;41;True;male;3;True;True;141825;2386
446528;242217;41;True;female;3;True;True;141826;1665
446529;242217;6;False;female;8;False;False;141827;10410
446530;242217;4;False;male;8;False;False;141828;11349
446541;242225;74;False;female;7;False;False;141830;1188
447079;242554;42;True;female;4;True;False;142009;17395
447080;242554;44;True;male;3;True;True;142010;662
447081;242554;7;False;male;8;False;False;142011;14932
451897;245161;75;False;female;7;False;True;143448;3348
454918;246834;61;True;male;3;True;True;144405;15078
454919;246834;44;True;male;6;True;True;144406;14044
454920;246834;36;False;female;8;True;True;144407;14039
457228;248133;36;True;female;3;True;True;145140;1449
457229;248133;35;True;male;3;True;False;145141;451
457230;248133;1;False;male;8;False;False;145142;860
462492;250936;52;True;female;5;True;False;146782;10821
462493;250936;26;False;female;8;False;True;146783;8463
462918;251170;21;False;female;8;True;False;146914;14277
462919;251170;49;True;female;3;True;True;146915;1979
462920;251170;18;False;female;8;False;True;146916;3374
475112;257875;93;False;male;8;True;False;150720;11305
475113;257875;54;True;female;5;True;False;150721;11731
475114;257875;76;False;female;8;True;False;150722;1470
478640;259748;45;True;female;4;True;False;151870;2302
479176;260050;36;True;female;3;True;True;152037;2682
479867;260426;25;False;male;8;True;False;152259;11162
479868;260426;25;False;male;8;True;True;152260;5475
480764;260908;52;True;female;4;True;True;152548;2711
480765;260908;11;False;female;8;False;False;152549;14281
480766;260908;49;True;male;4;True;False;152550;2817
480951;261009;53;True;male;3;True;False;152607;7141
481295;261175;69;False;female;7;True;True;152713;1415
483085;262124;31;True;female;3;True;True;153256;818
483234;262198;75;False;female;7;True;False;153312;4391
485511;263375;33;True;male;4;True;True;154019;1377
486876;264084;26;False;female;8;False;True;154470;3374
486877;264084;18;False;male;8;False;False;154471;3069
486878;264084;57;True;male;4;True;False;154472;2922
486879;264084;23;True;male;5;True;True;154473;6686
486880;264084;53;True;female;5;True;False;154474;11694
489626;265476;84;False;male;7;True;False;155340;6823
489627;265476;73;False;female;8;True;False;155341;11455
489628;265476;41;True;female;3;True;False;155342;18171
490321;265852;68;False;male;7;False;False;155554;1953
490322;265852;91;False;female;7;True;False;155555;1824
491290;266352;48;False;male;8;False;False;155867;2320
493865;267753;35;True;male;3;True;True;156697;2386
493866;267753;31;True;female;4;False;True;156698;1119
494771;268212;25;True;female;5;False;True;156989;17312
494772;268212;27;False;male;8;True;True;156990;4850
496480;269124;81;False;male;7;True;True;157553;1393
497737;269838;25;True;female;4;False;True;157945;14611
497776;269861;49;True;male;3;True;False;157957;673
497777;269861;12;False;male;8;False;False;157958;3508
497778;269861;49;True;female;2;False;True;157959;1815
497779;269861;18;False;male;8;True;False;157960;4019
501829;272085;21;False;male;8;False;False;159233;5208
507029;274865;55;False;female;8;True;False;160883;6250
507030;274865;17;False;female;8;False;False;160884;4294
507244;275003;30;True;male;4;True;False;160955;7440
510710;276924;34;True;male;3;True;True;162069;2443
518179;280950;34;True;male;3;True;False;164433;1834
518180;280950;33;True;female;3;True;True;164434;7782
518955;281415;76;False;female;7;False;False;164698;2255
521015;282536;32;True;male;4;False;False;165354;431
521016;282536;37;True;male;4;True;False;165355;16983
522991;283676;8;False;male;8;False;False;165997;4857
522992;283676;13;False;male;8;False;True;165998;8054
522993;283676;44;True;male;2;True;False;165999;14724
522994;283676;44;True;female;4;True;True;166000;1308
528981;286870;79;False;female;7;True;False;167838;3421
531455;288315;13;False;male;8;False;True;168623;5720
531456;288315;8;False;female;8;False;True;168624;10737
531457;288315;50;True;male;4;True;False;168625;7043
531458;288315;50;True;female;4;True;False;168626;804
533004;289176;25;True;male;2;False;True;169111;6751
533005;289176;29;True;male;5;True;True;169112;8802
533006;289176;58;True;female;3;True;True;169113;1589
534651;290070;21;True;male;3;True;False;169669;2594
535402;290467;47;True;male;3;True;False;169894;2484
535665;290599;33;True;female;4;True;True;169985;1329
535666;290599;33;True;male;3;True;False;169986;451
537433;291474;20;False;male;8;False;False;170515;4096
539608;292626;94;False;female;7;False;True;171183;1194
539609;292626;56;True;female;5;True;False;171184;1263
539610;292626;23;False;male;8;False;False;171185;13360
539611;292626;27;True;male;6;True;True;171186;1918
540040;292862;22;False;male;8;False;True;171313;5682
540041;292862;22;True;male;3;False;False;171314;17013
541080;293476;26;True;female;3;True;True;171637;906
541081;293476;27;False;female;8;True;True;171638;1227
541302;293600;84;False;male;7;True;False;171709;2576
545646;295849;37;True;male;3;True;True;173092;610
545647;295849;32;True;male;4;True;False;173093;1276
546569;296342;64;True;male;6;True;False;173397;2780
546570;296342;66;False;female;7;True;False;173398;1596
546626;296371;23;True;male;5;False;False;173418;1936
546627;296371;22;True;female;4;True;True;173419;2137
548326;297346;28;True;male;3;True;True;173932;8801
548327;297346;27;True;male;3;True;True;173933;1163
551076;298880;21;False;male;8;True;True;174824;5475
552877;299812;45;True;female;3;True;False;175404;2382
554327;300593;27;False;female;8;False;True;175891;771
554395;300627;51;True;male;5;True;True;175914;1925
555924;301431;81;False;male;7;True;True;176397;4338
555925;301431;77;False;female;7;True;False;176398;4404
557716;302445;69;False;male;7;True;True;176987;846
559327;303360;9;False;female;8;False;False;177526;11149
559328;303360;42;True;male;2;True;True;177527;8367
560310;303889;38;True;female;4;True;True;177830;15183
560311;303889;5;False;male;8;False;False;177831;16337
560312;303889;9;False;male;8;False;False;177832;3437
560313;303889;5;False;female;8;False;False;177833;3369
560314;303889;59;False;female;8;True;False;177834;3259
561209;304445;71;False;female;7;True;True;178127;1111
562109;304920;41;True;female;5;False;True;178399;2077
562478;305098;49;True;male;4;True;False;178506;13992
562479;305098;51;True;female;3;True;True;178507;2202
562480;305098;82;False;female;7;False;True;178508;1362
562481;305098;81;False;male;7;True;False;178509;4178
562599;305151;64;False;female;7;False;False;178547;477
562600;305151;21;True;female;5;False;True;178548;10909
566404;307261;63;False;female;7;True;True;179763;1920
566405;307261;21;True;male;5;True;False;179764;3469
566964;307542;71;True;male;2;True;False;179934;5887
566965;307542;62;True;female;4;True;False;179935;163
568205;308193;69;False;female;7;True;True;180325;1415
569228;308788;12;False;male;8;False;False;180648;6908
569229;308788;19;False;female;8;False;True;180649;2216
569230;308788;15;False;male;8;False;False;180650;4096
569231;308788;40;True;female;6;False;True;180651;563
569232;308788;21;True;male;5;False;False;180652;4725
569233;308788;1;False;male;8;False;False;180653;6994
569350;308874;77;False;male;7;True;False;180693;4098
569475;308955;70;False;male;7;True;True;180738;994
569954;309222;24;True;male;3;False;False;180882;8625
569955;309222;25;True;male;3;False;False;180883;1236
572181;310443;65;False;female;7;False;False;181589;1971
574435;311704;37;True;male;3;True;True;182303;2192
574436;311704;32;False;female;8;True;False;182304;3210
574437;311704;1;False;male;8;False;False;182305;3508
575657;312358;26;True;female;4;True;True;182694;11499
585357;317501;35;True;female;4;False;True;185797;1119
585696;317674;33;True;female;3;True;True;185893;1095
586593;318169;72;False;male;7;True;False;186196;505
586657;318209;22;True;female;5;True;True;186215;11386
590802;320492;28;True;female;3;False;True;187532;17803
590803;320492;34;True;male;4;True;True;187533;4212
601703;326414;53;True;female;4;True;False;190934;804
603078;327178;30;True;male;3;True;True;191357;1100
603716;327561;33;True;male;5;True;True;191562;1956
603717;327561;32;True;female;3;True;True;191563;1095
604489;327957;31;False;male;8;True;True;191799;670
604490;327957;69;False;male;7;True;True;191800;1937
608297;329992;55;True;female;5;True;False;193021;1263
608871;330310;27;False;male;8;True;False;193199;1864
610146;331038;25;True;female;3;False;True;193608;16837
611735;331963;69;False;male;7;True;True;194109;1337
612203;332216;20;False;male;8;False;True;194254;2228
612204;332216;55;True;female;4;True;True;194255;1401
612205;332216;26;True;male;3;True;True;194256;8540
612980;332638;82;False;male;7;True;False;194478;7773
612981;332638;78;False;female;7;True;False;194479;14547
613081;332693;67;False;female;7;False;True;194516;2461
613834;333106;21;False;male;8;False;True;194778;11496
613865;333117;27;True;female;3;True;True;194783;1143
613866;333117;26;True;male;4;True;False;194784;748
618873;335778;3;False;male;8;False;True;196393;1292
618874;335778;42;False;female;8;False;False;196394;3748
618875;335778;41;True;male;3;True;True;196395;649
620010;336410;65;False;male;7;False;False;196768;1027
620011;336410;60;False;female;8;True;True;196769;1991
622301;337661;29;True;female;5;False;True;197476;2899
622302;337661;24;False;male;8;True;True;197477;854
622800;337935;31;True;male;3;True;True;197626;653
623790;338510;70;False;female;7;True;False;197935;1260
623791;338510;69;False;male;7;True;False;197936;1515
625897;339598;23;False;male;8;False;True;198592;15076
635980;345084;24;False;male;8;True;True;201812;5475
635981;345084;57;False;female;8;True;True;201813;2453
639604;347062;29;True;female;4;False;False;202961;10862
643983;349411;38;True;male;3;True;True;204346;2443
645616;350293;65;False;male;8;False;False;204871;7959
645637;350302;65;True;female;3;True;True;204877;1323
648803;352029;60;False;female;7;True;True;205917;1563
648804;352029;69;False;male;7;True;True;205918;2102
651522;353516;69;False;female;7;True;False;206800;2378
652990;354346;56;True;male;3;True;True;207309;17089
653318;354521;26;False;female;8;True;True;207408;2463
654334;355120;61;True;male;5;False;False;207751;468
654362;355137;32;True;female;2;True;False;207762;738
654820;355399;46;True;female;3;False;True;207924;2150
656424;356318;29;False;male;8;True;False;208449;8046
656425;356318;29;True;female;3;False;True;208450;4155
658025;357187;29;True;female;3;True;True;208959;906
658026;357187;29;True;male;3;True;True;208960;5855
658660;357503;29;True;male;3;True;False;209165;2110
658661;357503;29;True;female;3;False;True;209166;1007
660736;358612;5;False;female;8;False;True;209833;11128
660737;358612;8;False;female;8;False;False;209834;7484
660738;358612;10;False;female;8;False;False;209835;6657
660739;358612;34;True;female;5;False;True;209836;2234
660828;358664;60;True;male;5;True;False;209867;6808
660829;358664;14;False;female;8;False;True;209868;17704
660830;358664;16;False;male;8;False;False;209869;11713
660831;358664;43;True;female;3;True;False;209870;8749
660874;358690;37;True;female;3;True;True;209881;962
660875;358690;42;True;male;3;True;True;209882;653
666026;361396;30;True;female;5;False;True;211510;1909
666027;361396;30;True;female;4;True;False;211511;1229
668596;362852;74;False;male;7;True;True;212338;2497
668920;363033;54;True;male;5;True;True;212441;4455
668921;363033;85;False;female;7;False;False;212442;15895
669720;363446;24;True;female;6;False;False;212692;10806
670020;363610;60;False;female;8;True;False;212785;546
670021;363610;64;True;male;3;True;False;212786;7688
670022;363610;30;False;female;8;True;False;212787;10078
670274;363747;36;True;male;3;True;True;212864;882
670275;363747;33;True;female;4;False;False;212865;1008
678257;368106;24;False;female;8;False;False;215414;2131
678301;368138;81;False;male;7;True;False;215432;2117
678302;368138;78;False;female;7;True;True;215433;1482
680633;369473;31;True;male;3;True;True;216198;684
682500;370517;34;True;female;4;True;True;216798;1308
682501;370517;45;True;male;5;True;False;216799;8410
684903;371829;46;True;female;2;True;False;217532;11154
686309;372605;44;True;male;3;True;True;217956;2192
686310;372605;54;True;female;3;True;False;217957;1572
688346;373742;63;True;male;6;True;False;218621;6884
688347;373742;20;True;male;5;False;False;218622;4725
688348;373742;18;False;male;8;False;True;218623;14128
688349;373742;56;False;female;8;False;False;218624;2012
694351;377197;32;True;female;4;True;True;220569;1308
694352;377197;65;False;female;7;False;True;220570;802
696222;378274;49;True;female;4;True;True;221195;1848
696223;378274;15;False;female;8;False;True;221196;4766
699033;379712;64;False;male;8;True;True;222085;8134
699034;379712;24;False;female;8;True;True;222086;1227
700007;380260;57;False;female;8;True;False;222401;11735
700008;380260;83;False;male;7;True;False;222402;1561
700009;380260;52;True;male;6;True;False;222403;17189
702354;381536;8;False;female;8;False;True;223113;1544
702355;381536;41;True;male;3;True;False;223114;1994
702356;381536;39;True;female;3;True;False;223115;17354
702357;381536;4;False;male;8;False;False;223116;5068
706254;383651;61;True;female;5;True;True;224326;567
706255;383651;62;True;male;6;True;True;224327;4902
708048;384648;37;True;male;3;True;True;224887;1941
709055;385201;38;True;female;4;True;True;225227;4788
709056;385201;43;True;male;3;True;True;225228;882
709336;385349;29;True;female;4;True;True;225300;1319
709396;385387;57;True;male;3;True;False;225322;673
709397;385387;59;True;female;5;True;True;225323;7147
710219;385849;24;True;female;4;True;True;225579;640
710735;386151;35;False;female;8;True;True;225733;1083
710736;386151;7;False;female;8;False;False;225734;7484
716411;389247;68;False;male;7;True;False;227498;1581
716412;389247;64;True;female;3;True;False;227499;319
716413;389247;32;True;female;6;True;False;227500;7644
719735;391071;31;True;female;5;False;True;228558;1874
720473;391436;31;True;male;3;True;True;228773;2431
722548;392569;28;True;male;5;False;True;229440;6868
722549;392569;28;True;female;4;True;True;229441;2097
724923;393907;49;True;male;4;True;True;230233;2118
724924;393907;49;False;female;8;False;True;230234;2167
725533;394237;51;True;male;3;True;True;230424;946
725534;394237;16;False;female;8;False;True;230425;4855
725535;394237;11;False;female;8;False;False;230426;8446
725536;394237;51;True;female;3;True;False;230427;1572
726139;394559;65;False;male;8;True;True;230613;7468
729043;396122;65;False;female;7;False;True;231501;1682
729552;396397;57;True;male;3;True;False;231648;1852
729553;396397;19;False;female;8;True;True;231649;2587
729554;396397;52;True;female;3;True;False;231650;1572
729555;396397;23;True;male;5;False;True;231651;2940
732302;397936;70;True;female;3;True;True;232538;512
733365;398523;33;True;female;6;True;False;232868;15236
733366;398523;3;False;female;8;False;False;232869;13281
733367;398523;28;True;male;6;True;False;232870;6364
733368;398523;6;False;female;8;False;False;232871;3234
733369;398523;59;True;female;5;False;False;232872;4394
735510;399719;38;True;male;3;True;True;233569;1185
735852;399916;26;False;female;8;True;False;233675;826
740267;402258;25;True;female;3;False;True;235104;4155
740268;402258;26;True;female;3;True;True;235105;2037
741146;402721;27;False;female;8;False;False;235382;2131
741147;402721;42;True;male;5;True;True;235383;2138
741535;402938;62;True;female;4;False;True;235505;14940
741684;403007;31;False;female;8;True;True;235544;1442
741685;403007;30;False;male;8;True;True;235545;17823
741846;403084;89;False;male;7;True;False;235596;1538
742195;403260;71;False;male;7;True;False;235697;1568
742196;403260;68;False;female;7;True;True;235698;1297
744560;404517;80;False;female;7;False;False;236462;14523
744566;404521;24;False;male;8;False;False;236463;5208
744567;404521;24;False;female;8;True;True;236464;780
746363;405537;27;True;female;3;False;True;237017;4155
746364;405537;29;True;female;3;True;True;237018;1143
746488;405603;24;True;female;4;True;True;237062;1485
748059;406417;59;True;male;5;True;True;237572;2264
748427;406619;23;False;female;8;True;True;237681;2426
748724;406760;49;True;male;2;True;False;237765;5390
748725;406760;38;True;male;3;True;True;237766;662
748767;406786;23;True;female;3;False;True;237779;668
748866;406831;33;True;female;3;True;True;237808;1095
757956;411747;23;True;female;3;False;True;240633;7471
758186;411869;22;False;female;8;False;True;240695;723
759575;412675;29;True;male;3;False;True;241146;2339
759576;412675;30;True;male;4;True;True;241147;2506
760859;413326;38;True;female;5;True;True;241534;2219
761459;413631;18;False;female;8;True;True;241723;1203
761566;413702;87;False;female;7;False;True;241754;1023
763811;414887;83;False;male;7;True;True;242490;445
763812;414887;33;False;male;8;True;True;242491;2036
763813;414887;59;False;female;8;False;False;242492;16303
765048;415541;39;False;male;8;True;False;242893;2947
765049;415541;36;True;female;3;True;True;242894;387
765050;415541;5;False;male;8;False;False;242895;6457
766229;416213;3;False;male;8;False;False;243263;2248
766230;416213;39;True;female;3;True;True;243264;962
766231;416213;6;False;female;8;False;False;243265;15171
766232;416213;47;True;male;4;True;True;243266;6616
768317;417287;37;True;male;3;True;True;243927;649
768318;417287;3;False;male;8;False;True;243928;8054
769445;417932;26;True;female;5;True;False;244291;16809
770667;418601;52;True;female;3;True;True;244695;584
770668;418601;53;True;male;4;True;False;244696;3640
771832;419289;42;True;female;2;True;False;245069;11331
775329;421222;27;True;male;3;False;False;246145;1052
775330;421222;25;True;male;4;False;False;246146;1052
778609;423020;25;True;female;3;True;True;247264;822
780009;423775;42;True;female;3;False;True;247701;2291
780733;424102;82;False;female;8;False;False;247925;1792
780734;424102;90;False;male;7;True;True;247926;6355
782362;424943;71;False;female;7;True;True;248459;512
789615;428815;23;True;female;5;False;True;250766;2709
789616;428815;26;True;male;3;True;True;250767;1237
789876;428964;50;True;female;3;True;False;250858;435
789877;428964;53;True;male;4;True;True;250859;5485
791470;429846;28;True;female;4;True;True;251356;15129
793542;430969;56;True;female;5;False;True;251985;1540
797298;433023;48;True;female;3;True;True;253157;2453
798254;433543;65;True;male;3;True;False;253468;14447
798255;433543;57;False;female;8;True;True;253469;4446
798761;433870;37;True;female;3;True;True;253639;1442
798777;433880;28;True;male;3;False;False;253649;1818
798778;433880;35;True;male;3;True;True;253650;2386
800273;434710;25;True;male;3;True;True;254151;8540
800274;434710;56;True;female;4;True;True;254152;2711
800275;434710;55;True;male;4;True;True;254153;1403
800276;434710;26;True;female;3;True;False;254154;10938
800673;434917;90;False;female;7;True;False;254275;558
801211;435200;40;True;female;5;True;True;254451;1663
804120;436749;58;True;male;3;True;True;255347;890
804121;436749;24;False;male;8;False;False;255348;16841
804122;436749;58;False;female;8;False;False;255349;6941
809858;439876;37;True;male;4;True;True;257172;670
809859;439876;31;True;female;4;True;True;257173;2094
810206;440075;31;True;male;3;True;False;257294;451
812718;441450;78;False;female;7;False;True;258100;1423
813765;442064;61;True;female;3;True;False;258440;10719
814349;442437;28;True;male;4;True;True;258624;5817
815719;443136;15;False;female;8;True;True;259044;1282
815720;443136;58;True;female;3;False;True;259045;2150
815721;443136;60;True;male;3;True;True;259046;7784
822018;446547;50;True;male;3;True;False;261006;673
822019;446547;15;False;female;8;False;False;261007;4294
822020;446547;50;True;female;3;True;True;261008;848
824309;447786;61;False;male;8;False;True;261713;6697
824310;447786;32;False;female;8;False;True;261714;6430
824311;447786;4;False;male;8;False;False;261715;7320
824312;447786;6;False;female;8;False;False;261716;7399
824557;447918;66;True;female;3;False;True;261798;14940
825431;448373;22;True;female;3;False;True;262070;4155
829201;450372;67;True;female;4;False;True;263256;2345
831415;451563;59;True;male;4;True;False;263964;17525
833454;452769;21;False;male;8;True;True;264613;1750
833956;453014;25;True;male;3;True;False;264767;8046
833957;453014;25;True;female;4;True;True;264768;6723
834245;453180;39;False;female;8;True;False;264849;4885
835268;453699;32;True;male;3;True;True;265178;2361
837957;455191;26;True;female;4;True;True;266015;5180
843236;458091;66;False;female;7;False;False;267693;1971
846044;459595;56;True;male;3;True;True;268569;440
853398;463589;52;False;male;8;False;True;270885;5038
853972;463928;18;False;female;8;True;True;271080;2982
853973;463928;49;True;female;3;True;True;271081;1348
853974;463928;50;True;male;3;True;False;271082;2114
854510;464199;86;False;female;7;True;True;271247;1463
858488;466386;1;False;male;8;False;False;272525;4982
858489;466386;34;True;female;3;True;True;272526;1975
860590;467580;21;False;female;8;True;True;273206;1655
861167;467903;40;True;female;2;True;False;273371;4360
863344;469044;29;True;female;3;False;True;274036;4155
863345;469044;30;True;male;3;True;True;274037;514
864436;469595;57;True;female;4;True;True;274363;2347
867235;471079;85;False;male;7;True;True;275224;5131
867236;471079;77;False;female;7;True;True;275225;307
869700;472458;31;True;female;3;True;True;276037;1016
869861;472550;3;False;female;8;False;False;276084;1410
869862;472550;6;False;female;8;False;False;276085;633
869863;472550;37;True;male;3;False;True;276086;2030
869864;472550;36;False;female;8;True;True;276087;1308
877706;476928;83;False;male;7;True;False;278599;1538
878052;477110;53;True;female;3;False;True;278695;2150
878053;477110;55;True;male;3;True;True;278696;1770
879231;477759;53;True;male;4;True;False;279083;10864
883270;479868;86;False;female;7;False;True;280364;2084
886059;481411;14;False;male;8;False;False;281253;4024
886060;481411;11;False;male;8;False;True;281254;5428
886061;481411;51;True;female;3;True;True;281255;1934
888596;482811;76;False;male;7;True;True;282048;445
891157;484094;29;False;female;8;False;True;282847;2216
896358;486969;82;False;female;7;True;True;284475;1304
897015;487339;53;True;male;3;False;False;284674;1812
897016;487339;20;False;male;8;True;True;284675;8195
897017;487339;46;True;female;3;True;True;284676;1118
897018;487339;18;False;male;8;True;True;284677;8195
897496;487598;29;False;female;8;False;True;284830;1127
904904;491698;82;False;female;7;True;False;287190;5161
906293;492440;40;False;male;8;True;False;287624;6848
907026;492847;73;False;male;7;True;False;287866;1306
907042;492863;95;False;female;7;False;True;287872;1023
908817;493861;2;False;male;8;False;False;288468;2141
908818;493861;35;True;male;4;True;False;288469;2490
908819;493861;32;True;female;5;False;True;288470;2379
909581;494323;20;False;female;8;True;True;288730;2074
910696;494929;61;False;female;8;True;False;289085;2083
912470;495846;11;False;male;8;False;False;289619;5757
912471;495846;37;True;female;4;True;False;289620;1399
913361;496322;32;False;male;8;True;True;289921;684
913987;496657;25;True;male;3;True;True;290124;5855
914649;496999;77;False;female;7;False;False;290339;7019
914650;496999;81;False;male;7;True;False;290340;4671
915535;497439;49;True;male;3;True;True;290601;870
915536;497439;13;False;female;8;False;False;290602;7484
915537;497439;9;False;female;8;False;False;290603;15171
915538;497439;44;True;female;3;True;True;290604;1112
915539;497439;16;False;female;8;False;True;290605;771
917566;498489;26;True;male;3;True;True;291235;15937
917567;498489;60;True;male;3;True;False;291236;3842
917568;498489;54;True;female;3;True;True;291237;1674
918596;499051;22;True;female;3;False;True;291555;4155
919183;499394;69;False;male;7;True;True;291762;2102
921410;500637;37;True;female;4;True;True;292460;2165
921411;500637;46;True;male;3;True;True;292461;1770
921412;500637;77;False;female;7;False;True;292462;1019
922387;501153;10;False;male;8;False;False;292771;188
922388;501153;17;False;male;8;False;True;292772;9193
922389;501153;41;True;female;4;True;True;292773;6396
923128;501533;22;False;female;8;False;True;292991;2216
926628;503489;76;False;female;7;True;False;294101;5221
926629;503489;88;False;male;7;True;True;294102;4073
928147;504274;5;False;male;8;False;False;294575;16346
928148;504274;19;False;male;8;True;True;294576;15101
928149;504274;14;False;male;8;False;False;294577;680
928150;504274;48;True;female;2;True;True;294578;1109
928151;504274;50;True;male;4;True;False;294579;14540
931147;505897;59;True;male;3;True;True;295501;2473
931148;505897;54;True;male;3;True;True;295502;6903
931462;506089;10;False;male;8;False;False;295608;6346
931463;506089;19;False;female;8;False;True;295609;2079
931464;506089;49;True;male;3;True;False;295610;6866
931465;506089;47;True;female;4;True;False;295611;837
931708;506207;17;False;female;8;False;True;295691;2216
931709;506207;49;True;male;5;True;True;295692;6658
931710;506207;46;False;female;8;True;True;295693;2199
934994;508013;46;True;male;5;True;True;296735;1925
934995;508013;43;True;male;5;True;True;296736;13984
937785;509517;28;False;male;8;False;False;297618;16841
937786;509517;24;False;male;8;True;True;297619;10038
937787;509517;66;True;male;3;True;False;297620;1234
937788;509517;67;False;female;7;True;True;297621;1641
938902;510106;91;False;male;8;True;False;297959;4057
938903;510106;89;False;female;8;False;False;297960;17334
941918;511744;41;True;male;3;True;True;298939;2371
941919;511744;33;True;female;4;True;True;298940;2094
944616;513252;47;True;female;3;True;True;299814;1109
944617;513252;14;False;male;8;False;False;299815;273
944618;513252;54;False;male;7;True;False;299816;16278
944886;513413;61;False;male;8;True;False;299899;696
945079;513526;71;False;male;7;True;True;299965;2102
945080;513526;66;False;female;7;False;False;299966;525
947266;514722;78;False;female;7;True;False;300655;558
947267;514722;82;False;male;7;False;False;300656;731
947573;514884;23;True;male;3;False;True;300764;6751
951390;517089;39;True;female;5;False;True;301929;17887
951391;517089;64;True;male;2;True;True;301930;574
956205;519730;18;False;male;8;False;False;303480;4096
956206;519730;65;True;female;3;True;True;303481;6862
958704;521077;36;True;male;4;True;False;304244;5304
958705;521077;28;False;female;8;True;False;304245;7424
960919;522292;85;False;female;7;False;True;304919;1625
967326;525914;66;False;female;7;False;False;306968;1188
968260;526416;51;False;male;8;True;True;307282;2529
968808;526669;30;True;male;4;True;False;307445;4638
973680;529460;53;True;male;6;True;True;309045;4812
973681;529460;10;False;male;8;False;False;309046;16905
973682;529460;51;True;female;5;True;False;309047;11731
975251;530287;24;False;female;8;True;True;309528;1434
976638;531027;42;True;female;4;True;True;309981;8755
976639;531027;11;False;male;8;False;False;309982;16262
976640;531027;18;False;female;8;False;True;309983;11702
977497;531496;61;True;male;3;True;False;310276;2299
977621;531555;44;True;male;3;True;True;310317;1339
977622;531555;42;False;female;8;True;True;310318;907
982420;534227;89;False;male;7;True;True;311895;1302
984672;535395;1;False;female;8;False;False;312605;3424
984673;535395;35;True;male;4;True;False;312606;3605
984674;535395;4;False;male;8;False;False;312607;10424
984675;535395;8;False;male;8;False;False;312608;11280
984676;535395;35;True;female;4;True;True;312609;16276
986799;536549;34;True;male;3;True;False;313248;687
986800;536549;32;True;male;3;True;True;313249;662
987906;537205;39;True;female;2;False;False;313578;3137
987945;537228;42;True;male;3;True;True;313595;1670
987946;537228;4;False;male;8;False;False;313596;5835
987947;537228;44;True;female;3;True;True;313597;1442
988704;537601;82;False;female;7;False;False;313834;18079
990148;538426;58;True;female;5;False;True;314306;2167
990149;538426;24;True;male;4;True;True;314307;2031
992349;539599;20;False;male;8;False;True;315019;7792
992350;539599;52;True;female;3;True;False;315020;1572
992351;539599;16;False;male;8;True;True;315021;11461
993022;539998;34;True;male;3;True;False;315233;1477
993023;539998;28;True;female;3;False;True;315234;4155
995198;541134;54;True;male;3;True;True;315927;946
995199;541134;18;False;male;8;False;True;315928;2228
995200;541134;53;True;female;3;True;True;315929;1348
995201;541134;24;True;female;3;True;False;315930;4299
995202;541134;21;False;female;8;False;False;315931;4294
995330;541211;44;True;male;5;True;False;315977;1025
996074;541672;54;True;female;3;False;False;316215;2280
997174;542245;29;True;male;3;True;False;316559;1063
997322;542340;74;False;female;7;False;False;316605;477
1000542;544034;23;True;female;5;False;True;317592;8217
1000543;544034;24;True;female;4;True;True;317593;4927
1001077;544357;40;True;male;4;True;True;317758;1004
1003473;545659;71;True;female;6;True;True;318554;976
1004947;546484;22;True;female;3;True;True;319009;906
1005893;547027;39;False;female;8;True;True;319331;907
1006003;547099;44;True;male;5;False;True;319365;7096
1006042;547126;43;True;male;3;True;True;319376;1670
1006907;547612;84;False;male;7;True;False;319641;2117
1006927;547625;11;False;female;8;False;False;319646;15171
1006928;547625;37;True;male;5;False;False;319647;3474
1006929;547625;43;True;female;6;False;True;319648;16998
1008949;548755;13;False;male;8;False;False;320291;1803
1008950;548755;34;True;male;4;False;False;320292;431
1010236;549452;48;True;male;4;False;False;320686;14125
1010237;549452;49;True;female;4;True;True;320687;14098
1010238;549452;15;False;male;8;False;False;320688;6350
1010239;549452;17;False;female;8;False;True;320689;723
1014192;551624;71;False;male;7;True;False;321939;1515
1014299;551675;27;True;female;4;False;True;321971;11123
1014300;551675;45;True;female;3;True;True;321972;1065
1015527;552332;35;True;male;3;False;True;322348;1204
1015528;552332;30;True;male;4;True;True;322349;432
1015529;552332;29;False;female;8;True;True;322350;780
1016950;553064;52;True;female;3;True;True;322806;2453
1017393;553303;40;False;male;8;True;False;322951;757
1017394;553303;9;False;female;8;False;True;322952;6013
1018870;554139;57;True;male;3;True;True;323409;2188
1018871;554139;58;True;female;3;True;True;323410;1592
1018872;554139;25;True;female;4;True;False;323411;2550
1018873;554139;21;False;female;8;False;False;323412;11556
1020198;554870;2;False;male;8;False;False;323838;7320
1020199;554870;35;True;male;3;True;True;323839;676
1020200;554870;33;True;female;3;False;True;323840;2459
1020748;555193;25;True;male;3;True;False;324014;8046
1020749;555193;25;True;male;2;False;True;324015;17403
1020750;555193;25;True;female;3;True;True;324016;1900
1021154;555394;59;False;female;8;True;False;324147;4269
1024287;557093;28;True;female;3;True;True;325179;1274
1024840;557405;33;True;female;3;False;True;325370;1380
1024841;557405;67;True;female;4;False;True;325371;7872
1025138;557558;63;False;male;7;True;True;325468;1209
1026482;558272;30;True;female;3;True;True;325864;1975
1031495;561051;29;True;male;3;False;True;327408;6868
1031496;561051;28;True;female;3;True;True;327409;2037
1031509;561061;33;True;female;3;True;True;327415;6069
1031510;561061;33;True;male;3;True;True;327416;718
1031511;561061;1;False;female;8;False;False;327417;5055
1033139;561968;65;False;female;7;True;True;327893;1415
1034990;562997;6;False;male;8;False;False;328502;11349
1034991;562997;57;False;female;8;True;False;328503;804
1042763;567207;79;False;male;7;True;True;331020;6355
1043310;567489;46;True;female;3;True;True;331193;1934
1043311;567489;10;False;male;8;False;False;331194;1740
1043312;567489;46;True;male;3;True;False;331195;1363
1043562;567642;29;True;male;3;True;True;331269;416
1045444;568616;31;True;female;3;True;True;331870;1442
1045445;568616;32;True;male;3;True;True;331871;653
1048534;570293;49;True;male;3;True;False;332830;7141
1051243;571702;47;True;female;4;False;True;333697;2536
1051705;571986;31;True;male;3;False;True;333841;1204
1051706;571986;29;True;female;3;False;True;333842;641
1053349;572863;60;True;female;3;False;True;334394;7570
1054307;573361;25;False;male;8;False;False;334705;1726
1056261;574416;74;False;female;7;True;True;335326;512
1058610;575707;23;True;female;5;False;True;336061;14084
1060854;576911;26;False;female;8;True;True;336803;1434
1060855;576911;26;False;male;8;True;False;336804;1864
1063683;578514;36;True;female;2;True;False;337715;1399
1063684;578514;36;True;female;2;False;True;337716;16998
1064159;578807;53;True;female;5;False;True;337876;2167
1064160;578807;60;True;male;3;False;True;337877;7905
1064161;578807;20;False;female;8;True;True;337878;1780
1064555;579000;26;True;male;3;False;True;338004;2405
1064556;579000;26;True;female;3;False;True;338005;4155
1065165;579340;75;False;female;7;False;False;338186;2255
1065592;579577;24;True;male;5;False;True;338333;6751
1065905;579734;43;True;female;3;True;False;338443;3114
1067670;580648;35;True;female;3;True;False;338980;470
1067671;580648;33;True;male;3;True;False;338981;687
1067672;580648;3;False;male;8;False;False;338982;4934
1068896;581347;34;True;male;5;False;True;339388;4608
1069820;581865;39;True;female;3;True;True;339702;7782
1069821;581865;39;False;male;8;True;False;339703;6349
1069822;581865;7;False;male;8;False;True;339704;3577
1069823;581865;3;False;female;8;False;False;339705;8783
1071245;582650;33;False;female;8;False;False;340122;3748
1071246;582650;44;True;male;4;True;False;340123;4638
1071247;582650;7;False;female;8;False;False;340124;1410
1071296;582685;72;False;male;7;False;True;340139;1413
1071297;582685;72;False;female;7;True;False;340140;424
1071582;582844;68;False;male;7;True;False;340226;1568
1071583;582844;68;True;female;4;True;True;340227;16833
1071613;582868;58;True;female;5;True;False;340237;1437
1071614;582868;60;True;male;6;True;True;340238;2598
1071615;582868;20;False;male;8;True;True;340239;754
1073635;583994;60;True;male;4;True;True;340857;8134
1075993;585210;36;True;male;2;True;False;341602;14724
1075994;585210;65;False;male;7;True;False;341603;682
1076935;585673;25;True;female;3;False;True;341903;4155
1081424;588041;42;True;male;3;True;False;343321;1863
1083913;589433;76;False;female;7;False;True;344121;1023
1086633;590868;37;True;female;6;False;True;345041;7396
1086634;590868;65;True;female;6;False;False;345042;4975
1086946;591042;54;True;male;4;True;False;345144;6171
1087621;591396;72;False;male;7;True;True;345376;2362
1088930;592043;94;True;male;3;False;False;345783;731
1090932;593139;26;False;female;8;True;True;346423;1203
1093839;594668;53;True;female;3;True;False;347354;745
1096265;596049;73;False;female;7;False;True;348147;1682
1096266;596049;85;False;male;7;True;False;348148;1538
1096267;596049;47;True;female;6;False;True;348149;4531
1097655;596836;91;False;female;7;True;False;348590;1856
1098534;597333;75;False;male;7;True;False;348874;7756
1098535;597333;79;False;female;7;True;False;348875;6212
1100438;598344;33;True;female;3;True;True;349476;1112
1100439;598344;30;True;male;3;True;True;349477;2443
1101113;598714;59;False;female;8;False;False;349690;6351
1103109;599833;36;True;male;3;True;False;350337;2090
1108323;602677;58;False;female;8;True;False;351960;17842
1108324;602677;57;True;male;3;True;True;351961;2318
1109838;603478;63;False;female;7;True;False;352435;546
1111307;604296;80;False;male;7;True;False;352903;14378
1111950;604619;28;True;female;3;True;True;353096;2373
1111951;604619;33;True;male;3;True;True;353097;1670
1112318;604817;24;True;female;3;False;True;353205;4155
1114007;605764;7;False;male;8;False;False;353741;6337
1114008;605764;55;False;female;8;True;False;353742;7870
1114181;605859;34;True;male;5;True;True;353795;1956
1114182;605859;32;True;female;5;True;True;353796;1663
1114183;605859;34;True;male;3;True;False;353797;2090
1115082;606380;29;False;female;8;False;True;354103;1614
1115083;606380;31;False;male;8;True;True;354104;7659
1115084;606380;64;False;male;7;True;True;354105;1937
1115085;606380;66;False;female;7;True;True;354106;512
1115645;606681;68;False;female;7;True;True;354282;1680
1117476;607708;32;True;male;3;True;False;354855;1834
1117952;607948;86;False;female;7;False;False;355013;2046
1119768;608911;13;False;male;8;False;False;355560;7642
1119769;608911;59;False;male;8;True;False;355561;8034
1119770;608911;45;True;female;3;True;False;355562;474
1120945;609583;30;True;male;3;True;True;355931;1891
1120946;609583;25;True;female;3;True;True;355932;822
1123984;611143;24;True;female;4;False;True;356891;2086
1129172;613901;39;False;female;8;False;True;358504;11222
1133081;616055;69;False;female;7;True;False;359748;989
1133911;616479;35;True;male;2;True;False;360026;2947
1135849;617480;80;False;female;7;True;False;360643;14832
1135850;617480;76;False;male;7;True;False;360644;17
1135965;617534;18;False;female;8;False;False;360677;4294
1135966;617534;56;True;female;3;True;True;360678;1348
1135967;617534;21;False;female;8;False;False;360679;10484
1138818;619100;26;True;female;3;False;True;361593;4155
1139196;619320;1;False;female;8;False;False;361723;3369
1139197;619320;32;True;male;3;True;False;361724;2250
1139198;619320;31;True;female;3;True;True;361725;17069
1141803;620724;46;False;female;8;True;False;362548;11590
1141804;620724;15;False;female;8;True;False;362549;1711
1141805;620724;17;False;female;8;False;False;362550;8526
1142899;621304;10;False;male;8;False;False;362885;10912
1142900;621304;16;False;female;8;False;False;362886;7326
1142901;621304;49;True;female;5;True;True;362887;11525
1142902;621304;13;False;male;8;False;False;362888;5170
1142903;621304;5;False;male;8;False;False;362889;5170
1142904;621304;52;True;male;5;True;False;362890;7241
1143377;621535;45;True;female;4;True;True;363032;1088
1143967;621883;38;True;male;5;True;False;363230;18061
1146005;622984;90;False;female;7;False;False;363851;1170
1146646;623302;59;True;female;5;True;True;364062;11728
1147177;623598;47;True;male;3;True;False;364223;6222
1150248;625250;83;False;male;7;True;False;365219;11793
1150249;625250;69;False;female;7;True;False;365220;1631
1151513;625911;25;False;male;8;False;True;365627;2223
1151514;625911;54;False;female;8;True;True;365628;2453
1151724;626018;25;False;male;8;False;True;365690;5565
1151725;626018;26;False;female;8;True;True;365691;1780
1151756;626044;22;False;male;8;False;False;365701;4096
1153437;626956;41;True;male;3;True;True;366246;1891
1153713;627097;78;False;male;7;True;False;366331;490
1155205;627954;21;False;female;8;True;True;366832;2982
1155206;627954;53;True;female;3;True;False;366833;2423
1155207;627954;54;True;male;3;True;False;366834;781
1155323;628016;25;True;female;3;True;False;366869;6303
1161141;631133;27;True;female;3;True;True;368768;908
1161762;631461;50;True;female;3;False;True;368976;2185
1162917;632107;52;True;female;5;True;False;369347;10830
1162918;632107;64;False;male;7;True;False;369348;1992
1163475;632463;70;False;female;7;False;True;369523;2461
1164884;633217;47;True;male;3;True;True;369930;5485
1164885;633217;2;False;female;8;False;False;369931;15171
1164886;633217;41;True;female;3;True;True;369932;832
1164887;633217;9;False;female;8;False;False;369933;10410
1165172;633354;35;True;male;5;True;True;370034;1956
1170094;636071;33;True;male;2;True;False;371591;15954
1175337;639022;27;True;female;4;True;True;373285;14234
1175338;639022;25;False;female;8;False;True;373286;6513
1177164;639968;20;True;male;3;True;False;373878;2110
1177678;640245;77;False;female;7;True;True;374044;1482
1178169;640523;29;True;female;3;False;True;374221;752
1179566;641236;71;False;female;7;True;False;374653;1443
1185144;644247;14;False;female;8;False;False;376445;7484
1185145;644247;51;True;female;3;True;True;376446;1586
1185288;644329;37;True;male;2;True;False;376494;7229
1185289;644329;29;False;female;8;False;True;376495;17874
1186287;644912;55;True;female;4;False;False;376778;2012
1186340;644939;38;True;male;3;True;True;376792;1100
1186341;644939;30;True;female;3;True;False;376793;1366
1187330;645478;75;False;male;7;True;False;377118;1538
1187695;645698;86;False;male;7;False;False;377248;13567
1194172;649151;29;False;female;8;False;False;379300;11556
1194173;649151;6;False;female;8;False;True;379301;3268
1194174;649151;3;False;male;8;False;False;379302;14697
1194175;649151;38;True;male;6;True;True;379303;14936
1201415;653079;12;False;female;8;False;False;381604;1827
1201416;653079;46;True;female;3;True;True;381605;848
1201417;653079;15;False;male;8;False;False;381606;1810
1201418;653079;51;True;male;3;False;False;381607;1812
1203753;654359;76;False;male;7;False;True;382393;7513
1204027;654495;43;True;male;3;True;True;382470;2348
1206435;655836;58;False;female;8;True;False;383257;17493
1206436;655836;59;True;male;3;True;True;383258;2188
1207323;656348;29;True;male;4;True;True;383542;5817
1207675;656517;31;True;male;3;True;True;383649;662
1208715;657075;61;False;female;8;True;False;383971;5571
1208716;657075;61;True;male;3;True;True;383972;2633
1212806;659232;23;False;male;8;False;False;385265;4096
1212807;659232;24;False;female;8;False;True;385266;1939
1216004;660910;26;True;male;4;True;False;386274;7252
1219522;662772;22;False;female;8;True;True;387428;1203
1222537;664501;67;False;female;7;True;True;388390;1648
1226813;666720;47;True;female;3;True;True;389731;1070
1229660;668288;87;False;female;7;False;False;390639;1170
1231486;669281;33;True;male;3;True;True;391210;1891
1231487;669281;44;True;male;3;True;True;391211;2361
1231914;669511;40;True;female;4;True;True;391333;2094
1232540;669826;17;False;female;8;True;True;391530;751
1232541;669826;20;False;female;8;False;True;391531;2358
1233390;670319;50;True;female;5;False;False;391822;555
1234240;670742;8;False;male;8;False;True;392083;1292
1234241;670742;5;False;male;8;False;False;392084;7395
1234242;670742;40;True;male;3;True;True;392085;2371
1234243;670742;38;True;female;3;False;True;392086;2291
1236426;671954;32;True;male;5;True;False;392754;6093
1236869;672194;56;True;male;5;False;True;392890;8371
1238204;672997;73;False;male;7;True;True;393336;1937
1239037;673469;30;False;female;8;True;False;393602;18200
1244763;676642;86;False;female;7;False;True;395449;1345
1246272;677494;41;True;male;3;True;True;395926;1941
1246273;677494;35;True;female;3;True;True;395927;1442
1246816;677800;83;False;male;7;True;False;396085;4178
1246817;677800;81;False;female;7;False;False;396086;2255
1246860;677821;32;True;female;3;True;False;396097;738
1246968;677898;35;True;male;4;True;False;396137;931
1250317;679741;81;False;female;7;False;False;397164;1757
1250318;679741;86;False;male;7;True;False;397165;1538
1250319;679741;44;True;male;5;True;False;397166;929
1251936;680589;27;True;female;3;True;True;397677;764
1253458;681530;37;True;female;3;False;True;398151;2291
1254017;681856;31;False;male;8;False;False;398327;11485
1254018;681856;24;True;female;5;False;True;398328;8765
1254829;682286;60;True;female;3;True;True;398587;1916
1254995;682387;23;True;male;4;False;True;398640;7736
1255203;682489;63;True;female;4;False;True;398700;5096
1255204;682489;70;False;male;7;True;True;398701;2104
1255205;682489;26;True;female;5;False;False;398702;11136
1255215;682496;29;True;female;4;True;True;398706;2207
1255745;682793;19;False;male;8;True;True;398878;8195
1255746;682793;49;True;female;3;True;False;398879;745
1255747;682793;22;False;female;8;False;True;398880;6513
1255748;682793;50;True;male;3;True;True;398881;2318
1256669;683296;28;True;female;4;True;False;399165;3026
1256670;683296;30;True;male;2;True;False;399166;15961
1257707;683855;57;True;female;3;True;True;399480;1586
1258308;684181;66;False;female;7;True;True;399676;1641
1258309;684181;72;False;male;7;True;False;399677;682
1259440;684777;68;False;female;7;False;True;400046;2265
1259910;685022;63;True;male;3;True;False;400203;4955
1259911;685022;47;True;female;3;True;True;400204;1017
1259912;685022;6;False;female;8;False;False;400205;14391
1261766;686060;29;True;female;3;False;True;400806;14542
1261767;686060;30;True;male;3;True;True;400807;653
1261894;686108;57;False;male;8;True;True;400845;2693
1261895;686108;55;True;female;3;True;False;400846;745
1261896;686108;25;False;male;8;False;True;400847;11524
1261897;686108;23;False;male;8;False;False;400848;7010
1262130;686246;42;True;male;5;True;True;400930;6972
1262131;686246;47;False;female;8;True;False;400931;14907
1264796;687773;46;True;male;6;True;False;401761;14343
1264797;687773;34;True;female;5;False;False;401762;1794
1276289;693983;26;False;female;8;True;True;405477;2074
1277739;694723;69;False;male;7;True;False;405944;1306
1277740;694723;67;False;female;7;True;False;405945;2478
1280604;696293;33;True;female;3;True;True;406848;1975
1280605;696293;33;True;male;3;True;True;406849;1670
1282105;697133;4;False;male;8;False;False;407320;10950
1282106;697133;44;True;male;3;True;False;407321;1255
1282107;697133;9;False;male;8;False;False;407322;7908
1282108;697133;44;False;female;8;True;False;407323;2687
1282194;697190;54;True;female;4;True;True;407353;4402
1282195;697190;24;False;male;8;False;False;407354;4096
1282196;697190;24;False;male;8;False;True;407355;2224
1283674;697918;74;False;male;7;False;False;407804;468
1283675;697918;69;False;female;7;False;True;407805;1666
1284533;698395;25;True;female;3;True;False;408075;4299
1286773;699686;28;True;female;3;False;True;408763;4155
1286774;699686;28;True;female;3;True;True;408764;820
1286807;699697;7;False;male;8;False;False;408767;8081
1286808;699697;12;False;female;8;False;False;408768;14607
1286809;699697;44;False;female;8;True;True;408769;995
1286810;699697;5;False;female;8;False;False;408770;633
1286811;699697;9;False;male;8;False;False;408771;17606
1286812;699697;47;True;male;3;False;True;408772;7101
1287101;699856;26;False;female;8;False;False;408860;4294
1287102;699856;23;False;female;8;False;False;408861;1948
1287103;699856;55;True;male;4;True;False;408862;366
1287104;699856;50;False;female;8;True;False;408863;10313
1287914;700275;27;True;male;3;True;True;409140;1967
1291895;702396;24;True;female;5;True;True;410372;17719
1291896;702396;18;False;male;8;True;True;410373;5475
1291897;702396;53;False;female;8;True;True;410374;1586
1296279;704787;9;False;male;8;False;False;411726;5708
1296280;704787;5;False;male;8;False;False;411727;4982
1296281;704787;12;False;male;8;False;False;411728;6628
1296282;704787;38;True;female;4;True;True;411729;1336
1297116;705235;52;True;female;3;True;False;411998;472
1297117;705235;11;False;male;8;False;False;411999;2248
1298692;706099;23;True;female;5;True;True;412485;4276
1298693;706099;90;False;female;7;True;True;412486;667
1304289;709163;21;False;female;8;True;True;414250;2143
1306121;710142;19;False;female;8;True;True;414838;6119
1306122;710142;54;False;female;8;True;False;414839;8489
1306123;710142;53;True;male;3;True;True;414840;946
1308979;711607;76;False;female;7;True;True;415723;895
1309964;712138;29;True;female;3;True;True;416045;1274
1315352;715082;26;True;female;3;True;True;417734;908
1315353;715082;26;True;male;3;False;True;417735;849
1315730;715249;27;True;female;3;False;True;417848;7471
1316734;715820;64;True;female;3;True;False;418164;9957
1316735;715820;75;False;male;7;True;False;418165;17584
1317062;716008;65;True;male;5;True;True;418264;7272
1317063;716008;61;True;female;4;True;False;418265;2804
1318729;716920;28;True;female;3;False;True;418772;641
1318730;716920;29;True;male;3;False;True;418773;15076
1319322;717243;43;True;male;4;True;True;418945;2032
1322737;719026;54;True;female;3;True;False;420026;1572
1322738;719026;23;False;female;8;False;False;420027;15182
1322739;719026;16;False;male;8;False;True;420028;8070
1322740;719026;55;True;male;3;True;False;420029;1668
1322741;719026;26;True;male;3;True;False;420030;3631
1324013;719802;31;True;female;4;False;False;420418;1008
1327369;721544;25;False;female;8;False;False;421474;1875
1329043;722459;19;False;female;8;True;True;422021;780
1329175;722542;48;False;female;8;False;False;422065;8607
1331798;723967;9;False;male;8;False;False;422928;10912
1331799;723967;56;True;female;2;False;True;422929;1843
1331800;723967;54;True;female;2;True;True;422930;3938
1331801;723967;9;False;male;8;False;False;422931;16337
1332890;724580;2;False;female;8;False;False;423289;6747
1332891;724580;8;False;male;8;False;False;423290;8127
1332892;724580;12;False;female;8;False;False;423291;7484
1332893;724580;5;False;female;8;False;False;423292;13742
1332894;724580;35;False;female;8;True;True;423293;17193
1335487;726013;50;True;male;3;False;True;424114;7012
1335937;726265;24;True;female;3;True;True;424272;822
1335938;726265;31;True;male;4;False;True;424273;14491
1337182;726964;62;True;female;3;False;True;424641;2005
1337291;727019;56;True;female;5;False;True;424674;1807
1337292;727019;70;False;male;7;False;True;424675;1413
1337293;727019;24;False;male;8;False;True;424676;1578
1337462;727115;26;True;female;5;False;True;424724;8806
1337463;727115;32;True;male;3;False;True;424725;1204
1338067;727440;24;False;male;8;False;True;424936;5529
1338068;727440;22;False;female;8;True;True;424937;744
1339358;728074;79;False;male;7;True;True;425329;800
1343420;730255;61;True;male;5;False;False;426584;13977
1343421;730255;67;False;female;8;False;False;426585;10226
1344276;730709;74;False;male;7;True;False;426857;652
1344635;730934;44;True;female;4;True;False;426975;1399
1346815;732155;77;False;female;7;True;False;427683;7967
1346816;732155;71;False;male;7;True;False;427684;1713
1347365;732460;30;True;female;3;True;False;427850;1366
1349319;733547;28;True;male;3;False;False;428478;5058
1349320;733547;28;True;female;3;False;True;428479;668
1350646;734322;70;True;female;3;True;False;428905;3177
1353562;735934;60;False;female;8;False;True;429834;1289
1355092;736745;47;True;female;3;False;True;430289;2185
1357880;738250;50;True;male;3;True;True;431199;5485
1358352;738524;88;False;female;7;False;True;431356;940
1361605;740298;67;False;female;7;False;False;432383;477
1366924;743191;65;False;female;7;True;True;434087;1563
1366925;743191;34;False;female;8;False;False;434088;1794
1366926;743191;69;False;male;7;True;True;434089;994
1367123;743325;30;True;female;3;True;True;434150;1685
1370652;745322;7;False;male;8;False;False;435235;8515
1370653;745322;7;False;male;8;False;False;435236;680
1370654;745322;46;True;male;3;True;False;435237;1013
1370655;745322;11;False;male;8;False;False;435238;6457
1370656;745322;44;False;female;8;True;False;435239;15084
1374460;747305;43;True;male;3;True;True;436467;1416
1374461;747305;37;True;female;3;True;True;436468;818
1377058;748703;6;False;female;8;False;True;437268;1457
1377059;748703;9;False;male;8;False;False;437269;14813
1377060;748703;42;True;female;4;False;True;437270;14782
1377061;748703;51;True;male;3;True;False;437271;1363
1378015;749196;50;False;male;8;True;False;437574;3662
1378016;749196;56;True;female;5;True;False;437575;1460
1379998;750198;87;False;female;7;True;True;438191;1165
1379999;750198;90;False;male;7;True;True;438192;800
1380904;750674;23;False;female;8;False;False;438473;11556
1381321;750935;18;False;female;8;False;False;438604;4294
1381322;750935;51;True;female;3;True;False;438605;1086
1381323;750935;59;True;male;3;True;True;438606;946
1381324;750935;21;False;female;8;False;True;438607;8450
1382958;751800;74;False;female;8;True;False;439157;14717
1382959;751800;77;True;male;6;True;True;439158;7971
1383479;752098;29;False;female;8;True;True;439311;751
1385655;753311;31;True;male;4;False;False;440038;2033
1389415;755396;71;False;male;8;False;False;441180;5278
1389416;755396;50;True;female;4;True;False;441181;2302
1391524;756518;72;False;female;7;True;False;441854;1048
1393601;757718;41;True;female;3;True;True;442516;14088
1394714;758322;50;True;female;5;True;False;442868;8018
1394715;758322;15;False;male;8;False;False;442869;3069
1394716;758322;49;True;male;2;True;False;442870;8775
1394717;758322;12;False;female;8;False;False;442871;17080
1398011;760110;66;False;male;7;True;False;443907;1713
1398899;760608;71;False;male;7;False;False;444201;1027
1399631;761003;56;True;male;2;True;True;444429;4984
1399632;761003;45;True;female;5;False;True;444430;2167
1399633;761003;14;False;female;8;False;False;444431;633
1399634;761003;20;False;male;8;True;True;444432;854
1401178;761820;75;False;female;7;False;False;444912;10979
1403792;763240;6;False;male;8;False;False;445724;16905
1403793;763240;3;False;male;8;False;False;445725;7820
1403794;763240;30;False;female;8;True;False;445726;1649
1403795;763240;31;True;male;2;True;False;445727;1637
1404759;763731;62;False;male;7;True;True;446025;2102
1406632;764726;42;True;male;3;True;True;446616;1003
1406633;764726;43;True;female;3;True;False;446617;1366
1407971;765444;63;True;male;4;True;True;447045;8830
1411387;767133;44;False;male;8;True;False;448060;16983
1413103;768092;68;True;male;3;True;False;448626;4459
1413104;768092;61;True;female;3;True;False;448627;2870
1414282;768731;22;False;male;8;False;True;449013;1578
1414978;769103;48;True;male;3;True;True;449223;946
1414979;769103;10;False;male;8;False;False;449224;10424
1414980;769103;47;True;female;3;True;True;449225;1674
1414981;769103;13;False;female;8;False;False;449226;4202
1414982;769103;16;False;female;8;False;True;449227;4467
1416543;770009;44;True;female;3;True;True;449713;2682
1416544;770009;49;True;male;3;True;True;449714;2256
1416545;770009;13;False;male;8;False;True;449715;8597
1416546;770009;13;False;female;8;False;True;449716;8739
1416988;770264;59;True;male;3;True;True;449854;1770
1417771;770713;77;False;female;7;True;True;450092;943
1420722;772328;43;False;male;8;True;True;451028;1003
1420723;772328;46;True;female;3;True;True;451029;2453
1420724;772328;3;False;female;8;False;True;451030;6013
1420725;772328;10;False;female;8;False;False;451031;13742
1422480;773281;10;False;male;8;False;True;451575;2516
1422481;773281;12;False;female;8;False;False;451576;14962
1422482;773281;57;True;male;3;True;True;451577;946
1422483;773281;52;True;female;3;True;True;451578;584
1423675;773969;56;False;male;8;False;True;451961;6399
1424199;774269;68;False;female;7;True;False;452123;1154
1424200;774269;77;False;male;7;True;False;452124;7773
1429531;777160;74;False;male;7;True;True;453789;1676
1433827;779501;34;True;female;3;True;True;455166;1112
1440219;783092;69;False;female;7;True;True;457166;1648
1440220;783092;71;False;male;7;True;False;457167;1992
1440884;783491;30;True;male;3;True;True;457381;653
1445506;786048;28;True;male;3;True;True;458851;1148
1446887;786814;30;True;male;4;True;False;459287;16983
1448033;787460;28;True;female;5;True;False;459655;2840
1448034;787460;62;False;male;7;True;True;459656;1161
1448035;787460;60;True;female;3;True;False;459657;4352
1450615;788862;22;False;female;8;True;True;460461;2143
1453314;790372;89;False;female;7;False;False;461304;2973
1453315;790372;91;False;male;7;True;False;461305;10329
1455657;791636;7;False;male;8;False;False;462090;6715
1455658;791636;37;True;female;5;False;True;462091;1909
1455659;791636;9;False;male;8;False;False;462092;11349
1455660;791636;63;False;female;8;True;False;462093;14563
1457793;792791;27;True;male;3;True;True;462769;5516
1460003;794005;19;False;male;8;False;False;463479;5208
1462809;795476;5;False;male;8;False;False;464351;6628
1462810;795476;38;True;female;3;True;False;464352;738
1462811;795476;5;False;male;8;False;False;464353;16940
1462812;795476;41;True;male;3;True;True;464354;1670
1463139;795663;29;False;female;8;False;False;464457;1875
1463244;795720;31;False;female;8;True;False;464484;4408
1463245;795720;9;False;female;8;False;False;464485;10337
1463246;795720;1;False;male;8;False;False;464486;7990
1463247;795720;35;True;male;5;True;False;464487;7295
1463248;795720;4;False;female;8;False;False;464488;6406
1467513;798000;32;True;male;2;True;False;465857;4045
1468263;798408;53;True;male;3;True;True;466101;946
1468264;798408;13;False;male;8;False;False;466102;273
1468265;798408;49;True;female;3;True;False;466103;2423
1468266;798408;18;False;male;8;True;False;466104;1790
1470432;799591;34;True;male;6;True;False;466814;11518
1471346;800115;25;True;female;5;True;True;467104;896
1472625;800782;29;True;male;2;False;True;467512;6600
1472626;800782;30;False;female;8;True;True;467513;907
1474382;801744;46;True;male;3;False;False;468063;5713
1474383;801744;7;False;male;8;False;False;468064;7395
1474384;801744;11;False;male;8;False;False;468065;2141
1477986;803677;82;False;female;7;False;True;469221;1962
1486375;808338;30;True;female;5;True;False;471911;460
1487993;809182;23;True;male;4;True;True;472418;982
1487994;809182;22;True;female;4;False;False;472419;10862
1491281;810935;45;False;male;8;True;False;473471;6900
1491282;810935;20;False;male;8;True;False;473472;11162
1491283;810935;43;True;female;4;True;True;473473;1083
1492595;811649;54;True;female;5;False;True;473908;1807
1493494;812126;41;True;male;3;True;True;474174;653
1493626;812211;28;True;female;3;False;True;474216;4155
1493722;812268;81;False;female;7;False;True;474253;1962
1497524;814396;80;False;female;7;False;False;475443;14523
1497525;814396;82;False;male;7;True;False;475444;16288
1503441;817646;57;True;female;3;True;True;477320;955
1505183;818667;76;False;female;7;True;True;477892;1296
1507130;819746;68;False;male;7;True;True;478509;2102
1507227;819811;27;False;female;8;True;True;478536;787
1515890;824644;58;True;male;3;True;True;481299;2330
1518031;825860;76;False;female;7;True;False;482025;1467
1519108;826491;28;True;female;4;True;True;482361;6723
1519264;826555;89;False;female;7;False;True;482406;4358
1520547;827243;20;True;female;6;False;True;482836;8676
1520548;827243;22;True;male;3;False;True;482837;7836
1520549;827243;45;True;female;5;False;True;482838;2167
1520550;827243;59;True;male;5;True;False;482839;8034
1520551;827243;18;False;male;8;False;True;482840;5682
1521986;828040;77;False;male;7;True;False;483279;5272
1521987;828040;72;False;female;7;True;True;483280;926
1523809;829080;59;True;male;4;False;False;483875;11492
1525425;829963;30;True;male;6;False;True;484389;14085
1525426;829963;33;True;female;4;True;True;484390;840
1526273;830470;26;True;female;3;True;True;484675;2037
1526274;830470;31;True;male;4;False;True;484676;6981
1526650;830668;67;True;male;3;True;True;484801;1305
1527072;830964;79;False;female;7;True;False;484943;9879
1527362;831123;71;False;female;8;False;False;485027;7333
1527363;831123;68;True;male;3;True;True;485028;14315
1529062;832073;78;False;female;7;True;False;485537;1343
1530806;833007;57;True;male;3;False;True;486074;7101
1530808;833009;57;True;male;3;True;True;486074;8438
1532302;833830;75;False;female;7;True;False;486555;14411
1532303;833830;77;False;male;7;True;False;486556;3987
1534455;834999;38;False;male;8;True;True;487265;2386
1536406;836082;21;False;female;8;True;True;487915;1655
1536941;836392;59;True;female;4;True;False;488092;837
1537990;836909;28;True;female;3;False;True;488399;4155
1537991;836909;30;True;male;3;True;False;488400;2090
1541052;838642;71;False;male;7;False;False;489369;2231
1541053;838642;69;False;female;7;False;False;489370;1031
1543621;839977;6;False;male;8;False;True;490172;3577
1543622;839977;41;True;male;3;True;False;490173;1834
1543623;839977;40;True;female;3;True;False;490174;5377
1543624;839977;2;False;female;8;False;False;490175;3424
1544358;840415;59;True;male;4;True;True;490412;2473
1548105;842527;54;True;male;2;False;True;491622;7462
1548708;842890;70;False;male;7;True;False;491825;1581
1550964;844159;19;False;female;8;True;True;492545;1282
1550965;844159;17;False;male;8;False;True;492546;15076
1550966;844159;59;False;female;8;True;True;492547;1586
1554943;846213;46;True;male;5;True;True;493798;10083
1555158;846331;43;True;female;3;True;False;493862;10605
1555159;846331;1;False;female;8;False;True;493863;7341
1555160;846331;61;True;male;3;True;False;493864;1234
1557318;847438;48;True;female;3;True;True;494553;755
1558506;848031;60;True;female;4;False;True;494901;5182
1558993;848306;35;True;female;3;True;True;495063;1016
1561939;849902;24;False;female;8;True;True;495962;1434
1562307;850127;48;True;female;3;True;True;496077;941
1564995;851540;60;False;male;8;True;True;496925;2102
1566335;852303;44;True;male;3;True;True;497334;610
1566336;852303;1;False;female;8;False;True;497335;6013
1566337;852303;32;False;female;8;True;True;497336;1308
1567667;852966;36;True;female;3;True;True;497734;832
1569631;853970;16;False;female;8;False;True;498366;711
1569632;853970;45;False;male;8;True;False;498367;13992
1571205;854833;30;True;female;3;True;True;498858;708
1572480;855499;49;True;male;6;True;True;499286;5485
1572626;855584;33;True;female;4;True;True;499337;1336
1572627;855584;33;True;male;3;True;False;499338;1354
1572861;855726;44;True;female;5;True;False;499410;639
1572862;855726;13;False;male;8;False;True;499411;8054
1572973;855791;5;False;male;8;False;False;499440;1803
1572974;855791;8;False;male;8;False;True;499441;5841
1572975;855791;42;True;male;3;True;True;499442;653
1572976;855791;42;True;female;3;True;True;499443;1016
1573041;855816;26;True;male;3;True;True;499457;4477
1573042;855816;25;False;female;8;True;True;499458;841
1574030;856351;53;True;female;3;True;False;499777;745
1574031;856351;17;False;female;8;False;False;499778;15031
1574032;856351;59;True;male;4;True;False;499779;366
1574033;856352;53;True;female;3;True;True;499777;1979
1574034;856352;17;False;female;8;False;True;499778;4467
1574035;856352;59;True;male;4;True;False;499779;17439
1575212;857001;52;True;female;5;False;True;500164;438
1575213;857001;23;True;male;5;True;False;500165;6909
1575214;857001;53;False;male;8;True;True;500166;14105
1577181;858063;45;True;male;3;False;True;500793;4591
1577373;858179;33;True;female;3;True;True;500848;1112
1578025;858526;54;True;male;3;False;False;501056;2320
1578026;858526;52;False;female;8;True;False;501057;7051
1578027;858526;18;False;female;8;False;True;501058;2080
1582624;860995;57;False;female;8;False;False;502504;16303
1584785;862212;6;False;female;8;False;False;503170;14607
1584786;862212;49;True;female;3;False;True;503171;2185
1584787;862212;6;False;male;8;False;False;503172;4934
1584788;862212;81;False;female;7;True;False;503173;538
1585093;862386;38;True;female;3;True;True;503271;2254
1588250;864081;25;True;male;6;True;True;504258;681
1588555;864266;9;False;female;8;False;False;504363;7399
1588556;864266;46;False;female;8;False;True;504364;2221
1588557;864266;51;True;male;3;True;True;504365;1104
1593426;866884;94;False;female;7;False;False;505902;1202
1593670;867016;38;True;male;4;False;False;505981;2033
1594592;867509;37;True;female;3;True;True;506260;508
1595266;867873;41;True;female;5;False;True;506471;712
1596009;868257;52;True;female;5;False;True;506704;2116
1597554;869091;43;True;female;3;True;True;507199;1442
1599943;870386;63;True;female;2;False;False;507975;2262
1601718;871357;65;False;female;7;False;False;508523;714
1607471;874445;26;True;female;3;False;True;510362;14542
1610447;876079;59;False;female;8;False;True;511347;3764
1610448;876079;27;False;male;8;True;True;511348;2458
1610449;876079;58;True;male;3;False;True;511349;5038
1611582;876704;30;True;female;3;True;True;511727;1112
1613255;877664;25;False;male;8;True;True;512235;1750
1615466;878839;64;True;female;3;False;False;512915;7333
1617501;879980;53;True;male;3;True;True;513578;946
1617773;880126;26;True;female;3;False;True;513658;668
1618338;880394;25;False;male;8;False;False;513826;16841
1618339;880394;17;False;male;8;True;False;513827;6700
1618340;880394;23;False;male;8;False;True;513828;3428
1618341;880394;58;True;male;3;True;True;513829;946
1618342;880394;55;False;female;8;True;False;513830;1820
1618490;880461;33;True;female;3;False;True;513877;2459
1618491;880461;32;True;male;3;True;True;513878;1339
1618745;880598;55;True;female;4;False;True;513959;2487
1621195;881929;60;False;male;8;False;False;514714;15067
1621196;881929;24;False;male;8;False;True;514715;5104
1621197;881929;56;False;female;8;False;True;514716;4531
1621198;881929;21;False;male;8;True;True;514717;17469
1621199;881929;20;False;male;8;False;False;514718;13360
1621200;881929;16;False;male;8;False;True;514719;6101
1623528;883176;1;False;male;8;False;True;515461;8054
1623529;883176;49;True;male;6;True;False;515462;5704
1623530;883176;37;True;female;5;False;True;515463;1874
1626289;884704;75;False;female;7;False;False;516356;930
1628606;886029;6;False;male;8;False;False;517086;6592
1628607;886029;47;True;male;3;True;False;517087;2484
1628608;886029;38;True;female;3;True;False;517088;5250
1631956;887836;26;True;male;3;False;False;518165;4096
1631957;887836;26;True;male;5;False;False;518166;1936
1636442;890217;83;False;female;7;True;False;519535;1343
1638184;891164;69;False;female;7;False;False;520099;1031
1638185;891164;72;False;male;7;True;False;520100;1324
1638776;891503;21;False;male;8;False;True;520281;15076
1643798;894276;21;True;male;3;False;True;521942;18196
1643799;894276;22;True;male;5;False;False;521943;4725
1644711;894765;3;False;male;8;False;False;522217;8515
1644712;894765;37;True;male;6;True;True;522218;2337
1645164;895032;32;True;male;3;True;False;522372;1994
1645165;895032;28;True;female;3;True;True;522373;14965
1645891;895386;74;False;female;7;True;False;522597;701
1647102;896099;69;False;female;7;False;False;522964;1876
1647906;896560;21;False;male;8;False;True;523204;3428
1647907;896560;17;False;female;8;False;True;523205;3040
1647908;896560;13;False;male;8;False;False;523206;1740
1649398;897380;47;True;male;3;True;False;523679;4972
1652379;898966;28;True;male;6;True;True;524652;665
1654428;900060;10;False;female;8;False;True;525318;1457
1654429;900060;4;False;female;8;False;False;525319;3549
1654430;900060;43;True;female;3;True;False;525320;1265
1654431;900060;1;False;male;8;False;False;525321;15837
1654432;900060;9;False;male;8;False;False;525322;4949
1654433;900060;7;False;female;8;False;True;525323;1447
1654434;900060;43;True;male;3;True;True;525324;2441
1657353;901638;17;False;male;8;False;False;526230;8715
1657354;901638;44;True;female;5;True;False;526231;17293
1657355;901638;9;False;female;8;False;False;526232;8132
1657994;901981;25;False;male;8;False;False;526428;1238
1657995;901981;24;False;female;8;False;True;526429;4895
1660462;903335;40;True;female;3;True;False;527245;4158
1660463;903335;7;False;female;8;False;True;527246;1457
1660464;903335;48;False;male;8;True;False;527247;4125
1660465;903335;6;False;female;8;False;False;527248;13312
1660807;903510;90;False;female;7;True;False;527355;1343
1666035;906343;80;False;male;8;True;False;529015;11129
1666802;906752;40;True;female;4;False;True;529268;1119
1667010;906867;87;False;female;8;True;True;529325;1347
1667011;906867;57;False;male;8;True;False;529326;5893
1667012;906867;47;False;male;8;True;False;529327;4548
1669498;908152;31;True;male;3;False;True;530096;1204
1670858;908884;31;True;male;3;False;True;530510;2030
1670859;908884;28;True;female;3;True;True;530511;8804
1671222;909096;78;False;male;7;True;True;530649;1393
1674125;910640;20;False;female;8;True;True;531544;1203
1675578;911422;89;False;female;7;False;True;532040;1023
1675835;911551;20;False;female;8;False;False;532123;4294
1675836;911551;48;True;male;2;True;False;532124;7655
1677117;912240;27;True;male;3;True;True;532504;728
1677118;912240;27;True;female;3;False;True;532505;14542
1677238;912303;49;True;female;4;True;True;532536;14333
1677239;912303;28;True;female;5;True;True;532537;6449
1677240;912303;2;False;male;8;False;False;532538;3508
1680611;914178;30;True;male;3;True;True;533657;610
1680612;914178;29;True;male;3;False;True;533658;5682
1681889;914847;64;True;female;3;False;True;534084;8098
1684040;916012;37;True;male;3;True;True;534733;653
1688387;918376;57;True;male;3;True;False;536055;781
1688388;918376;15;False;female;8;True;True;536056;6119
1688389;918376;54;True;female;3;True;True;536057;1674
1688468;918423;37;False;male;8;True;True;536081;2123
1688615;918515;40;True;male;5;False;True;536121;4081
1688616;918515;14;False;female;8;False;False;536122;4545
1688617;918515;41;True;female;5;True;False;536123;639
1688618;918515;8;False;female;8;False;False;536124;633
1688973;918693;62;True;male;3;True;False;536221;4459
1689602;919066;33;True;female;3;True;False;536411;486
1689963;919273;78;False;female;7;True;False;536528;7330
1689964;919273;75;False;male;7;True;False;536529;1678
1694874;921897;24;False;female;8;True;True;538075;1203
1694875;921897;61;False;female;8;False;True;538076;2461
1694876;921897;33;True;male;3;True;True;538077;1416
1695293;922137;68;False;female;7;True;True;538211;2418
1695294;922137;69;False;male;7;True;False;538212;1360
1696128;922594;9;False;female;8;False;False;538479;16893
1696129;922594;51;True;male;3;True;True;538480;2256
1696130;922594;44;True;female;6;True;False;538481;1649
1696587;922841;81;False;female;7;True;False;538609;1343
1697077;923101;53;False;male;8;True;False;538755;6853
1697078;923101;14;False;female;8;False;True;538756;17704
1697079;923101;42;False;female;8;True;True;538757;2101
1697080;923101;16;False;male;8;False;True;538758;6518
1700944;925132;29;True;female;6;False;False;539985;10485
1701656;925507;34;True;male;4;True;False;540201;757
1703786;926655;71;False;male;7;True;False;540866;682
1704015;926777;21;True;male;5;False;False;540938;255
1704016;926777;26;True;female;5;False;True;540939;16295
1704590;927076;31;True;male;3;True;True;541117;649
1704993;927313;29;True;male;4;True;True;541253;4921
1704994;927313;66;False;male;7;False;True;541254;2096
1707187;928565;87;False;female;7;True;False;541924;8386
1707188;928565;56;True;male;3;True;True;541925;946
1707189;928565;21;False;male;8;False;True;541926;3902
1707190;928565;7;False;male;8;False;False;541927;5068
1707191;928565;50;False;female;8;False;False;541928;6678
1708893;929460;67;True;female;3;False;False;542457;1501
1721892;936423;54;True;male;3;True;True;546585;726
1721893;936423;20;False;female;8;False;True;546586;4855
1723704;937422;19;False;female;8;False;True;547161;711
1723732;937434;60;True;female;6;True;False;547169;4352
1723733;937434;20;False;male;8;False;False;547170;8174
1723734;937434;55;True;male;3;True;True;547171;2495
1727905;939742;24;False;female;8;True;True;548470;2074
1727996;939799;33;True;female;4;True;False;548498;11478
1727997;939799;11;False;male;8;False;False;548499;7158
1727998;939799;38;True;male;5;True;False;548500;10668
1728941;940288;65;True;female;3;True;False;548799;3118
1728942;940288;22;False;male;8;True;False;548800;6700
1728943;940288;62;False;male;7;True;False;548801;2008
1728944;940288;25;True;female;2;True;True;548802;6119
1731376;941576;32;True;male;3;True;True;549583;610
1732598;942233;18;False;female;8;True;True;549959;14994
1732599;942233;46;False;female;8;True;False;549960;10313
1732600;942233;11;False;female;8;False;False;549961;3535
1735282;943635;28;True;male;4;True;True;550846;982
1735283;943635;28;True;female;3;False;True;550847;16837
1736721;944375;51;True;female;3;True;True;551282;2453
1739892;946121;78;False;male;7;True;True;552339;445
1739893;946121;71;False;female;7;True;True;552340;2309
1740800;946625;25;True;female;3;True;True;552632;1143
1741312;946913;2;False;male;8;False;False;552799;3727
1741313;946913;33;True;female;3;True;True;552800;14917
1741314;946913;33;True;male;2;True;False;552801;3005
1741315;946913;3;False;female;8;False;False;552802;4444
1741665;947067;31;True;male;5;True;True;552903;7659
1741790;947142;83;False;female;7;False;True;552938;3348
1742560;947551;70;False;female;7;True;False;553189;1631
1742561;947551;73;False;male;7;True;True;553190;1768
1745258;949065;34;True;female;3;False;True;554056;2459
1745839;949382;61;True;female;3;False;False;554248;7930
1745987;949466;25;True;female;4;False;False;554290;4640
1748567;950863;67;False;female;8;True;False;555101;3071
1748568;950863;74;False;male;7;True;False;555102;1360
1751014;952096;69;False;female;8;True;False;555874;9923
1751015;952096;73;False;male;7;True;True;555875;875
1751016;952096;34;False;male;8;True;True;555876;4944
1752636;952990;38;True;male;3;True;True;556384;2448
1754020;953706;61;True;male;3;True;True;556818;8830
1754660;954054;31;True;female;3;True;True;557012;2434
1754661;954054;30;True;male;3;True;True;557013;2448
1755737;954638;28;True;female;4;True;True;557347;1319
1756893;955299;65;False;female;7;True;False;557722;546
1757273;955495;39;False;male;8;True;True;557830;2036
1763987;959041;91;False;female;7;True;True;559893;1463
1764864;959517;46;True;female;3;True;False;560156;1386
1764865;959517;15;False;female;8;False;False;560157;1533
1764866;959517;12;False;male;8;False;True;560158;5428
1764867;959517;58;True;male;3;False;False;560159;1812
1765080;959635;34;True;female;3;True;False;560227;8279
1765081;959635;38;True;male;2;True;False;560228;5850
1765522;959885;84;False;female;7;True;False;560359;1346
1767872;961094;38;True;female;3;True;True;561070;832
1769554;961985;56;True;male;3;True;True;561599;946
1769555;961985;58;True;male;3;True;False;561600;673
1770600;962618;74;False;female;7;False;False;561968;1188
1771770;963226;33;True;female;3;True;True;562319;1442
1771771;963226;37;True;male;4;True;True;562320;2032
1778481;966723;37;True;female;3;True;True;564425;1665
1780063;967622;30;True;male;4;True;False;564950;18047
1780064;967622;30;True;female;4;True;False;564951;13344
1781152;968256;64;True;male;3;True;False;565309;4955
1781153;968256;22;False;male;8;False;False;565310;8715
1781154;968256;63;True;female;3;False;False;565311;357
1783353;969403;25;True;male;3;True;True;566000;2458
1783354;969403;24;False;female;8;True;True;566001;2143
1784527;970058;24;False;female;8;False;True;566381;13347
1784528;970058;21;False;male;8;False;True;566382;7792
1784529;970058;55;True;female;4;True;False;566383;15828
1792965;974606;8;False;female;8;False;False;569067;3424
1792966;974606;8;False;female;8;False;False;569068;8183
1792967;974606;13;False;male;8;False;False;569069;11280
1792968;974606;17;False;male;8;False;True;569070;5292
1792969;974606;20;False;female;8;False;True;569071;11702
1792970;974606;48;True;male;5;True;True;569072;8136
1792971;974606;43;True;female;5;True;False;569073;17556
1792972;974606;11;False;male;8;False;False;569074;7704
1793345;974798;55;True;male;5;True;False;569187;8034
1795210;975859;67;False;male;7;False;False;569796;1027
1795608;976087;28;True;male;3;False;True;569927;849
1797684;977284;83;False;female;7;True;False;570616;4418
1801430;979371;34;True;female;4;True;False;571764;501
1801431;979371;7;False;female;8;False;False;571765;6657
1801432;979371;4;False;male;8;False;False;571766;7395
1802693;980002;22;False;female;8;False;True;572160;2216
1805452;981572;26;True;female;3;True;True;573049;5163
1805453;981572;29;True;male;3;True;True;573050;4921
1805778;981769;23;False;female;8;True;False;573170;826
1806004;981886;55;True;female;5;True;False;573240;1263
1812441;985235;33;True;female;3;False;True;575266;2291
1814711;986510;63;True;female;3;False;False;576023;4975
1818665;988744;55;True;female;4;True;False;577334;804
1818666;988744;42;True;female;3;True;True;577335;818
1818667;988744;2;False;male;8;False;False;577336;5757
1822905;990937;23;True;male;4;True;True;578656;2031
1824744;991914;44;False;male;8;True;True;579236;14625
1825020;992054;23;True;female;5;True;True;579312;896
1826103;992619;43;True;male;3;True;True;579655;1416
1826104;992619;42;True;male;2;False;True;579656;4551
1828786;994033;24;False;male;8;True;False;580487;5778
1828787;994033;57;True;male;3;True;False;580488;673
1828788;994033;26;False;male;8;True;False;580489;4019
1831519;995501;47;True;female;5;False;False;581334;1749
1831520;995501;22;False;female;8;True;True;581335;1227
1831521;995501;16;False;male;8;False;False;581336;13360
1838008;999104;23;True;male;5;False;True;583359;6751
1838009;999104;54;True;female;5;False;True;583360;1807
1839264;999793;50;True;female;3;True;True;583769;1674
1839265;999793;16;False;male;8;False;True;583770;3902
1839266;999793;53;True;male;3;True;False;583771;2042
1843976;1002363;21;False;female;8;False;True;585226;2079
1847439;1004268;37;True;male;3;True;True;586328;1670
1848955;1005103;78;False;male;7;True;True;586830;445
1850482;1005921;49;True;male;3;True;True;587329;2401
1850483;1005921;49;True;female;3;True;True;587330;1348
1851029;1006224;22;True;male;5;False;True;587495;7937
1851109;1006275;29;True;male;3;False;False;587517;4096
1852839;1007265;27;True;male;4;True;False;588057;16530
1854015;1007913;37;True;male;3;True;True;588429;653
1854348;1008097;88;False;female;7;False;False;588529;1170
1856679;1009483;22;True;female;5;False;True;589317;8806
1858751;1010657;27;True;female;3;False;True;589962;752
1859965;1011296;38;True;female;3;True;False;590368;1120
1861106;1011916;7;False;male;8;False;False;590731;2248
1861107;1011916;38;True;female;3;True;False;590732;486
1861108;1011916;4;False;female;8;False;False;590733;7092
1861109;1011916;40;True;male;3;True;True;590734;684
1861200;1011958;36;True;female;3;True;False;590757;470
1861332;1012034;46;False;male;8;True;True;590793;17004
1861333;1012034;10;False;female;8;False;False;590794;14607
1861334;1012034;7;False;female;8;False;False;590795;15171
1861633;1012211;33;True;male;5;True;True;590893;7659
1862006;1012407;30;False;male;8;True;False;591009;16983
1867353;1015350;61;True;male;3;True;False;592701;2415
1867354;1015350;50;True;male;3;True;False;592702;1363
1870326;1017039;78;False;male;7;True;False;593663;8320
1870327;1017039;72;False;female;7;False;True;593664;1289
1871401;1017575;37;True;female;3;True;False;594009;1120
1873996;1018908;84;False;female;7;True;True;594824;1862
1875724;1019834;36;True;male;4;False;True;595383;14491
1876059;1020023;71;False;female;8;True;False;595490;1443
1876060;1020023;74;False;male;7;True;True;595491;2102
1877723;1020959;26;True;female;3;False;True;596026;668
1879640;1021956;32;True;male;3;True;True;596666;653
1880200;1022254;42;False;female;8;True;False;596855;6860
1880201;1022254;6;False;female;8;False;True;596856;11128
1880202;1022254;44;True;male;3;False;True;596857;2030
1882412;1023442;29;True;male;4;True;True;597564;1014
1882823;1023653;23;False;male;8;False;False;597708;4096
1883707;1024071;24;False;female;8;False;True;597946;601
1883708;1024071;21;True;male;5;True;False;597947;2726
1883709;1024071;58;True;male;2;True;False;597948;13568
1883710;1024071;18;False;male;8;False;False;597949;17521
1883711;1024071;52;True;female;4;True;False;597950;5899
1883712;1024071;13;False;female;8;False;False;597951;8783
1884949;1024710;2;False;male;8;False;True;598354;7445
1884950;1024710;35;False;female;8;True;True;598355;832
1887576;1026160;69;True;male;3;True;False;599186;14447
1889698;1027366;71;False;male;7;True;False;599885;1262
1889699;1027366;64;True;female;3;True;False;599886;17051
1892472;1028902;52;True;female;3;True;False;600735;916
1892473;1028902;55;True;male;3;True;True;600736;2495
1892474;1028902;12;False;male;8;False;False;600737;6641
1892475;1028902;15;False;female;8;False;True;600738;601
1894298;1029897;28;False;female;8;False;True;601311;2216
1897285;1031558;60;True;female;3;False;True;602233;5742
1897286;1031558;83;False;female;7;False;True;602234;1019
1897547;1031701;15;False;male;8;True;True;602315;1414
1897548;1031701;58;True;female;3;True;True;602316;2453
1898270;1032128;64;True;female;3;True;False;602561;2885
1900509;1033363;27;True;female;3;True;True;603272;2363
1901054;1033664;33;True;female;4;True;False;603433;501
1901055;1033664;1;False;female;8;False;False;603434;1410
1901056;1033664;4;False;female;8;False;False;603435;633
1901057;1033664;34;True;male;3;True;True;603436;649
1903830;1035247;53;True;male;3;True;True;604315;946
1911326;1039359;35;True;female;4;True;False;606653;17395
1911327;1039359;39;True;male;4;True;False;606654;16272
1911328;1039359;6;False;male;8;False;False;606655;1914
1911470;1039421;21;False;female;8;False;True;606702;1217
1913945;1040716;26;False;female;8;False;True;607506;723
1919271;1043530;34;True;female;3;True;False;609220;1427
1919279;1043538;30;True;male;3;True;True;609222;2443
1919824;1043795;43;True;female;3;True;False;609407;6482
1919825;1043795;48;True;male;3;True;False;609408;1668
1919826;1043795;2;False;female;8;False;False;609409;3549
1925944;1047156;24;False;female;8;True;True;611357;2426
1927038;1047808;28;True;female;3;True;False;611740;15917
1927367;1047973;38;False;male;8;True;True;611847;432
1927368;1047973;46;True;male;4;True;True;611848;4153
1931329;1050096;77;False;female;7;True;False;613099;4391
1931793;1050353;65;True;male;3;False;False;613242;7959
1940641;1055232;46;True;female;3;True;True;616005;755
1943953;1057025;73;False;female;8;True;False;617059;1591
1944589;1057336;24;False;male;8;False;True;617243;8070
1944590;1057336;20;False;male;8;False;True;617244;3428
1944591;1057336;55;True;female;4;True;True;617245;4705
1944592;1057336;62;True;male;3;True;False;617246;14241
1948752;1059586;32;True;male;4;True;False;618571;5304
1948753;1059586;5;False;female;8;False;False;618572;17865
1948754;1059586;55;True;female;4;True;True;618573;8503
1948755;1059586;33;False;female;8;True;False;618574;8246
1948756;1059586;30;False;female;8;True;True;618575;2101
1948757;1059586;58;False;male;8;True;False;618576;4015
1948758;1059586;1;False;female;8;False;False;618577;6558
1948759;1059586;17;False;male;8;False;True;618578;16314
1948760;1059586;3;False;female;8;False;False;618579;5055
1949255;1059888;94;False;female;7;False;True;618759;1423
1949750;1060160;79;False;female;7;False;True;618909;1194
1952970;1061891;31;True;male;2;True;False;619931;2947
1953979;1062451;64;False;male;7;True;True;620264;1305
1957105;1064095;87;False;female;7;True;False;621243;15807
1957108;1064098;67;False;female;7;False;True;621244;2265
1958381;1064795;81;False;female;7;False;True;621661;1959
1958433;1064831;21;False;female;8;False;True;621675;1938
1960007;1065698;63;False;female;8;False;False;622152;5895
1964993;1068527;68;False;male;7;True;False;623817;1324
1964994;1068527;65;False;female;7;True;False;623818;1580
1966121;1069140;12;False;male;8;False;False;624172;2248
1966122;1069140;48;True;male;3;False;True;624173;4825
1966123;1069140;46;True;female;3;True;False;624174;2382
1966124;1069140;15;False;male;8;False;True;624175;6105
1966912;1069580;41;True;male;3;True;False;624414;719
1966913;1069580;37;True;female;3;True;False;624415;913
1966914;1069580;4;False;female;8;False;True;624416;1447
1966915;1069580;7;False;male;8;False;False;624417;17677
1966984;1069618;43;True;male;3;True;True;624433;676
1967296;1069788;71;False;male;7;True;False;624534;475
1967545;1069943;4;False;male;8;False;False;624620;860
1967546;1069943;42;True;female;3;True;False;624621;1366
1967547;1069943;46;True;male;3;False;True;624622;8371
1967548;1069943;9;False;female;8;False;False;624623;1410
1970452;1071558;29;True;female;5;True;False;625520;2136
1971797;1072308;52;True;female;3;True;True;625925;1017
1971798;1072308;60;True;male;3;True;True;625926;14763
1971799;1072308;13;False;female;8;False;False;625927;11775
1971800;1072308;16;False;male;8;True;True;625928;15101
1973857;1073416;69;False;female;7;False;True;626569;2482
1974311;1073688;74;False;female;7;True;False;626718;1153
1974388;1073720;34;True;male;3;True;True;626746;1416
1980075;1076883;35;True;male;3;True;True;628509;653
1984698;1079469;23;False;female;8;True;True;630025;1434
1984707;1079477;72;False;female;7;False;True;630027;2482
1984708;1079477;41;False;female;8;False;True;630028;7138
1986037;1080215;30;True;male;3;True;True;630445;1185
1986038;1080215;29;True;female;3;True;True;630446;1143
1986260;1080347;24;True;female;4;True;True;630512;5180
1987064;1080775;30;True;male;3;True;False;630765;1060
1987065;1080775;5;False;male;8;False;False;630766;16318
1987066;1080775;3;False;male;8;False;False;630767;17677
1987067;1080775;1;False;male;8;False;False;630768;3508
1987068;1080775;31;True;female;3;True;False;630769;17513
1989248;1081929;38;True;female;4;False;True;631460;1119
1989386;1082017;23;True;male;3;True;True;631503;4850
1990074;1082407;22;True;male;5;True;True;631712;7042
1991348;1083103;42;True;male;3;True;True;632106;1185
1991349;1083103;41;True;female;3;True;True;632107;1241
1991350;1083103;14;False;male;8;False;False;632108;6908
1991351;1083103;11;False;female;8;False;False;632109;5849
1991352;1083103;6;False;male;8;False;True;632110;5720
1992290;1083680;31;True;female;3;True;True;632402;1685
1992827;1083989;20;False;female;8;True;True;632562;790
1997792;1086708;81;True;male;3;True;True;634109;1393
1997793;1086708;87;True;female;3;False;False;634110;5599
1998078;1086858;36;True;male;3;True;True;634197;2036
1999153;1087454;31;True;female;4;False;True;634546;1295
1999154;1087454;26;True;female;3;True;True;634547;1369
2000204;1088000;30;True;male;3;True;False;634873;1206
2003502;1089865;36;True;male;3;False;True;635941;2030
2003503;1089865;33;True;female;3;True;True;635942;1442
2005694;1091027;29;True;male;3;False;False;636619;3120
2007118;1091841;33;False;male;8;False;True;637087;2030
2007119;1091841;33;True;female;3;True;True;637088;907
2007341;1091968;47;True;female;3;True;True;637159;1586
2007342;1091968;18;False;female;8;True;True;637160;790
2007343;1091968;9;False;male;8;False;False;637161;8081
2007344;1091968;48;True;male;3;True;False;637162;1668
2007991;1092309;56;True;female;3;True;True;637366;1033
2014414;1095814;29;True;female;4;True;True;639399;5180
2016104;1096768;42;False;female;8;True;True;639940;2254
2018756;1098200;36;True;male;4;True;False;640775;4638
2018865;1098253;63;True;male;5;True;False;640807;13715
2018866;1098253;62;False;female;7;False;True;640808;2461
2019408;1098527;67;True;female;4;False;False;640968;17330
2019409;1098527;31;False;female;8;True;False;640969;11331
2019506;1098592;54;True;male;3;True;True;640996;14976
2019508;1098594;38;False;male;8;True;False;640997;6759
2020263;1099034;36;True;male;3;True;True;641235;653
2020813;1099301;22;True;male;3;False;False;641399;3120
2020858;1099324;11;False;male;8;False;False;641410;1524
2020859;1099324;61;True;male;6;True;False;641411;10532
2020860;1099324;44;True;female;6;True;True;641412;4674
2020861;1099324;18;False;male;8;True;True;641413;2239
2020862;1099324;22;False;female;8;True;True;641414;2587
2020863;1099324;16;False;female;8;False;True;641415;13347
2022297;1100128;25;False;male;8;False;True;641887;17361
2022891;1100499;68;False;male;7;False;True;642097;1413
2023731;1100970;53;True;female;4;False;False;642356;2012
2024668;1101512;52;True;female;3;False;True;642655;2185
2025193;1101805;25;True;female;4;False;True;642815;6762
2025476;1101958;78;False;female;7;True;True;642902;1862
2026605;1102603;29;False;female;8;False;True;643263;1938
2026606;1102603;27;True;male;3;False;True;643264;18196
2027332;1102988;47;True;male;3;True;True;643492;4323
2029071;1104017;35;True;female;3;True;True;644078;1016
2029283;1104139;73;False;male;7;True;True;644148;2102
2035324;1107491;29;False;female;8;False;True;646144;1168
2035509;1107607;87;False;male;7;True;False;646211;1538
2035660;1107680;77;False;male;7;True;False;646258;4178
2035661;1107680;78;False;male;7;True;False;646259;1538
2038826;1109372;27;True;male;3;False;True;647264;15076
2040151;1110097;46;True;male;5;True;False;647704;8457
2040152;1110097;7;False;male;8;False;False;647705;8846
2040153;1110097;46;True;female;5;True;False;647706;4616
2040769;1110446;2;False;male;8;False;False;647900;4934
2040770;1110446;39;True;female;3;True;True;647901;1442
2040771;1110446;39;True;male;3;True;True;647902;2371
2044865;1112604;74;False;female;8;False;True;649194;7662
2045527;1112981;19;False;female;8;False;True;649383;1243
2048951;1114768;45;True;male;3;False;False;650449;17506
2050571;1115657;66;True;female;3;True;False;650941;6598
2052000;1116463;41;True;male;6;True;True;651393;8571
2052001;1116464;41;True;male;6;True;False;651393;14074
2052220;1116614;80;False;female;7;False;False;651476;1170
2052221;1116614;82;False;male;7;True;True;651477;1393
2052222;1116614;31;True;male;2;True;True;651478;1880
2058062;1119658;36;True;female;6;True;False;653338;1427
2065527;1123590;77;False;female;7;True;False;655679;1615
2065552;1123615;25;True;male;3;False;False;655687;13360
2066110;1123937;59;False;male;8;False;False;655884;2320
2066993;1124405;34;False;female;8;False;True;656164;8826
2066994;1124405;1;False;female;8;False;False;656165;4079
2066995;1124405;40;True;male;3;True;True;656166;2192
2067565;1124695;29;False;male;8;False;True;656344;6101
2069119;1125538;33;True;male;3;True;True;656851;2192
2069120;1125538;31;True;female;3;True;False;656852;2
2070572;1126312;68;False;female;7;False;False;657306;525
2072368;1127199;79;False;female;7;True;False;667788;5221
2072369;1127199;81;False;male;7;True;True;667789;5731
2073389;1127631;21;False;female;8;False;True;668091;6837
2075445;1128487;29;True;female;3;False;True;668671;14542
2076516;1128932;39;True;female;4;True;True;668968;8998
2076517;1128932;15;False;female;8;True;True;668969;11161
2076518;1128932;7;False;female;8;False;False;668970;3514
2076519;1128932;42;True;male;4;True;False;668971;15878
2076663;1128994;45;True;male;2;True;False;669012;7558
2076664;1128994;8;False;male;8;False;False;669013;11819
2076665;1128994;3;False;female;8;False;False;669014;3243
2076666;1128994;42;False;female;8;True;False;669015;5628
2076667;1128994;18;False;male;8;False;True;669016;6058
2076668;1128994;14;False;male;8;False;True;669017;10016
2076669;1128994;20;False;female;8;False;True;669018;11203
2078489;1129719;5;False;male;8;False;False;669536;11650
2078490;1129719;39;True;female;5;True;False;669537;8957
2078491;1129719;32;True;male;4;True;True;669538;3166
2078492;1129719;4;False;female;8;False;False;669539;4444
2079580;1130136;27;True;male;3;False;True;669848;6105
2085848;1132794;26;True;female;4;True;False;671677;17213
2092754;1135683;12;False;female;8;False;True;673746;1775
2092755;1135683;14;False;male;8;False;False;673747;10516
2092756;1135683;8;False;male;8;False;False;673748;11650
2092757;1135683;46;True;male;5;True;False;673749;4699
2092758;1135683;37;True;female;3;True;False;673750;9052
2092759;1135683;8;False;male;8;False;False;673751;10950
2097824;1137862;70;False;male;7;True;False;675246;10447
2100882;1139209;75;False;female;7;True;False;676166;4418
2104050;1140510;20;False;female;8;False;False;677078;11556
2104051;1140510;49;True;female;3;True;True;677079;13582
2104052;1140510;17;False;female;8;False;True;677080;10197
2104053;1140510;50;True;male;2;True;False;677081;7968
2104361;1140638;12;False;female;8;False;False;677176;4121
2104362;1140638;9;False;female;8;False;False;677177;9226
2104363;1140638;37;True;female;3;False;True;677178;1093
2104364;1140638;15;False;female;8;False;True;677179;10414
2106683;1141588;79;False;female;7;True;False;677841;14174
2109786;1142858;56;True;female;3;True;False;678759;4938
2109787;1142858;61;True;male;5;True;False;678760;9198
2109788;1142858;22;True;male;4;True;False;678761;4471
2109789;1142858;17;False;female;8;True;False;678762;9912
2112371;1143942;68;False;female;7;True;False;679499;10478
2112562;1144023;32;True;male;3;True;False;679549;5411
2114049;1144637;23;False;male;8;False;True;680002;7280
2114050;1144637;25;False;male;8;False;False;680003;625
2114051;1144637;61;False;female;8;True;False;680004;11812
2114052;1144637;66;False;male;7;True;False;680005;9047
2114683;1144923;71;False;female;7;True;False;680192;10478
2114831;1144978;14;False;male;8;False;False;680238;11819
2114832;1144978;39;False;female;8;True;False;680239;10922
2114833;1144978;9;False;male;8;False;False;680240;10272
2114834;1144978;49;True;male;3;True;True;680241;10712
2120138;1147207;40;True;male;3;True;False;681808;2090
2120149;1147212;38;True;female;4;True;False;681809;11478
2120150;1147212;15;False;male;8;False;True;681810;6736
2120151;1147212;8;False;male;8;False;False;681811;10490
2120152;1147212;69;False;female;7;True;False;681812;11213
2126559;1149762;37;True;male;3;True;False;683669;2510
2126560;1149762;30;True;female;4;True;False;683670;10616
2128475;1150552;46;True;male;4;True;False;684227;2817
2128476;1150552;5;False;female;8;False;False;684228;13399
2128477;1150552;37;False;female;8;True;False;684229;10989
2128478;1150552;7;False;male;8;False;False;684230;10555
2131735;1151831;59;False;male;8;True;False;685450;6213
2131736;1151831;60;True;female;5;False;False;685451;3604
2132394;1152116;37;True;female;5;False;False;685675;11424
2132395;1152116;5;False;female;8;False;False;685676;8240
2132396;1152116;48;True;male;4;False;True;685677;6574
2132397;1152116;17;False;female;8;False;True;685678;10414
2136210;1153675;71;False;female;7;False;False;686865;10226
2136211;1153675;72;False;male;7;True;False;686866;11217
2141523;1155905;81;True;female;5;True;False;688510;5111
2142966;1156545;40;False;male;8;True;False;688969;14724
2142967;1156545;15;False;male;8;True;False;688970;5778
2142968;1156545;10;False;female;8;False;False;688971;4066
2147443;1158487;76;False;male;7;True;False;690425;3585
2147444;1158487;72;False;female;7;True;False;690426;11812
2149177;1159192;51;True;male;6;True;True;690940;5874
2149178;1159192;12;False;female;8;False;False;690941;11775
2149179;1159192;51;False;female;8;True;False;690942;1820
2149180;1159192;19;False;male;8;True;True;690943;15101
2149181;1159192;10;False;male;8;False;False;690944;11507
2152702;1160724;27;True;female;4;True;True;692024;14647
2152703;1160724;30;True;male;6;True;False;692025;3587
2154559;1161510;33;True;male;4;True;True;692651;5460
2155928;1162095;92;False;female;7;True;True;693093;642
2156741;1162443;1;False;male;8;False;False;693347;2141
2156742;1162443;33;False;female;8;False;True;693348;7228
2156743;1162443;6;False;female;8;False;False;693349;7092
2156744;1162443;9;False;male;8;False;False;693350;17606
2157689;1162867;32;True;male;3;True;False;693651;17860
2157690;1162867;30;True;female;3;True;False;693652;16348
2166258;1166497;22;False;male;8;True;True;696411;3311
2166259;1166497;62;True;male;2;True;True;696412;1701
2166260;1166497;57;True;female;5;True;False;696413;9233
2170691;1168381;90;False;male;7;True;False;697817;14378
2170692;1168381;89;False;female;7;True;False;697818;14258
2171237;1168598;76;True;female;5;False;True;698006;4358
2171630;1168755;9;False;male;8;False;False;698122;11650
2171631;1168755;39;True;female;3;True;False;698123;4801
2171632;1168755;39;True;male;3;True;False;698124;4846
2171633;1168755;6;False;male;8;False;True;698125;10099
2173843;1169655;53;True;female;5;True;False;698799;10914
2173844;1169655;50;True;male;3;True;False;698800;10929
2173845;1169655;16;False;female;8;False;True;698801;10360
2178647;1171663;8;False;female;8;False;False;700328;14607
2178648;1171663;3;False;female;8;False;False;700329;10410
2178649;1171663;37;True;male;6;True;False;700330;7452
2178650;1171663;37;False;female;8;False;True;700331;11225
2178651;1171663;5;False;male;8;False;False;700332;5500
2179893;1172164;1;False;female;8;False;False;700719;4589
2179894;1172164;10;False;female;8;False;True;700720;4381
2179895;1172164;36;True;male;3;True;True;700721;3775
2179896;1172164;7;False;female;8;False;False;700722;2519
2179897;1172164;35;True;female;4;True;False;700723;10822
2182299;1173221;19;False;male;8;False;False;701486;15930
2182300;1173221;15;False;female;8;False;True;701487;10197
2182301;1173221;9;False;female;8;False;False;701488;7673
2182302;1173221;45;True;female;5;True;True;701489;11414
2182303;1173221;15;False;female;8;False;False;701490;11465
2182304;1173221;53;True;male;5;True;False;701491;24
2184179;1174032;23;True;male;5;False;False;702060;255
2184180;1174032;56;False;female;8;True;False;702061;8489
2184181;1174032;81;False;female;7;False;False;702062;18079
2184685;1174249;26;True;female;4;True;False;702324;7714
2184686;1174249;58;True;male;4;True;False;702325;2833
2184687;1174249;19;False;female;8;False;False;702326;10484
2184688;1174249;53;False;female;8;False;False;702327;14048
2185686;1174638;78;False;female;7;True;False;702544;9879
2187751;1175451;84;False;male;7;True;True;703001;1011
2187752;1175451;79;False;female;7;False;False;703002;2973
2191463;1176859;59;True;female;5;True;False;703826;10162
2191464;1176859;62;True;male;6;True;True;703827;7465
2201885;1180857;73;False;female;7;True;False;706145;9181
2201886;1180857;77;False;male;7;True;False;706146;1549
2202270;1181026;42;True;female;4;True;False;706228;11676
2202271;1181026;37;True;male;3;True;True;706229;539
2206033;1182442;70;False;male;7;True;False;707062;9260
2206034;1182442;20;True;male;4;True;True;707063;842
2206035;1182442;59;True;female;3;True;True;707064;14953
2208345;1183337;73;False;female;7;True;False;707574;11457
2221232;1188335;9;False;female;8;False;False;710450;6406
2221233;1188335;40;True;male;3;True;False;710451;5209
2221234;1188335;3;False;female;8;False;False;710452;2284
2221235;1188335;39;True;female;3;True;False;710453;11549
2223181;1189098;11;False;female;8;False;False;710886;10437
2223182;1189098;9;False;female;8;False;False;710887;13312
2223183;1189098;4;False;female;8;False;False;710888;14792
2223184;1189098;38;True;female;5;True;False;710889;10905
2223185;1189098;46;True;male;2;True;True;710890;10624
2226204;1190338;38;True;male;3;True;False;711570;8543
2226205;1190338;36;True;female;5;True;False;711571;11110
2226206;1190338;2;False;female;8;False;True;711572;6135
2226891;1190630;65;False;female;7;True;True;711742;1415
2227676;1190930;64;False;male;7;True;False;711916;11831
2227677;1190930;62;False;female;7;True;False;711917;9204
2233144;1193133;2;False;female;8;False;False;713119;1827
2233145;1193133;33;True;female;4;True;False;713120;11795
2233146;1193133;34;True;male;4;True;True;713121;5460
2239025;1195464;68;False;female;7;True;False;714393;11183
2242355;1196829;38;True;female;5;True;False;715783;11474
2243451;1197269;6;False;female;8;False;False;716101;2988
2243452;1197269;30;True;female;5;True;False;716102;8986
2243453;1197269;5;False;male;8;False;False;716103;10424
2244065;1197534;77;False;male;7;True;False;716285;2539
2244066;1197534;78;False;female;7;False;False;716286;14523
2245946;1198275;7;False;male;8;False;False;716847;10912
2245947;1198275;41;True;male;5;True;False;716848;7065
2245948;1198275;40;True;female;4;True;False;716849;10721
2246854;1198625;7;False;male;8;False;False;717099;11643
2246855;1198625;10;False;male;8;False;False;717100;10950
2246856;1198625;36;True;male;6;True;False;717101;14074
2246857;1198625;36;True;female;5;True;False;717102;10634
2246858;1198625;12;False;male;8;False;False;717103;11507
2247765;1199009;49;True;female;4;True;False;717375;5621
2250098;1199903;42;True;female;4;True;False;718086;10463
2250099;1199903;41;True;male;3;True;False;718087;13369
2252049;1200659;63;False;male;8;True;False;718677;18037
2256314;1202411;27;False;male;8;False;True;720001;16314
2256488;1202476;63;True;male;4;False;False;720046;4340
2256489;1202476;62;True;female;4;True;True;720047;2629
2256490;1202476;35;False;male;8;True;False;720048;2719
2260103;1204008;31;True;female;5;True;False;721203;11131
2260820;1204334;49;True;female;5;True;True;721431;11414
2260821;1204334;47;True;female;2;True;False;721432;5340
2261638;1204658;87;False;female;7;False;True;721676;3348
2271058;1208649;71;False;female;7;True;False;724571;11245
2272923;1209387;32;True;female;2;True;False;725168;10557
2288742;1215944;28;True;female;4;False;True;730028;1866
2288743;1215944;32;True;male;5;True;True;730029;11467
2289053;1216104;31;True;female;4;True;True;730123;8998
2296120;1219058;38;True;male;3;True;True;732330;4255
2301077;1220992;28;True;female;3;True;False;733869;3797
2302396;1221523;46;True;male;3;True;False;734260;9965
2303158;1221861;36;True;female;5;True;False;734501;11131
2303159;1221861;13;False;female;8;False;False;734502;16322
2303160;1221861;52;True;male;6;True;True;734503;894
2303161;1221861;9;False;male;8;False;False;734504;10950
2305802;1223017;74;False;male;7;True;False;735342;10207
2305803;1223017;37;False;female;8;True;False;735343;10878
2305804;1223017;67;False;female;7;True;False;735344;10268
2305990;1223088;56;True;male;6;True;True;735401;7056
2305991;1223088;60;True;female;6;False;False;735402;357
2305992;1223088;26;True;female;5;False;False;735403;3445
2308048;1223985;45;True;female;3;True;False;736008;5183
2308049;1223985;37;True;male;3;True;False;736009;1206
2308050;1223985;17;False;female;8;False;True;736010;10414
2308051;1223985;10;False;male;8;False;False;736011;11650
2308052;1223985;20;True;male;6;True;False;736012;11441
2308484;1224173;34;True;male;5;True;False;736152;3740
2310345;1224915;48;True;female;5;True;False;736711;11694
2310346;1224915;12;False;female;8;False;False;736712;10092
2310347;1224915;47;True;male;5;True;False;736713;13480
2310348;1224915;21;True;female;5;True;True;736714;4556
2315152;1226897;55;True;male;3;True;False;738675;11668
2318372;1228263;72;False;female;7;True;False;739385;11245
2318373;1228263;73;False;male;7;True;False;739386;9198
2319885;1228879;34;True;female;3;True;True;739722;14917
2319886;1228879;36;True;male;3;True;False;739723;5006
2319887;1228879;8;False;male;8;False;False;739724;9931
2319888;1228879;6;False;female;8;False;True;739725;8739
2319889;1228879;17;False;female;8;False;True;739726;11702
2321639;1229620;4;False;female;8;False;True;740125;2914
2321640;1229620;5;False;female;8;False;False;740126;11532
2321641;1229620;32;True;female;4;True;False;740127;10721
2321642;1229620;32;True;male;5;True;True;740128;5035
2321925;1229742;53;True;male;6;True;False;740191;3315
2323692;1230493;90;False;female;7;True;False;740611;1467
2325101;1231099;26;True;male;4;True;False;740932;13572
2325102;1231099;51;True;male;3;True;False;740933;11412
2325103;1231099;53;True;female;5;True;False;740934;10086
2325104;1231099;28;False;female;8;False;True;740935;10414
2328608;1232607;40;True;male;3;True;False;741712;4147
2328609;1232607;7;False;female;8;False;False;741713;16877
2328610;1232607;38;True;female;4;True;False;741714;11536
2337262;1236285;75;False;female;7;True;False;743647;4054
2337642;1236450;4;False;male;8;False;False;743726;11507
2337643;1236450;34;True;male;5;True;False;743727;11179
2340434;1237637;73;False;male;7;True;False;744330;10467
2340435;1237637;61;True;female;4;True;False;744331;15826
2341424;1238057;89;False;male;7;True;True;744548;7971
2341425;1238057;85;False;female;7;False;False;744549;18079
2347048;1240451;60;True;female;5;True;False;745835;1580
2355799;1244146;32;True;male;5;True;False;747792;6142
2357352;1244807;65;False;male;8;True;True;748127;18085
2360097;1245971;31;True;male;4;True;False;748736;1276
2360098;1245971;81;False;female;7;True;False;748737;2783
2361741;1246661;77;False;male;7;True;True;749107;7971
2361742;1246661;74;False;female;7;True;False;749108;10478
2370494;1250272;79;False;male;7;True;False;751083;5204
2370495;1250272;78;False;female;7;True;False;751084;5175
2371201;1250552;56;True;male;2;False;True;751232;709
2371202;1250552;55;True;female;3;True;False;751233;6362
2372088;1250923;35;True;male;5;True;True;751439;4837
2372330;1251023;40;False;female;8;True;False;751497;17365
2372331;1251023;39;True;male;6;True;False;751498;5773
2372332;1251023;11;False;female;8;False;False;751499;8326
2372333;1251023;18;False;female;8;False;False;751500;10475
2372334;1251023;17;False;female;8;False;False;751501;10475
2374759;1252023;78;False;male;7;True;True;752043;18095
2374760;1252023;75;False;female;7;True;True;752044;7862
2377490;1253202;89;False;female;7;True;False;752679;9246
2378094;1253434;33;True;male;4;True;False;752816;14006
2378095;1253434;65;False;female;7;True;False;752817;11245
2380179;1254340;24;True;female;5;True;False;753569;10003
2380180;1254340;24;True;male;6;True;True;753570;15024
2380237;1254368;81;False;female;8;True;False;753580;2623
2380371;1254428;30;False;male;8;True;True;753609;3775
2380372;1254428;30;True;female;5;True;True;753610;10815
2384779;1256118;36;True;male;5;True;False;754510;6093
2387128;1257055;65;False;male;7;True;False;754991;9240
2387129;1257055;66;False;female;7;True;False;754992;11226
2393405;1259523;78;False;female;7;True;False;756273;7967
2393406;1259523;84;False;male;7;True;False;756274;4057
2393587;1259591;26;True;male;5;True;True;756310;3107
2393588;1259591;27;True;female;5;False;True;756311;5226
2397026;1260951;16;False;male;8;False;False;757010;17664
2397027;1260951;18;False;female;8;False;False;757011;10475
2397028;1260951;14;False;female;8;False;False;757012;2276
2397029;1260951;43;False;male;8;True;True;757013;2162
2397030;1260951;5;False;female;8;False;False;757014;11661
2397031;1260951;21;False;male;8;False;False;757015;6889
2397032;1260951;42;False;female;8;False;False;757016;10480
2397033;1260951;8;False;male;8;False;False;757017;10950
2398412;1261481;67;False;male;7;True;False;757294;10363
2398413;1261481;61;False;female;7;True;False;757295;11183
2399052;1261753;73;False;female;7;False;False;757425;10226
2399053;1261753;73;False;male;7;True;False;757426;10444
2400551;1262374;18;False;female;8;True;False;757733;9300
2400552;1262374;47;True;male;1;True;False;757734;16256
2400553;1262374;48;True;female;5;True;False;757735;11483
2400554;1262374;15;False;female;8;False;False;757736;11465
2401566;1262777;37;True;male;3;True;True;757939;4255
2401567;1262777;7;False;female;8;False;False;757940;10437
2401568;1262777;39;True;female;3;True;True;757941;14088
2403068;1263372;89;False;male;7;True;False;758246;11305
2403069;1263372;81;False;female;7;True;False;758247;4054
2404023;1263737;36;False;male;8;True;False;758440;7233
2404024;1263737;25;False;male;8;False;True;758441;6058
2404025;1263737;63;False;female;8;True;True;758442;1091
2404026;1263737;59;True;male;4;True;False;758443;4767
2405767;1264445;19;False;female;8;False;True;758790;10414
2405768;1264445;52;True;male;1;True;False;758791;3287
2407467;1265180;63;False;female;7;True;False;759135;10094
2409257;1265932;3;False;female;8;False;False;759494;7725
2409258;1265932;32;False;female;8;True;False;759495;10644
2409259;1265932;36;True;male;2;True;False;759496;5850
2409260;1265932;1;False;male;8;False;False;759497;10272
2409470;1266023;33;True;female;5;True;False;759540;11131
2411856;1266985;74;False;female;7;True;False;760027;10045
2411857;1266985;75;False;male;7;True;False;760028;11793
2417200;1269199;60;False;male;8;True;False;761109;8159
2419898;1270291;59;False;female;8;True;False;761658;10313
2419899;1270291;63;False;male;7;True;False;761659;9047
2423471;1271671;25;True;male;6;True;False;762378;3337
2423472;1271671;7;False;male;8;False;True;762379;10099
2423473;1271671;39;False;female;8;True;True;762380;4112
2423474;1271671;2;False;female;8;False;False;762381;2284
2425112;1272380;71;False;female;7;True;False;762710;10580
2425113;1272380;74;False;male;7;True;False;762711;9029
2437860;1277410;75;False;female;7;True;False;765306;2783
2437861;1277410;79;False;male;7;True;True;765307;1393
2442004;1279149;24;True;male;5;True;False;766474;13776
2442328;1279297;66;False;female;7;True;False;766547;11213
2444553;1280301;69;False;male;7;True;False;767100;10467
2444554;1280301;59;False;female;7;True;False;767101;6875
2452330;1283928;88;False;male;7;True;False;769037;7438
2452923;1284226;36;True;female;5;True;False;769195;11131
2452924;1284226;35;True;female;6;True;True;769196;1329
2453774;1284624;67;False;female;7;True;False;769419;11245
2453775;1284624;69;False;male;7;True;False;769420;9943
2457267;1286273;74;False;female;7;True;False;770275;9236
2458100;1286691;79;False;male;7;True;True;770492;4073
2458101;1286691;77;False;female;7;True;True;770493;924
2460729;1287903;84;False;female;7;True;False;771137;6514
2460984;1288031;70;False;female;7;True;False;771199;10105
2462053;1288517;27;True;male;3;False;True;771474;2413
2462054;1288517;27;True;female;3;True;False;771475;8047
2462156;1288575;1;False;male;8;False;False;771502;10490
2462157;1288575;37;True;male;4;True;True;771503;5460
2462158;1288575;34;True;female;4;True;False;771504;11676
2465714;1290444;88;False;male;7;True;True;772386;4073
2465715;1290444;87;False;female;8;False;False;772387;5491
2466736;1290905;63;False;male;7;True;False;772635;10898
2468740;1291788;52;False;male;8;False;True;773106;689
2468741;1291788;26;False;male;8;False;False;773107;4936
2471271;1293003;23;False;female;8;False;True;773719;10471
2475818;1295195;78;False;female;7;True;False;774845;10656
2475819;1295195;86;False;male;7;True;True;774846;3150
2478003;1296267;50;True;female;3;True;True;775385;8202
2478004;1296267;52;True;male;3;True;False;775386;11691
2478005;1296267;7;False;male;8;False;False;775387;9215
2478320;1296417;29;False;male;8;False;False;775467;3069
2479490;1296931;78;False;female;7;True;False;775776;5081
2485532;1299832;41;True;male;3;True;True;777255;2192
2496380;1304933;24;False;male;8;False;True;779967;6736
2496381;1304933;55;True;male;6;True;False;779968;7744
2496382;1304933;27;True;male;6;True;False;779969;6491
2496383;1304933;52;False;female;8;True;False;779970;11590
2501152;1307251;72;False;male;7;False;True;781113;2096
2501741;1307506;32;True;male;5;True;True;781253;1956
2505069;1308967;43;True;male;3;True;False;782478;17441
2505070;1308967;9;False;female;8;False;False;782479;3549
2505071;1308967;7;False;male;8;False;False;782480;10200
2505072;1308967;39;True;female;5;True;False;782481;10659
2506932;1309663;58;False;female;7;True;False;782852;6516
2507222;1309792;13;False;female;8;False;True;782907;8739
2507223;1309792;10;False;female;8;False;False;782908;8586
2507224;1309792;41;True;female;3;True;False;782909;5294
2508360;1310232;46;True;female;6;True;True;783139;11728
2509166;1310546;6;False;male;8;False;False;783302;11650
2509167;1310546;33;True;male;5;True;False;783303;8153
2509168;1310546;31;True;female;5;True;False;783304;11131
2509169;1310546;2;False;female;8;False;False;783305;5055
2509819;1310821;62;True;male;3;True;False;783434;1234
2510497;1311077;30;True;female;4;True;False;783569;11310
2511008;1311267;42;True;male;6;True;True;783673;18020
2516086;1313219;48;True;female;3;True;True;784710;3447
2516087;1313219;49;True;male;2;True;False;784711;5596
2516088;1313219;17;False;female;8;False;True;784712;10197
2516089;1313219;15;False;female;8;False;True;784713;10471
2516090;1313219;20;False;female;8;False;False;784714;10475
2517383;1313723;60;False;female;8;True;False;784973;5002
2518022;1313974;54;False;female;8;True;False;785105;10939
2518401;1314124;41;True;female;4;True;False;785182;10920
2518402;1314124;13;False;male;8;False;False;785183;11280
2518910;1314311;21;True;male;6;True;False;785287;15058
2518911;1314311;53;False;male;8;True;True;785288;4812
2518912;1314311;25;False;male;8;False;True;785289;1352
2518913;1314311;55;True;female;4;True;True;785290;548
2519446;1314571;46;True;male;3;True;True;785396;10780
2523580;1316202;44;True;female;4;True;False;786226;10721
2523581;1316202;9;False;male;8;False;False;786227;11650
2523582;1316202;14;False;female;8;False;False;786228;6527
2523583;1316202;44;True;female;4;True;False;786229;10616
2528898;1318282;34;True;female;1;True;True;787310;14013
2536840;1321468;28;True;female;4;True;False;788918;11327
2536841;1321468;47;True;male;4;True;False;788919;9187
2539044;1322324;49;True;female;5;True;False;789363;10525
2539045;1322324;54;True;male;4;True;False;789364;151
2540531;1322887;81;False;female;7;True;False;789665;3681
2540532;1322887;87;False;male;7;True;False;789666;11305
2542177;1323556;30;True;female;2;True;False;790002;10721
2542178;1323556;33;True;male;4;True;True;790003;4944
2543253;1323936;87;False;male;7;True;False;790221;10236
2544347;1324327;52;True;female;5;True;False;790440;10717
2544348;1324327;56;True;male;3;True;False;790441;11246
2544349;1324327;26;True;female;4;True;False;790442;17213
2544350;1324327;27;True;male;4;True;True;790443;17226
2544865;1324536;10;False;male;8;False;False;790545;11280
2544866;1324536;40;True;female;4;True;False;790546;11795
2544867;1324536;13;False;female;8;False;False;790547;2041
2544868;1324536;39;True;male;4;True;False;790548;4150
2544869;1324536;6;False;male;8;False;False;790549;11643
2544870;1324536;12;False;male;8;False;False;790550;10950
2549739;1326497;29;True;female;5;False;False;791541;2930
2549740;1326497;31;True;male;6;True;False;791542;2600
2563400;1331878;11;False;female;8;False;True;794820;8739
2563401;1331878;42;True;female;5;True;False;794821;11474
2563402;1331878;38;True;male;6;True;False;794822;6246
2567985;1333801;22;False;male;8;True;True;795984;11461
2567986;1333801;20;True;male;5;True;True;795985;6686
2567987;1333801;57;False;female;8;True;True;795986;4446
2567988;1333801;29;True;male;6;True;False;795987;3337
2567989;1333801;6;False;male;8;False;False;795988;10490
2567990;1333801;36;False;female;8;True;False;795989;11784
2578587;1338287;9;False;male;8;False;False;798670;9877
2578588;1338287;49;True;female;3;True;True;798671;1033
2578589;1338287;48;True;male;5;True;True;798672;245
2580164;1338917;26;True;male;4;False;True;799061;14322
2580165;1338917;23;True;female;5;True;True;799062;7767
2590753;1343333;46;True;female;3;True;False;801668;1572
2590754;1343333;47;True;male;3;True;False;801669;11592
2590920;1343383;58;True;female;5;True;False;801709;10830
2591122;1343496;25;True;male;4;True;True;801760;11243
2591123;1343496;26;True;female;4;True;True;801761;14647
2591124;1343496;53;True;male;4;False;True;801762;6574
2591125;1343496;51;True;female;4;True;False;801763;10541
2591126;1343496;17;False;female;8;False;False;801764;11556
2602535;1348497;9;False;female;8;False;False;804659;4444
2602536;1348497;4;False;female;8;False;False;804660;3424
2602537;1348497;35;True;male;3;True;False;804661;394
2602538;1348497;35;True;female;5;True;True;804662;10815
2603116;1348758;21;True;female;4;True;False;804815;14627
2603150;1348779;11;False;male;8;False;False;804823;5757
2603151;1348779;41;False;female;8;False;True;804824;1909
2603152;1348779;12;False;female;8;False;False;804825;7484
2603153;1348779;8;False;female;8;False;False;804826;7092
2603421;1348899;49;True;female;4;True;False;804891;17432
2603422;1348899;23;True;male;6;True;False;804892;6364
2603423;1348899;54;True;male;4;True;False;804893;4363
2603424;1348899;29;True;female;5;True;True;804894;5093
2604196;1349224;41;True;female;5;False;False;805098;11424
2604197;1349224;15;False;male;8;True;True;805099;15101
2604198;1349224;2;False;male;8;False;False;805100;10424
2608696;1351128;72;False;male;7;True;False;806246;11740
2611358;1352268;70;False;female;7;True;False;806926;9216
2611359;1352268;70;False;male;7;True;False;806927;9047
2612282;1352672;55;True;female;3;True;True;807157;13766
2612283;1352672;57;True;male;2;True;False;807158;759
2613564;1353212;28;True;female;5;False;False;807483;1425
2613565;1353212;29;True;male;5;False;True;807484;2940
2613566;1353212;1;False;male;8;False;False;807485;11507
2615804;1354153;77;False;female;7;False;False;808052;2973
2617978;1355090;52;True;male;4;True;False;808617;2817
2621665;1356664;76;False;female;7;False;True;809537;7479
2621689;1356673;74;False;female;7;False;True;809545;1682
2624207;1357816;10;False;male;8;False;False;810173;10424
2624208;1357816;48;True;female;3;True;False;810174;14663
2624209;1357816;52;False;male;8;True;False;810175;5047
2624210;1357816;13;False;male;8;False;False;810176;10424
2626225;1358744;40;True;male;2;True;False;810691;6290
2626226;1358744;40;True;female;3;True;False;810692;4688
2626227;1358744;2;False;female;8;False;True;810693;2914
2626511;1358875;24;False;female;8;False;True;810761;1127
2626512;1358875;20;False;male;8;True;True;810762;1750
2626513;1358875;15;False;male;8;False;True;810763;15076
2626514;1358875;55;True;female;6;False;True;810764;427
2626515;1358875;62;True;male;5;True;False;810765;3665
2626816;1359002;70;False;male;7;True;False;810833;11103
2627167;1359157;57;True;female;4;True;False;810926;1642
2627168;1359157;60;True;male;3;True;False;810927;2299
2632169;1361228;44;True;male;4;True;False;812572;8266
2632170;1361228;42;True;female;4;True;False;812573;10463
2632171;1361228;9;False;male;8;False;False;812574;11650
2632172;1361228;15;False;female;8;False;True;812575;10414
2632173;1361228;13;False;female;8;False;False;812576;15203
2638912;1364158;78;False;female;7;True;False;814689;262
2641771;1365332;6;False;female;8;False;False;815569;3549
2641772;1365332;50;True;male;6;True;False;815570;3023
2641773;1365332;39;True;female;5;False;False;815571;11424
2641774;1365332;4;False;female;8;False;True;815572;8739
2641775;1365332;12;False;male;8;False;False;815573;11280
2643109;1365903;28;False;female;8;False;True;815982;11203
2643110;1365903;28;True;male;3;True;True;815983;8540
2645010;1366815;68;False;male;7;True;False;816591;9969
2645011;1366815;68;False;female;7;True;False;816592;9923
2647341;1367868;24;True;female;5;True;True;817379;5990
2647342;1367868;62;True;female;5;True;False;817380;17180
2647364;1367883;30;True;female;5;True;True;817384;10815
2649299;1368664;60;True;female;5;True;False;817978;2804
2655089;1371112;91;False;female;7;False;False;819787;14456
2659923;1373182;44;True;female;5;True;False;821295;10905
2662801;1374455;71;False;male;7;True;False;822192;10648
2666751;1376259;23;True;female;5;True;False;823450;17239
2667851;1376678;4;False;female;8;False;False;823828;6657
2667852;1376678;4;False;female;8;False;False;823829;14607
2667853;1376678;19;False;female;8;True;True;823830;4909
2667854;1376678;38;True;female;6;True;True;823831;2254
2668958;1377131;84;False;male;7;False;True;824183;1696
2669594;1377418;43;True;female;3;True;False;824371;13272
2669595;1377418;9;False;male;8;False;False;824372;11826
2669596;1377418;50;True;male;2;True;False;824373;759
2669597;1377418;13;False;male;8;False;False;824374;11650
2669902;1377545;83;False;female;7;True;False;824499;14547
2670915;1378010;45;True;male;6;False;False;824807;2320
2673929;1379277;10;False;female;8;False;False;825762;5055
2673930;1379277;15;False;male;8;True;False;825763;6700
2673931;1379277;4;False;female;8;False;False;825764;4226
2673932;1379277;19;False;female;8;False;False;825765;11556
2673933;1379277;4;False;male;8;False;False;825766;11400
2678183;1381009;66;False;male;7;True;False;827106;9047
2680252;1381947;32;True;male;6;True;True;827766;14936
2688944;1385657;55;False;female;8;True;False;830742;4937
2691719;1386833;57;True;male;4;True;True;831540;14257
2693598;1387641;24;True;male;5;False;True;832062;2405
2693599;1387641;25;True;male;5;True;False;832063;1383
2693600;1387641;24;False;female;8;False;True;832064;2216
2696029;1388682;10;False;male;8;False;False;832755;5500
2696030;1388682;6;False;male;8;False;False;832756;6715
2696031;1388682;38;True;female;5;False;True;832757;2379
2696032;1388682;39;True;male;4;True;True;832758;2032
2696033;1388682;13;False;male;8;False;True;832759;5720
2697595;1389360;78;False;male;7;True;False;833211;4388
2697596;1389360;67;False;female;7;True;False;833212;11245
2698488;1389784;59;True;male;6;True;True;833471;5485
2703738;1392010;34;True;male;2;True;True;835037;2506
2703739;1392010;35;False;female;8;False;True;835038;1909
2703740;1392010;1;False;female;8;False;False;835039;15171
2704848;1392510;28;True;female;5;False;True;835371;14944
2707669;1393691;1;False;male;8;False;False;836173;11650
2707670;1393691;40;True;male;3;True;False;836174;4144
2710504;1394974;79;False;male;7;True;False;837015;2793
2710505;1394974;79;False;female;7;True;False;837016;262
2713893;1396426;36;True;male;4;True;True;838007;4212
2715615;1397151;48;False;male;8;True;False;838497;9201
2715616;1397151;72;False;female;7;True;False;838498;10698
2718985;1398600;80;False;male;7;True;False;839494;14145
2719947;1399017;27;True;male;5;False;False;839760;1936
2719948;1399017;25;True;female;4;False;True;839761;6812
2720703;1399343;10;False;male;8;False;False;839964;11826
2720704;1399343;52;True;female;5;True;False;839965;9256
2722038;1399889;76;False;female;7;False;False;840325;14523
2725645;1401520;62;False;male;7;True;False;841408;9240
2725646;1401520;66;False;female;7;True;False;841409;10719
2727492;1402287;67;False;male;7;True;False;841990;11740
2728207;1402584;59;True;female;2;True;False;842185;13291
2728657;1402805;89;False;female;7;True;False;842313;262
2729443;1403159;43;True;female;3;True;False;842536;4957
2729444;1403159;13;False;male;8;False;False;842537;10200
2729445;1403159;46;True;male;3;True;False;842538;10929
2729446;1403159;11;False;male;8;False;False;842539;11650
2729916;1403342;61;False;male;8;True;False;842666;18014
2729917;1403342;80;False;female;7;False;False;842667;14523
2750550;1412302;40;True;male;4;True;False;848589;7844
2750551;1412302;8;False;male;8;False;False;848590;10490
2750875;1412433;69;False;female;7;True;False;848668;10082
2751566;1412755;74;False;female;7;True;False;848856;9216
2754565;1413890;68;False;female;7;True;False;850157;9866
2754566;1413890;40;True;male;4;True;False;850158;14253
2768158;1419109;60;True;female;4;True;True;853676;4988
2768159;1419109;23;False;female;8;False;True;853677;11702
2772351;1420721;1;False;female;8;False;False;854742;14281
2772352;1420721;28;True;male;6;True;True;854743;15024
2772353;1420721;3;False;female;8;False;True;854744;1447
2772354;1420721;27;False;female;8;False;False;854745;10325
2774538;1421561;52;False;male;8;True;False;855261;14343
2774539;1421561;18;False;male;8;True;False;855262;18073
2774540;1421561;20;False;male;8;True;False;855263;4019
2774541;1421561;40;True;female;4;False;True;855264;9261
2781116;1424016;63;False;female;7;True;False;856902;11226
2781447;1424136;63;True;male;2;True;False;856984;3063
2781448;1424136;58;True;female;4;True;True;856985;6076
2781449;1424136;31;True;male;3;True;False;856986;1206
2781584;1424187;38;True;female;4;True;False;857015;11295
2781585;1424187;5;False;female;8;False;False;857016;2177
2781586;1424187;2;False;male;8;False;False;857017;11650
2781587;1424187;41;True;male;3;True;False;857018;17860
2786489;1426088;36;True;male;4;True;False;858215;14006
2788872;1426931;17;False;male;8;True;True;858800;1414
2788873;1426931;13;False;female;8;False;False;858801;13742
2788874;1426931;49;False;male;8;False;True;858802;4591
2788875;1426931;41;False;female;8;False;True;858803;6312
2789171;1427027;41;True;male;2;True;False;858872;5321
2789172;1427027;73;False;female;7;True;False;858873;11245
2789433;1427127;49;True;female;5;True;False;858934;9233
2789434;1427127;15;False;male;8;True;True;858935;15101
2789435;1427127;12;False;female;8;False;False;858936;2284
2789436;1427127;20;False;female;8;False;True;858937;10197
2789437;1427127;48;True;male;4;True;False;858938;7263
2790895;1427714;42;True;female;5;True;False;859314;11644
2790896;1427714;8;False;female;8;False;False;859315;14391
2790897;1427714;11;False;male;8;False;False;859316;10272
2792454;1428392;46;True;male;6;True;False;859718;14801
2796460;1429896;48;True;female;5;True;False;860697;10914
2796461;1429896;56;True;male;3;True;False;860698;11246
2796467;1429898;12;False;female;8;False;True;860699;1544
2796468;1429898;19;False;female;8;False;False;860700;11465
2796469;1429898;46;True;male;2;True;False;860701;6383
2796470;1429898;45;True;female;4;True;False;860702;8839
2796471;1429898;15;False;male;8;False;False;860703;8715
2798940;1430726;15;False;female;8;True;False;861320;11196
2798941;1430726;46;True;male;6;True;False;861321;16225
2798942;1430726;50;True;female;5;True;True;861322;11414
2798943;1430726;19;False;female;8;True;True;861323;11673
2798944;1430726;13;False;male;8;False;False;861324;11280
2798945;1430726;21;False;male;8;False;True;861325;15821
2800132;1431116;6;False;female;8;False;False;861613;1966
2800133;1431116;34;True;female;3;True;False;861614;4021
2800134;1431116;35;True;male;5;True;False;861615;3821
2803648;1432359;24;True;male;6;True;False;862500;11469
2803649;1432359;56;True;female;3;True;False;862501;53
2803650;1432359;23;True;male;6;True;False;862502;3013
2803651;1432359;52;True;male;6;True;False;862503;6838
2803652;1432359;17;False;female;8;False;True;862504;11702
2806538;1433487;41;True;male;5;True;False;863265;7065
2810064;1434814;57;True;male;4;True;False;864111;7263
2811534;1435324;69;False;female;7;True;False;864479;11812
2813127;1435963;67;False;male;7;True;False;864877;10901
2813128;1435963;65;False;female;7;True;False;864878;11213
2813630;1436156;5;False;female;8;False;True;865003;1775
2813631;1436156;32;True;female;5;True;False;865004;11286
2820917;1439205;61;False;male;7;True;False;867069;9047
2820918;1439205;61;False;female;7;True;False;867070;10139
2821562;1439459;63;False;female;7;True;False;867231;11226
2821563;1439459;28;True;male;6;True;False;867232;16794
2822459;1439833;50;True;female;5;True;False;867455;9233
2824232;1440563;77;False;female;7;False;False;867923;6174
2824233;1440563;75;False;male;7;True;False;867924;11305
2824876;1440853;83;False;male;8;True;False;868118;17430
2824877;1440853;74;False;female;8;True;False;868119;1624
2826136;1441410;15;False;male;8;True;True;868467;8195
2826137;1441410;17;False;male;8;True;False;868468;6700
2826138;1441410;47;True;female;4;True;False;868469;11696
2826139;1441410;46;True;male;3;True;False;868470;11668
2826518;1441572;41;True;male;2;True;False;868571;1637
2826519;1441572;13;False;male;8;False;False;868572;11826
2826520;1441572;16;False;female;8;True;True;868573;11673
2826521;1441572;42;True;female;5;True;False;868574;8986
2829584;1442812;83;False;male;7;True;False;869424;4345
2830892;1443340;42;True;female;5;True;False;869782;10659
2830893;1443340;12;False;male;8;False;True;869783;10183
2830894;1443340;47;True;male;4;True;False;869784;17525
2831452;1443575;21;False;male;8;False;False;869947;3145
2831453;1443575;58;False;female;8;True;False;869948;8409
2831842;1443706;67;False;female;7;True;False;870050;11226
2833798;1444573;59;False;male;8;True;True;870579;4795
2833799;1444573;50;True;female;4;True;False;870580;5340
2836116;1445584;57;True;male;4;True;False;871191;15906
2837343;1446099;94;False;female;7;True;False;871511;3158
2841333;1447762;52;True;male;6;False;True;872561;7101
2844740;1449201;78;False;male;7;True;False;873493;11289
2844741;1449201;77;False;female;7;True;False;873494;14174
2845154;1449373;69;False;male;7;True;False;873604;11395
2845155;1449373;67;False;female;7;True;False;873605;10478
2845930;1449664;54;True;female;4;True;True;873814;4574
2845931;1449664;22;True;male;6;True;True;873815;7378
2845932;1449664;51;True;male;4;True;False;873816;1190
2852784;1452523;46;False;female;8;True;True;875611;4446
2852785;1452523;16;False;female;8;False;False;875612;10475
2852786;1452523;50;True;male;6;True;True;875613;898
2852787;1452523;14;False;male;8;False;False;875614;11280
2853263;1452731;69;False;female;7;True;False;875727;10698
2853948;1453030;53;True;female;5;True;False;875901;10162
2853949;1453030;21;False;male;8;True;False;875902;4019
2854253;1453159;78;False;male;7;True;False;875978;6823
2854254;1453159;72;False;female;7;True;False;875979;10931
2855243;1453588;44;True;male;3;True;False;876230;6454
2855244;1453588;7;False;male;8;False;False;876231;10062
2855245;1453588;40;True;female;5;True;False;876232;8957
2855246;1453588;14;False;male;8;False;False;876233;10272
2855247;1453588;12;False;male;8;False;False;876234;10424
2858154;1454763;79;False;male;7;True;False;877000;7773
2861037;1455959;37;True;female;4;True;False;877773;10721
2861038;1455959;5;False;male;8;False;False;877774;11650
2861039;1455959;39;True;male;3;True;False;877775;8442
2861040;1455959;9;False;male;8;False;False;877776;10272
2861065;1455966;41;True;male;2;True;False;877777;1637
2861066;1455966;44;False;female;8;True;False;877778;2327
2861067;1455966;4;False;male;8;False;False;877779;9963
2861068;1455966;15;False;female;8;False;True;877780;10414
2862165;1456444;68;False;female;7;True;False;878054;11245
2862166;1456444;67;True;male;2;True;False;878055;3789
2865445;1457777;27;False;female;8;False;False;878896;11556
2865446;1457777;9;False;male;8;False;False;878897;9215
2868897;1459164;51;True;male;3;True;False;879838;11615
2868898;1459164;17;False;male;8;False;True;879839;6736
2868899;1459164;46;True;female;4;True;False;879840;3968
2871829;1460272;39;True;male;3;True;False;880616;1994
2871830;1460272;10;False;female;8;False;False;880617;2864
2871831;1460272;7;False;female;8;False;True;880618;8739
2871832;1460272;40;True;female;4;True;False;880619;11676
2874924;1461535;32;True;male;6;True;True;881439;16921
2874925;1461535;7;False;female;8;False;False;881440;16800
2874926;1461535;5;False;female;8;False;False;881441;8406
2874927;1461535;35;True;female;5;True;False;881442;10426
2875500;1461752;64;False;female;8;False;True;881589;4498
2875501;1461752;63;True;male;6;True;False;881590;3675
2877388;1462548;55;True;male;6;True;False;882074;10350
2878049;1462789;35;True;female;3;True;False;882244;8694
2878050;1462789;36;True;male;3;True;False;882245;4512
2878051;1462789;2;False;female;8;False;True;882246;1775
2885953;1466138;46;True;female;2;True;False;884791;9183
2885954;1466138;38;True;male;6;True;True;884792;18020
2888106;1467011;5;False;male;8;False;False;885222;10272
2888107;1467011;13;False;male;8;False;False;885223;10133
2888108;1467011;41;True;male;4;True;False;885224;13241
2888109;1467011;39;True;female;3;True;False;885225;1748
2891857;1468421;11;False;female;8;False;False;885972;5981
2891858;1468421;14;False;female;8;False;False;885973;6880
2891859;1468421;49;True;female;4;True;False;885974;8578
2891860;1468421;46;True;male;3;True;True;885975;10870
2894074;1469305;12;False;female;8;False;False;886415;6829
2894075;1469305;37;True;female;6;True;False;886416;14176
2894076;1469305;31;True;male;6;True;False;886417;10961
2894077;1469305;8;False;male;8;False;False;886418;10490
2900322;1471782;74;False;male;7;True;False;887677;11217
2900323;1471782;74;False;female;7;True;False;887678;10139
2900709;1471947;69;False;female;7;True;False;887754;10698
2903218;1472941;10;False;male;8;False;False;888253;11826
2903219;1472941;37;True;male;4;True;False;888254;17516
2903220;1472941;36;True;female;5;True;False;888255;10659
2903221;1472941;12;False;male;8;False;False;888256;10490
2907246;1474472;33;True;female;4;True;True;889057;11304
2907247;1474472;4;False;male;8;False;False;889058;10950
2907248;1474472;42;True;male;4;True;False;889059;17634
2908365;1474924;62;False;male;7;True;False;889284;11740
2908366;1474924;59;True;female;4;True;True;889285;1401
2908902;1475134;57;True;male;6;True;False;889392;10799
2909143;1475255;59;True;female;6;True;False;889440;4774
2909144;1475255;60;True;male;1;True;False;889441;4059
2911578;1476204;68;False;female;7;True;False;889930;10478
2911579;1476204;68;False;male;7;True;False;889931;9240
2913365;1476982;46;True;female;5;True;False;890294;11717
2913366;1476982;19;False;male;8;False;True;890295;6058
2914842;1477569;55;True;female;5;True;False;890589;11258
2915766;1477957;39;True;male;5;True;True;890773;6972
2915767;1477957;41;True;female;4;True;False;890774;10557
2915768;1477957;8;False;male;8;False;False;890775;10424
2915769;1477957;11;False;male;8;False;False;890776;11819
2916073;1478076;11;False;male;8;False;False;890835;10424
2916074;1478076;13;False;male;8;False;False;890836;11400
2916075;1478076;18;False;male;8;False;True;890837;5745
2916076;1478076;49;False;female;8;True;False;890838;6250
2916077;1478076;48;True;male;6;True;True;890839;7056
2917603;1478701;64;True;male;3;True;True;891143;6209
2917604;1478701;68;True;female;3;True;False;891144;14582
2922929;1480878;63;False;female;7;True;False;892212;11213
2928118;1482940;34;True;male;3;True;False;893251;2992
2928119;1482941;34;True;male;3;True;False;893251;4846
2933524;1485059;54;True;female;5;True;False;894334;9233
2937461;1486668;37;True;male;5;True;False;895124;6191
2937462;1486668;44;True;female;5;True;False;895125;11110
2940723;1487970;69;False;female;7;True;False;895786;10478
2940724;1487970;76;False;male;7;True;False;895787;15060
2948440;1491235;57;True;female;2;True;False;897530;5183
2952449;1492909;70;True;female;3;True;True;898433;2440
2952450;1492909;75;False;male;7;True;True;898434;2134
2953999;1493555;71;False;male;7;True;True;898784;2102
2954000;1493555;89;False;female;7;True;True;898785;1296
2954386;1493714;74;False;female;7;True;False;898870;9923
2954805;1493912;22;True;female;5;True;True;898955;17077
2954806;1493912;54;True;female;5;True;False;898956;9233
2954807;1493912;57;True;male;4;True;False;898957;866
2954808;1493912;19;False;female;8;False;True;898958;11203
2958399;1495531;67;False;female;7;True;False;899772;9923
2958400;1495531;43;True;male;5;True;False;899773;13541
2958401;1495531;69;False;male;7;True;False;899774;9240
2958427;1495545;12;False;female;8;False;False;899778;4541
2958428;1495545;8;False;female;8;False;True;899779;3327
2958429;1495545;39;True;male;4;True;False;899780;5021
2958430;1495545;9;False;female;8;False;False;899781;4541
2958431;1495545;4;False;female;8;False;False;899782;2628
2958432;1495545;36;True;female;5;True;False;899783;11286
2959063;1495806;55;False;female;8;True;False;899922;11590
2959064;1495806;56;True;male;3;True;False;899923;10125
2961059;1496700;51;False;male;8;True;True;900367;4795
2962144;1497227;47;False;female;8;True;True;900612;18138
2962145;1497227;21;True;male;6;True;False;900613;3337
2962146;1497227;53;True;male;6;True;False;900614;10234
2962147;1497227;14;False;male;8;False;False;900615;10912
2965471;1498739;8;False;male;8;False;False;901373;10424
2965472;1498739;49;False;male;8;True;False;901374;11207
2965473;1498739;49;True;female;6;True;False;901375;14166
2965474;1498739;13;False;female;8;False;False;901376;17774
2965475;1498739;3;False;female;8;False;False;901377;8211
2968119;1499873;10;False;male;8;False;False;901974;10200
2968120;1499873;4;False;male;8;False;False;901975;11819
2968121;1499873;41;True;female;3;True;False;901976;698
2968122;1499873;42;True;male;5;True;True;901977;6972
2969036;1500245;60;True;male;6;True;False;902177;7531
2971245;1501244;48;False;female;8;False;True;902691;7314
2973654;1502343;64;True;female;2;True;False;903231;4352
2973655;1502343;67;True;male;3;True;True;903232;901
2973656;1502343;45;True;male;6;True;False;903233;11435
2973657;1502343;67;True;female;3;True;False;903234;10698
2973941;1502487;67;False;female;7;True;False;903300;10580
2973942;1502487;58;True;male;6;True;False;903301;10350
2976064;1503437;55;True;female;5;True;False;903782;11726
2976065;1503437;76;False;female;7;True;False;903783;9879
2980993;1505491;39;True;female;2;True;False;904886;15893
2980994;1505491;3;False;female;8;False;False;904887;4066
2980995;1505491;9;False;female;8;False;True;904888;1447
2980996;1505491;52;True;male;2;True;False;904889;11490
2980997;1505491;79;False;male;7;True;False;904890;7756
2981981;1505918;74;True;male;2;False;False;905115;1027
2981982;1505918;61;False;male;7;False;False;905116;5278
2983821;1506684;7;False;male;8;False;False;905549;11280
2983822;1506684;3;False;male;8;False;False;905550;10424
2983823;1506684;41;True;female;4;True;False;905551;10721
2983824;1506684;37;True;male;2;True;False;905552;1637
2994194;1511111;54;True;male;6;True;False;907919;7826
2994277;1511148;56;True;female;4;True;False;907935;804
2997888;1512801;72;False;male;7;True;False;908775;10207
2997889;1512801;70;False;female;7;True;False;908776;10590
2997890;1512801;42;True;male;6;True;True;908777;14936
2997891;1512801;41;True;female;5;True;False;908778;10905
2997892;1512801;7;False;male;8;False;False;908779;10200
2997893;1512801;13;False;male;8;False;False;908780;10912
3001685;1514470;87;False;female;7;True;False;909639;2783
3001686;1514470;90;False;male;7;True;False;909640;1538
3003015;1515087;6;False;male;8;False;False;909936;11280
3003016;1515087;3;False;female;8;False;True;909937;1447
3003017;1515087;31;True;male;4;True;False;909938;7954
3003018;1515087;29;True;female;5;False;False;909939;17910
3006936;1516802;6;False;female;8;False;False;911259;11403
3006937;1516802;34;True;female;4;True;False;911260;10721
3007822;1517189;61;False;male;8;True;False;911458;98
3007823;1517189;23;False;male;8;False;True;911459;8070
3007824;1517189;20;False;male;8;False;False;911460;8715
3007825;1517189;57;False;female;8;True;False;911461;11735
3009603;1517916;86;False;male;7;True;False;911889;4057
3009604;1517916;83;False;female;7;True;False;911890;5221
3010877;1518516;71;False;male;7;True;True;912213;15078
3011331;1518728;86;False;female;7;False;False;912317;6136
3013804;1519724;78;False;female;7;True;True;912908;1165
3014435;1520012;8;False;male;8;False;False;913060;10424
3014436;1520012;29;False;male;8;False;False;913061;14528
3016674;1520893;14;False;male;8;False;False;913577;11280
3016675;1520893;47;True;female;4;True;True;913578;7180
3016676;1520893;19;False;male;8;True;True;913579;11461
3018301;1521540;50;True;male;4;True;False;913956;2833
3018302;1521540;4;False;male;8;False;False;913957;11819
3018303;1521540;46;True;female;4;True;False;913958;5621
3018304;1521540;10;False;female;8;False;True;913959;1447
3018305;1521540;6;False;male;8;False;False;913960;11650
3022056;1522995;35;True;female;3;True;False;914826;4688
3023357;1523571;35;True;male;6;True;False;915137;14074
3023358;1523571;8;False;female;8;False;False;915138;14281
3023359;1523571;31;True;female;5;True;False;915139;10560
3025690;1524505;25;True;male;5;True;True;915679;8557
3025691;1524505;57;True;male;6;True;True;915680;7056
3026604;1524852;31;False;male;8;True;True;915887;882
3027088;1525019;67;False;male;7;True;False;916000;11750
3027089;1525019;62;False;female;7;True;False;916001;11455
3029691;1526067;33;True;male;5;True;True;916605;4837
3030106;1526247;41;True;male;3;True;False;916707;9057
3030107;1526247;4;False;female;8;False;False;916708;10970
3030108;1526247;40;False;female;8;True;False;916709;15847
3030109;1526247;7;False;female;8;False;False;916710;11775
3030110;1526247;16;True;male;6;True;False;916711;8494
3031563;1526844;80;False;female;7;True;True;917038;7862
3034116;1527845;1;False;male;8;False;False;917641;10950
3034117;1527845;39;True;male;4;True;False;917642;11259
3034118;1527845;39;False;female;8;True;False;917643;10644
3034119;1527845;4;False;male;8;False;False;917644;11650
3038479;1529629;17;False;female;8;True;False;918655;9300
3038480;1529629;16;False;female;8;True;True;918656;11161
3038481;1529629;43;True;female;5;False;False;918657;11424
3038482;1529629;20;False;female;8;False;True;918658;11702
3038483;1529629;14;False;female;8;False;True;918659;8739
3038484;1529629;47;True;male;6;True;True;918660;2258
3041630;1530820;78;False;male;7;True;False;919394;5204
3041631;1530820;79;False;female;7;True;False;919395;5111
3041877;1530911;20;True;female;5;False;False;919446;11500
3041878;1530911;18;False;male;8;False;False;919447;15930
3041879;1530911;51;True;male;4;True;False;919448;2817
3044176;1531865;68;False;female;7;True;False;919973;11216
3044177;1531865;68;False;male;7;True;False;919974;11831
3046009;1532581;1;False;female;8;False;False;920398;14962
3046010;1532581;31;True;female;3;True;False;920399;17985
3046011;1532581;37;True;male;3;True;False;920400;313
3046956;1533019;76;False;male;7;True;False;920631;4308
3047376;1533170;68;False;male;7;True;False;920729;9240
3048151;1533492;58;True;male;4;True;True;920918;14553
3048152;1533492;55;False;female;7;True;False;920919;8264
3048153;1533492;26;True;male;6;True;False;920920;3013
3048814;1533756;45;True;male;5;True;False;921063;13480
3048815;1533756;41;True;female;3;True;True;921064;7782
3048816;1533756;3;False;male;8;False;False;921065;10424
3050580;1534503;29;True;female;4;False;True;921486;6380
3052032;1535110;64;False;female;7;True;False;921825;10041
3052033;1535110;67;False;male;7;True;False;921826;11740
3053736;1535784;83;False;female;7;False;True;922248;4358
3053737;1535784;83;False;male;7;True;False;922249;5766
3056126;1536775;19;False;male;8;False;True;922807;7088
3058715;1537813;67;False;female;7;True;False;923420;9293
3059915;1538282;22;False;male;8;False;True;923708;288
3059916;1538282;58;True;male;3;True;True;923709;10870
3059917;1538282;51;True;female;4;True;True;923710;6914
3060038;1538326;41;True;male;4;True;False;923734;15867
3060039;1538326;32;True;female;5;True;False;923735;11474
3063147;1539580;40;True;male;5;True;True;924476;1956
3063236;1539619;44;True;male;4;True;True;924506;7543
3063237;1539619;41;True;female;4;True;True;924507;11304
3063238;1539619;8;False;male;8;False;False;924508;10062
3064333;1540023;33;True;female;5;False;False;924756;11424
3064334;1540023;1;False;female;8;False;False;924757;1827
3064335;1540023;33;True;male;2;True;False;924758;8170
3067168;1541105;24;True;female;5;False;False;925598;2930
3067169;1541105;21;True;male;5;True;True;925599;7042
3067525;1541237;24;True;female;3;False;True;925695;17803
3067526;1541237;25;True;male;3;True;True;925696;4104
3072950;1543307;35;True;male;4;True;False;927368;11259
3073210;1543405;34;True;female;5;False;False;927454;11424
3074258;1543830;89;False;male;7;True;False;927789;4178
3081511;1546589;62;True;male;5;True;True;929951;7853
3085421;1548137;55;True;female;5;True;False;931197;10717
3088210;1549237;15;False;female;8;False;True;932039;10414
3088211;1549237;53;True;female;4;True;False;932040;8839
3088212;1549237;25;False;female;8;True;False;932041;9912
3088213;1549237;20;True;male;4;True;True;932042;842
3089892;1549922;48;True;female;3;True;False;932556;2423
3091060;1550351;8;False;female;8;False;False;932909;2579
3091061;1550351;12;False;female;8;False;False;932910;14281
3091062;1550351;39;False;female;8;False;False;932911;17422
3092339;1550867;61;True;female;6;True;False;933262;5765
3099229;1553596;32;True;male;3;True;False;935434;17860
3099230;1553596;32;True;female;5;True;False;935435;10905
3105710;1556120;29;True;female;4;True;False;937413;7714
3105711;1556120;6;False;male;8;False;False;937414;11826
3105712;1556120;40;False;male;8;True;False;937415;4583
3105713;1556120;3;False;male;8;False;False;937416;10424
3111484;1558316;70;False;female;7;True;False;939140;10719
3111485;1558316;85;False;male;7;True;True;939141;800
3113718;1559254;87;False;female;7;True;False;939833;11791
3113719;1559254;58;True;female;5;True;True;939834;11414
3113720;1559254;61;True;female;5;True;False;939835;3974
3113721;1559254;94;False;male;7;True;True;939836;4073
3116802;1560403;68;False;female;7;True;False;940770;9181
3118448;1561044;71;False;male;7;True;False;941267;9943
3118449;1561044;67;False;female;7;True;False;941268;10931
3118450;1561044;31;False;male;8;True;False;941269;7994
3119735;1561594;78;False;female;7;False;False;941674;419
3124874;1563591;17;False;female;8;False;True;943229;10360
3124875;1563591;49;True;female;5;True;False;943230;10115
3124876;1563591;49;True;male;5;True;True;943231;8136
3130983;1565996;46;True;male;6;True;False;945080;3515
3132427;1566511;71;False;female;7;True;False;945501;11455
3132428;1566511;70;True;male;6;True;False;945502;9047
3132938;1566713;42;False;male;8;True;False;945671;6848
3133313;1566868;17;False;female;8;True;True;945798;11161
3133314;1566868;54;True;female;5;True;False;945799;10115
3133315;1566868;44;True;male;6;True;False;945800;6870
3133316;1566868;20;False;female;8;False;True;945801;11702
3135015;1567538;85;False;female;7;False;False;946294;2046
3137507;1568622;21;False;male;8;False;True;947148;15972
3137508;1568622;23;False;female;8;True;True;947149;11673
3137509;1568622;9;False;female;8;False;False;947150;4079
3137510;1568622;6;False;female;8;False;False;947151;3424
3137511;1568622;49;True;male;6;True;True;947152;15064
3137512;1568622;12;False;female;8;False;False;947153;3882
3137513;1568622;15;False;male;8;False;True;947154;9083
3140739;1569979;1;False;female;8;False;True;947874;1447
3140740;1569979;16;False;female;8;False;False;947875;10475
3140741;1569979;33;True;female;6;True;True;947876;6803
3140742;1569979;64;False;male;7;True;False;947877;9047
3142578;1570721;49;True;female;6;False;True;948276;7185
3142579;1570721;47;True;male;6;True;False;948277;3023
3145609;1571978;40;False;female;8;False;True;948952;16998
3145610;1571978;18;False;female;8;False;False;948953;3123
3145611;1571978;1;False;male;8;False;False;948954;6031
3145612;1571978;47;True;female;5;True;False;948955;11694
3148592;1573360;29;True;female;3;True;True;949609;14965
3148593;1573360;2;False;female;8;False;False;949610;18060
3148594;1573360;34;True;male;4;True;True;949611;7543
3150465;1574166;66;False;female;7;True;False;950032;11245
3150466;1574166;73;True;male;2;True;False;950033;1324
3151021;1574401;26;True;female;5;False;True;950155;5226
3151022;1574401;52;True;female;5;True;False;950156;10459
3151023;1574401;56;True;male;6;True;True;950157;2258
3151024;1574401;24;True;female;5;False;True;950158;14140
3151728;1574719;2;False;female;8;False;True;950309;7341
3151729;1574719;35;False;female;8;True;True;950310;3917
3151730;1574719;37;True;male;3;True;False;950311;2731
3153673;1575571;65;False;female;7;False;False;950738;10226
3154211;1575775;25;True;male;5;False;True;950855;2940
3154212;1575775;61;True;male;6;True;True;950856;4883
3154213;1575775;59;False;female;8;True;True;950857;5399
3155402;1576276;41;True;female;5;True;False;951119;11463
3155403;1576276;10;False;female;8;False;False;951120;4444
3155404;1576276;44;True;male;3;True;False;951121;2201
3155405;1576276;13;False;male;8;False;False;951122;10424
3155851;1576469;66;False;male;7;True;False;951226;11831
3159052;1577783;57;True;male;5;True;True;951934;4869
3159053;1577783;54;True;female;5;True;False;951935;10340
3159664;1578084;69;False;female;7;True;False;952064;10268
3159665;1578084;86;False;male;7;True;False;952065;4345
3159666;1578084;59;True;female;5;True;False;952066;11626
3162354;1579257;54;True;female;4;True;False;952654;2365
3162355;1579257;54;True;male;4;True;False;952655;9054
3166919;1581198;7;False;female;8;False;False;953672;3424
3166920;1581198;35;True;female;5;True;False;953673;11131
3166921;1581198;35;True;male;2;True;False;953674;7716
3166922;1581198;2;False;female;8;False;False;953675;10452
3167898;1581584;43;False;female;8;True;False;953883;15847
3167899;1581584;9;False;male;8;False;False;953884;10950
3167900;1581584;43;True;male;3;True;False;953885;5191
3167901;1581584;4;False;male;8;False;False;953886;11507
3172078;1583308;34;True;male;5;True;False;954807;3821
3172915;1583655;73;False;female;7;True;False;955004;9036
3172916;1583655;74;False;male;7;True;False;955005;11740
3177098;1585369;4;False;female;8;False;False;955916;6280
3177099;1585369;9;False;male;8;False;False;955917;10516
3177100;1585369;31;True;female;5;True;True;955918;10815
3177101;1585369;33;True;male;4;True;False;955919;9244
3178159;1585784;63;True;female;4;False;False;956165;10226
3178160;1585784;29;False;female;8;True;False;956166;9912
3178161;1585784;62;True;male;2;True;True;956167;7465
3179773;1586462;19;False;male;8;True;True;956525;2575
3179774;1586462;22;False;female;8;False;True;956526;10414
3179775;1586462;49;True;female;4;False;True;956527;17481
3180493;1586793;62;True;female;4;True;False;956694;3467
3180494;1586793;41;True;male;4;True;False;956695;6253
3181363;1587143;51;True;male;4;True;False;956892;10372
3181364;1587143;12;False;male;8;False;False;956893;11826
3181365;1587143;44;True;female;4;True;False;956894;10721
3182851;1587770;85;False;female;7;False;False;957221;18079
3184682;1588556;13;False;female;8;False;False;957632;3535
3184683;1588556;17;False;male;8;True;True;957633;2239
3184684;1588556;67;False;male;7;True;False;957634;9920
3184685;1588556;15;False;male;8;True;False;957635;1790
3184716;1588567;6;False;female;8;False;False;957638;1966
3184717;1588567;36;True;female;4;True;False;957639;10610
3184718;1588567;40;True;male;5;True;True;957640;15065
3184719;1588567;2;False;male;8;False;False;957641;10490
3185803;1589050;46;True;male;5;True;False;957886;13987
3185804;1589050;58;True;female;4;True;False;957887;3379
3185996;1589129;72;False;male;7;True;False;957929;11723
3185997;1589129;73;False;female;7;True;False;957930;10478
3186856;1589479;31;True;female;4;True;False;958121;10616
3188067;1589957;22;True;male;5;False;False;958404;4725
3188068;1589957;25;True;male;5;False;True;958405;2381
3188593;1590191;36;True;male;3;True;True;958519;572
3189727;1590645;5;False;female;8;False;False;958762;2041
3189728;1590645;33;True;female;6;True;False;958763;7823
3189729;1590645;9;False;male;8;False;False;958764;10424
3189730;1590645;35;True;male;4;True;True;958765;2785
3197026;1593846;33;True;male;4;True;False;960964;757
3197167;1593910;35;False;male;8;True;True;961004;11751
3197168;1593910;1;False;female;8;False;False;961005;3243
3197169;1593910;27;True;female;5;True;False;961006;8375
3197736;1594133;71;False;female;7;True;False;961171;10580
3197737;1594133;71;False;male;7;True;False;961172;9047
3198630;1594526;2;False;male;8;False;False;961446;10062
3198631;1594526;43;True;male;6;True;False;961447;10496
3198632;1594526;8;False;female;8;False;False;961448;4121
3198633;1594526;4;False;female;8;False;False;961449;7357
3198634;1594526;10;False;male;8;False;False;961450;11400
3198635;1594526;39;False;female;8;True;True;961451;4112
3199995;1595075;19;False;female;8;False;False;961816;10484
3199996;1595075;11;False;male;8;False;True;961817;10099
3199997;1595075;44;True;female;4;True;False;961818;11310
3199998;1595075;45;True;male;3;True;True;961819;10870
3207025;1597975;72;False;female;7;True;False;963858;10719
3207026;1597975;72;False;male;7;True;False;963859;9993
3210780;1599621;63;False;male;7;True;False;964953;11158
3213033;1600546;47;False;male;8;True;True;965568;2529
3213034;1600546;5;False;female;8;False;False;965569;5639
3213035;1600546;40;True;female;3;True;False;965570;4801
3213353;1600685;62;True;male;3;True;False;965660;1234
3213354;1600685;24;False;male;8;False;True;965661;11471
3213355;1600685;64;False;female;7;True;False;965662;11245
3217270;1602313;27;True;male;5;True;True;966768;1917
3218256;1602729;34;True;male;3;True;True;967052;1333
3218257;1602729;4;False;female;8;False;False;967053;2628
3218258;1602729;33;True;female;4;True;True;967054;11304
3220791;1603804;83;False;female;7;True;False;967809;2978
3221840;1604197;75;False;female;7;True;False;968100;7967
3222568;1604515;15;False;male;8;False;False;968307;14691
3222569;1604515;49;True;female;4;True;False;968308;16981
3225089;1605585;31;True;female;3;True;True;969004;14917
3225090;1605585;3;False;male;8;False;False;969005;10912
3225091;1605585;32;True;male;4;True;False;969006;13524
3232982;1608977;63;False;female;7;True;False;971214;9181
3232983;1608977;64;False;male;7;True;False;971215;10034
3234277;1609502;27;True;male;5;True;False;971600;7933
3234278;1609502;30;True;female;3;True;True;971601;2682
3235623;1610129;28;False;male;8;False;False;971985;8817
3235624;1610129;27;True;female;5;False;True;971986;15022
3235625;1610129;57;False;female;8;True;True;971987;4446
3235626;1610129;80;False;male;7;True;True;971988;4073
3245330;1614062;77;False;female;7;True;True;975077;7649
3245331;1614062;78;False;male;7;True;True;975078;1011
3246013;1614302;41;True;female;5;True;False;975272;11131
3246014;1614302;14;False;male;8;False;False;975273;11280
3246015;1614302;58;True;male;4;True;False;975274;4363
3248765;1615340;17;True;male;2;True;True;976064;6686
3248766;1615340;58;False;male;8;True;False;976065;10293
3248767;1615340;50;False;female;8;False;False;976066;14048
3248964;1615425;5;False;female;8;False;False;976116;9226
3248965;1615425;24;False;female;8;False;False;976117;11722
3248966;1615425;26;True;male;5;False;False;976118;6593
3254296;1617470;61;False;male;7;True;False;977633;9968
3254297;1617470;59;True;female;5;True;False;977634;10717
3258907;1619149;64;False;male;7;True;False;978943;11395
3258908;1619149;58;True;female;4;True;False;978944;8578
3264422;1621172;2;False;male;8;False;False;980531;10424
3264423;1621172;25;True;female;6;True;False;980532;14970
3264424;1621172;28;True;male;6;True;False;980533;7880
3266382;1621905;50;True;male;5;True;False;981084;13987
3266383;1621905;51;True;female;5;True;False;981085;11694
3267678;1622367;48;True;female;4;True;False;981442;4233
3267679;1622367;17;False;female;8;True;False;981443;9912
3267680;1622367;22;False;male;8;False;True;981444;5937
3267681;1622367;9;False;female;8;False;False;981445;16322
3267682;1622367;51;True;male;3;True;False;981446;11592
3268722;1622779;37;False;female;8;False;True;981743;2291
3268723;1622779;4;False;male;8;False;True;981744;8054
3268724;1622779;2;False;male;8;False;False;981745;6715
3268725;1622779;43;True;male;6;False;True;981746;2196
3268726;1622779;12;False;male;8;False;False;981747;6470
3274480;1624985;63;True;male;4;True;False;983415;5782
3274481;1624985;62;True;female;4;True;True;983416;8288
3274482;1624985;27;False;male;8;False;False;983417;17521
3278085;1626436;68;False;female;7;True;False;984460;9216
3278086;1626436;69;False;male;7;True;False;984461;10532
3286624;1629683;75;False;female;7;True;False;986953;8613
3287098;1629859;12;False;male;8;False;False;987089;11280
3287099;1629859;15;False;male;8;False;False;987090;8174
3287100;1629859;39;False;female;8;True;False;987091;15084
3287101;1629859;17;False;female;8;False;True;987092;10197
3289438;1630751;28;True;male;4;True;False;987768;4555
3289439;1630751;17;False;male;8;True;False;987769;4019
3289440;1630751;21;True;male;4;False;False;987770;2306
3289441;1630751;57;True;female;6;True;False;987771;11731
3289473;1630768;39;False;female;8;True;False;987778;10922
3289474;1630768;51;False;male;8;True;False;987779;10234
3289552;1630793;52;True;male;6;False;False;987799;14070
3289553;1630793;86;False;female;7;False;False;987800;4001
3289750;1630867;64;False;female;7;True;False;987854;9923
3289751;1630867;61;True;male;6;True;False;987855;18052
3291993;1631723;62;False;female;8;True;False;988474;1358
3291994;1631723;69;True;male;4;True;False;988475;17414
3291995;1631723;22;True;male;5;True;False;988476;402
3292357;1631879;59;True;male;3;True;True;988576;10971
3292358;1631879;53;True;male;4;True;False;988577;2403
3292634;1631979;68;False;female;7;True;False;988655;9923
3293764;1632435;26;True;male;6;True;False;988989;3013
3293765;1632435;24;True;female;5;True;False;988990;14248
3296608;1633484;16;False;male;8;True;True;989803;11381
3296609;1633484;46;True;female;5;True;False;989804;9998
3296610;1633484;23;True;male;5;False;False;989805;6593
3296611;1633484;21;False;female;8;False;True;989806;11702
3296612;1633484;6;False;male;8;False;False;989807;10490
3296613;1633484;17;False;female;8;False;True;989808;11702
3296614;1633484;56;True;male;4;True;True;989809;16359
3303536;1636080;58;False;male;8;False;False;991791;2435
3303537;1636080;52;False;female;8;False;True;991792;2398
3303626;1636102;3;False;female;8;False;False;991814;16254
3303627;1636102;44;True;male;5;True;True;991815;18179
3303628;1636102;34;True;female;5;True;True;991816;10815
3303629;1636102;6;False;male;8;False;False;991817;10490
3304751;1636571;76;False;male;7;True;True;992151;6841
3304752;1636571;64;False;female;7;False;False;992152;10308
3305636;1636950;34;True;female;4;True;True;992412;1329
3306264;1637214;50;True;female;4;True;False;992598;1215
3306265;1637214;26;True;female;4;True;False;992599;15232
3306266;1637214;20;True;female;5;False;False;992600;3405
3306267;1637214;50;True;male;4;True;False;992601;4363
3307994;1637865;48;False;male;8;True;True;993108;6305
3307995;1637865;48;True;female;4;False;True;993109;1797
3308120;1637916;64;False;male;7;True;False;993146;10214
3308121;1637916;26;True;male;5;False;True;993147;2940
3308122;1637916;63;False;female;7;True;False;993148;11213
3309154;1638298;83;False;female;7;False;False;993428;5712
3309155;1638298;83;False;male;7;True;True;993429;800
3310124;1638662;83;False;male;7;True;False;993713;2757
3310125;1638662;85;False;female;7;True;False;993714;10729
3321862;1643286;45;True;male;3;True;True;996882;7737
3321863;1643286;19;False;female;8;True;True;996883;790
3322701;1643631;35;True;male;4;True;False;997053;17634
3322932;1643739;60;True;male;4;True;True;997099;1701
3322933;1643739;58;True;female;3;True;False;997100;5313
3324043;1644163;8;False;female;8;False;False;997319;6880
3324044;1644163;35;True;female;4;True;False;997320;10711
3324045;1644163;33;True;male;5;True;False;997321;17233
3324046;1644163;2;False;male;8;False;False;997322;10912
3327405;1645470;92;False;female;7;True;False;997997;454
3331500;1647168;60;True;female;5;True;False;998825;11764
3331501;1647168;20;True;female;5;True;False;998826;14750
3331502;1647168;20;True;female;5;True;False;998827;2860
3331813;1647288;56;True;female;3;True;True;998888;1348
3335588;1648839;47;False;female;8;True;False;999648;10313
3335589;1648839;15;False;male;8;False;True;999649;10953
3335590;1648839;12;False;male;8;False;False;999650;10516
3335591;1648839;17;False;female;8;False;False;999651;10475
3335592;1648839;56;True;male;3;True;True;999652;11235
3336237;1649110;41;True;female;3;True;False;999773;7823
3336238;1649110;10;False;male;8;False;False;999774;10490
3336239;1649110;50;True;male;5;True;False;999775;7241
3336240;1649110;7;False;female;8;False;False;999776;13399
3340344;1650762;39;True;female;6;True;False;1000588;18200
3340377;1650784;12;False;female;8;False;True;1000595;6674
3340378;1650784;46;True;female;4;True;False;1000596;4139
3352276;1655530;9;False;male;8;False;False;1002976;10424
3352277;1655530;37;True;female;4;True;False;1002977;10721
3352278;1655530;38;True;male;4;True;False;1002978;15867
3352279;1655530;4;False;male;8;False;False;1002979;11643
3353920;1656210;61;True;male;4;True;False;1003303;3063
3353921;1656210;76;False;female;7;True;True;1003304;7862
3357567;1657722;38;True;male;5;True;False;1004033;6142
3357568;1657722;30;True;female;5;True;False;1004034;8986
3358571;1658125;88;False;female;7;True;True;1004231;417
3362340;1659631;20;False;female;8;False;False;1004991;11556
3362341;1659631;48;True;female;3;True;False;1004992;8284
3362342;1659631;22;False;male;8;False;True;1004993;7113
3362343;1659631;48;True;male;3;True;False;1004994;11691
3366080;1661081;19;False;female;8;False;False;1005746;10484
3366081;1661081;51;True;male;6;True;True;1005747;5606
3366082;1661081;47;True;female;4;True;False;1005748;3957
3368162;1661922;26;True;female;4;True;True;1006163;14647
3368163;1661922;26;True;male;4;True;True;1006164;3089
3368735;1662152;77;False;female;7;True;False;1006279;4054
3368736;1662152;78;False;male;7;True;False;1006280;5204
3369039;1662282;4;False;female;8;False;False;1006341;11775
3369040;1662282;6;False;female;8;False;False;1006342;2519
3369041;1662282;43;True;female;4;True;False;1006343;11478
3369042;1662282;47;True;male;3;True;True;1006344;10870
3369436;1662434;71;False;female;7;True;False;1006423;10931
3369437;1662434;69;False;male;7;True;False;1006424;9029
3370471;1662880;33;True;female;5;True;False;1006630;8986
3371582;1663343;51;True;male;6;True;False;1006851;14869
3371583;1663343;36;False;female;8;True;False;1006852;3485
3371584;1663343;11;False;female;8;False;False;1006853;7016
3371603;1663348;17;False;male;8;False;True;1006854;14266
3371604;1663348;13;False;female;8;False;False;1006855;7289
3371605;1663348;44;True;female;4;True;True;1006856;11304
3371606;1663348;18;False;male;8;True;True;1006857;10169
3371607;1663348;48;True;male;6;True;False;1006858;16860
3376727;1665395;52;True;female;4;True;True;1007878;7180
3376728;1665395;17;False;male;8;False;False;1007879;625
3376729;1665395;15;False;male;8;True;True;1007880;8195
3376730;1665395;52;True;male;3;True;True;1007881;10712
3376862;1665455;6;False;female;8;False;False;1007905;3424
3376863;1665455;19;True;female;4;False;False;1007906;8567
3376864;1665455;10;False;male;8;False;False;1007907;11280
3376865;1665455;39;True;female;4;True;False;1007908;10463
3376866;1665455;52;True;male;5;True;True;1007909;6982
3376867;1665455;13;False;male;8;False;False;1007910;10516
3376868;1665455;17;False;female;8;False;True;1007911;10197
3381991;1667553;30;True;male;3;True;True;1008931;5439
3381992;1667553;27;True;female;5;True;False;1008932;16309
3385713;1669060;20;False;female;8;False;True;1009667;11702
3385714;1669060;48;True;female;6;True;False;1009668;3992
3385715;1669060;50;True;male;5;True;False;1009669;7241
3387486;1669787;73;False;male;7;True;False;1010025;9943
3400026;1674841;41;True;male;3;True;True;1013723;2617
3400027;1674841;7;False;female;8;False;True;1013724;8739
3400028;1674841;40;True;female;3;True;True;1013725;8723
3400029;1674841;4;False;female;8;False;False;1013726;14566
3404453;1676677;53;True;female;5;True;False;1015028;10649
3405859;1677291;5;False;male;8;False;False;1015427;10950
3405860;1677291;3;False;female;8;False;True;1015428;1447
3405861;1677291;28;True;female;4;True;False;1015429;6795
3405862;1677291;30;True;male;3;True;False;1015430;16863
3409136;1678640;8;False;male;8;False;False;1016460;10200
3409137;1678640;10;False;male;8;False;False;1016461;10200
3409138;1678640;17;True;male;6;True;False;1016462;7880
3409139;1678640;20;False;female;8;True;False;1016463;9197
3409140;1678640;62;False;male;7;True;False;1016464;11740
3409141;1678640;42;True;female;5;True;False;1016465;11286
3410204;1679099;74;False;male;7;False;False;1016775;5074
3410205;1679099;75;False;female;7;False;True;1016776;1873
3412903;1680221;39;True;female;5;True;False;1017572;11384
3417579;1682139;56;True;male;4;True;False;1018968;3671
3417580;1682139;55;True;female;5;True;False;1018969;10301
3417872;1682266;23;False;male;8;True;True;1019051;11461
3417873;1682266;53;True;male;3;True;False;1019052;11615
3417874;1682266;52;True;female;3;True;False;1019053;10658
3418524;1682518;30;True;male;4;True;False;1019243;13524
3420200;1683189;50;True;female;6;True;False;1019714;14347
3420201;1683189;48;True;male;6;True;True;1019715;11170
3420202;1683189;20;False;female;8;False;False;1019716;11722
3424577;1685111;70;False;female;7;True;False;1021062;10339
3427948;1686498;63;False;female;7;True;False;1022086;10478
3428089;1686572;61;False;female;8;True;False;1022137;14544
3428090;1686572;52;False;male;8;True;False;1022138;7655
3429687;1687230;32;True;female;5;True;False;1022634;10426
3430454;1687557;25;True;male;6;True;True;1022880;5817
3430455;1687557;24;True;female;5;False;True;1022881;8765
3434751;1689370;52;True;female;3;True;True;1024144;14953
3436897;1690252;28;True;female;3;True;False;1024777;3797
3437370;1690419;82;False;female;7;False;False;1024909;2255
3438132;1690734;53;True;female;6;True;True;1025142;4732
3442344;1692456;15;False;male;8;False;True;1026386;2228
3442345;1692456;16;False;male;8;False;True;1026387;8070
3442346;1692456;54;True;female;6;True;False;1026388;10658
3442978;1692717;61;True;male;2;True;False;1026674;2307
3449882;1695480;16;False;male;8;True;True;1028659;11418
3449883;1695480;41;False;female;8;True;False;1028660;1649
3449884;1695480;14;False;male;8;False;False;1028661;11650
3449885;1695480;40;True;male;6;True;False;1028662;7709
3449886;1695480;6;False;male;8;False;True;1028663;10099
3450276;1695668;50;False;male;8;True;False;1028788;4125
3450277;1695668;51;False;female;8;False;True;1028789;5568
3450278;1695668;85;False;male;7;True;False;1028790;4345
3451352;1696095;77;False;male;7;True;True;1029101;18095
3452163;1696402;51;True;male;6;True;False;1029324;16860
3457272;1698481;56;True;male;3;True;False;1030793;11246
3457273;1698481;72;False;female;7;True;False;1030794;11226
3457655;1698621;26;True;female;4;True;True;1030902;4903
3460361;1699653;67;False;female;7;True;False;1031675;10580
3460362;1699653;73;False;male;7;True;False;1031676;10018
3460624;1699778;59;True;female;5;True;False;1031757;10717
3467454;1702671;35;False;male;8;True;False;1033711;8563
3469472;1703507;76;False;female;7;False;True;1034299;3348
3469473;1703507;79;False;male;7;True;False;1034300;8642
3477129;1706677;34;True;female;4;True;False;1036475;10463
3477130;1706677;35;True;male;2;True;False;1036476;15961
3477131;1706677;4;False;male;8;False;False;1036477;11280
3477132;1706677;1;False;female;8;False;False;1036478;8583
3478416;1707145;34;True;female;5;True;False;1036863;10295
3478417;1707145;38;True;male;3;True;True;1036864;718
3478418;1707145;5;False;female;8;False;False;1036865;6527
3478779;1707286;31;True;male;4;True;False;1036967;8266
3478780;1707286;26;True;female;5;True;False;1036968;7000
3485113;1709776;75;False;male;7;True;False;1038822;14378
3486809;1710502;25;True;female;5;True;True;1039302;6202
3486810;1710502;23;True;male;4;False;True;1039303;5863
3489785;1711747;12;False;female;8;False;False;1040127;8334
3489786;1711747;46;True;male;3;True;False;1040128;9965
3489787;1711747;45;True;female;4;True;True;1040129;1401
3495198;1713946;43;True;female;5;True;False;1041704;10905
3497908;1715021;51;True;male;5;True;True;1042475;2865
3497909;1715021;50;True;female;5;True;False;1042476;11624
3499957;1715856;27;False;male;8;False;False;1043119;6889
3499958;1715856;71;False;female;7;True;False;1043120;319
3500668;1716103;76;False;male;7;True;False;1043265;154
3500669;1716103;15;False;female;8;True;True;1043266;2982
3500670;1716103;15;False;female;8;True;True;1043267;6119
3501006;1716207;28;True;female;5;False;True;1043339;9171
3501007;1716207;2;False;female;8;False;False;1043340;2579
3501008;1716207;26;False;male;8;False;False;1043341;1810
3501009;1716207;8;False;male;8;False;False;1043342;273
3502192;1716664;65;False;female;8;True;False;1043600;4352
3502193;1716664;1;False;female;8;False;False;1043601;2988
3502194;1716664;4;False;male;8;False;True;1043602;407
3502195;1716664;32;True;female;5;True;False;1043603;2572
3502196;1716664;39;True;male;5;True;False;1043604;8656
3503017;1716979;58;True;female;3;True;True;1043779;3938
3503284;1717093;13;False;male;8;False;False;1043831;3020
3503285;1717093;16;False;female;8;False;False;1043832;15182
3503286;1717093;43;True;female;5;True;False;1043833;3719
3503287;1717093;42;True;male;4;True;True;1043834;17126
3503288;1717093;8;False;male;8;False;True;1043835;3577
3504716;1717740;72;False;female;7;True;False;1044150;2730
3504717;1717740;75;False;male;7;True;False;1044151;2539
3504770;1717761;1;False;female;8;False;False;1044162;3424
3504771;1717761;33;False;female;8;True;True;1044163;2101
3504772;1717761;37;True;male;4;True;True;1044164;4944
3504773;1717761;5;False;male;8;False;False;1044165;273
3510132;1719952;75;False;male;7;True;False;1045331;154
3510133;1719952;71;False;female;7;True;False;1045332;3254
3511191;1720408;66;False;female;7;True;False;1045566;3071
3511192;1720408;36;True;male;3;True;True;1045567;3814
3511193;1720408;72;False;male;7;True;False;1045568;3215
3511238;1720429;62;False;male;7;True;False;1045577;3789
3511239;1720429;45;True;female;4;True;False;1045578;13373
3511240;1720429;7;False;female;8;False;False;1045579;3514
3513223;1721304;66;False;female;7;True;True;1046020;3489
3513224;1721304;69;False;male;7;True;False;1046021;3804
3519383;1723894;21;False;male;8;False;True;1047346;6286
3519384;1723894;64;False;male;7;True;False;1047347;358
3519385;1723894;21;False;male;8;False;True;1047348;3902
3519386;1723894;59;True;female;3;True;True;1047349;3938
3525663;1726475;45;True;male;3;True;False;1048730;3599
3525926;1726583;61;False;female;7;True;False;1048794;3031
3525927;1726583;58;False;male;8;False;True;1048795;709
3527138;1727048;25;True;female;5;False;False;1049069;11583
3527139;1727048;49;True;female;5;True;False;1049070;297
3527140;1727048;40;True;male;4;True;False;1049071;6770
3533034;1729506;23;True;female;4;True;False;1050386;3991
3533035;1729506;60;False;male;8;True;False;1050387;5887
3533036;1729506;60;False;female;7;True;True;1050388;3104
3537702;1731377;73;False;male;7;True;False;1051415;2837
3537703;1731377;72;False;female;7;True;False;1051416;3756
3539622;1732158;55;False;male;8;True;True;1051836;8438
3540133;1732370;67;True;female;3;False;False;1051950;4268
3540134;1732370;73;True;male;3;True;True;1051951;1299
3540954;1732764;60;False;male;8;True;False;1052140;10207
3542440;1733370;66;False;female;7;False;True;1052474;1682
3543662;1733930;3;False;male;8;False;False;1052748;3759
3543663;1733930;32;True;female;4;False;True;1052749;6368
3543664;1733930;33;True;male;5;True;False;1052750;10261
3549540;1736232;71;False;female;8;True;True;1054025;892
3553107;1737710;45;True;female;3;True;False;1054803;3500
3553108;1737710;43;False;male;8;True;True;1054804;3775
3553109;1737710;9;False;female;8;False;False;1054805;2519
3553827;1738011;57;True;male;3;True;True;1054962;3893
3553830;1738014;57;True;male;3;True;False;1054962;190
3554160;1738147;58;True;male;6;True;False;1055036;9094
3554161;1738147;58;True;female;3;True;False;1055037;3500
3555667;1738723;18;False;male;8;False;True;1055371;6736
3555668;1738723;15;False;male;8;False;True;1055372;11471
3555669;1738723;21;False;male;8;True;True;1055373;10169
3555670;1738723;52;True;male;3;True;False;1055374;3442
3557059;1739298;75;False;female;7;True;True;1055683;7862
3558827;1740042;29;False;female;8;True;False;1056078;5320
3558828;1740042;57;True;female;3;True;False;1056079;3296
3559329;1740249;68;False;male;7;True;False;1056187;2569
3559330;1740249;61;False;female;8;False;False;1056188;10487
3559843;1740464;85;False;female;8;True;False;1056288;1470
3559844;1740464;89;False;male;7;True;False;1056289;2539
3563991;1742200;80;False;female;7;True;False;1057192;15887
3570636;1744821;34;True;male;3;True;False;1058948;323
3570637;1744821;48;True;male;4;True;False;1058949;2817
3571240;1745069;14;False;male;8;False;True;1059071;3409
3571241;1745069;49;False;female;8;True;False;1059072;13546
3571242;1745069;52;True;male;4;True;True;1059073;14031
3572475;1745585;7;False;male;8;False;False;1059310;3508
3572476;1745585;43;True;male;5;True;True;1059311;5035
3572477;1745585;39;True;female;3;True;True;1059312;3497
3572478;1745585;5;False;male;8;False;False;1059313;3730
3572518;1745600;76;False;male;7;True;False;1059319;3455
3572519;1745600;77;False;female;7;True;False;1059320;8548
3575757;1746882;33;False;female;8;False;True;1059968;8826
3575758;1746882;57;True;female;5;True;False;1059969;369
3575759;1746882;58;True;male;4;True;False;1059970;1699
3577802;1747732;81;False;male;7;False;False;1060376;731
3580312;1748805;9;False;female;8;False;False;1060877;3514
3580313;1748805;3;False;female;8;False;False;1060878;3424
3580314;1748805;2;False;male;8;False;False;1060879;3759
3580315;1748805;30;True;female;4;True;False;1060880;10920
3580316;1748805;33;True;male;6;True;False;1060881;7709
3581127;1749107;83;False;female;7;True;True;1061041;1482
3581128;1749107;54;True;male;6;False;True;1061042;7462
3585243;1750757;52;True;male;4;True;False;1061855;9054
3585877;1751049;32;True;male;2;True;False;1061977;6667
3585878;1751049;27;True;female;4;True;False;1061978;14755
3586819;1751444;7;False;female;8;False;True;1062168;3268
3586820;1751444;38;True;female;4;True;False;1062169;10721
3588029;1751912;44;True;male;4;True;False;1062407;5021
3588030;1751912;70;False;female;7;True;False;1062408;3756
3588350;1752032;51;True;female;6;True;True;1062474;1312
3588351;1752032;54;True;male;6;True;False;1062475;17204
3591471;1753324;81;False;male;7;True;False;1063102;199
3591472;1753324;77;False;female;7;True;False;1063103;2742
3593073;1753967;11;False;female;8;False;True;1063410;3618
3593074;1753967;51;True;female;5;True;False;1063411;3385
3593075;1753967;59;True;male;4;True;False;1063412;1190
3593076;1753967;11;False;female;8;False;False;1063413;2988
3598513;1756253;31;True;female;5;True;False;1064489;3159
3598514;1756253;34;True;male;4;True;False;1064490;16272
3598515;1756253;7;False;female;8;False;False;1064491;2628
3598516;1756253;5;False;male;8;False;False;1064492;273
3600184;1756959;55;True;female;3;True;True;1064820;3447
3600185;1756959;63;True;male;3;True;False;1064821;1234
3607229;1759896;29;False;male;8;False;False;1066238;1374
3607230;1759896;53;True;female;3;True;True;1066239;3911
3608207;1760299;14;False;male;8;False;False;1066431;3759
3608208;1760299;14;False;female;8;False;False;1066432;3514
3608209;1760299;49;True;female;6;True;True;1066433;4732
3608210;1760299;22;True;female;5;False;True;1066434;10442
3611170;1761494;55;True;male;6;True;False;1067027;10228
3611171;1761494;17;False;male;8;False;True;1067028;11471
3611300;1761548;62;False;female;7;True;False;1067054;2730
3613866;1762675;50;True;male;4;True;False;1067568;17501
3613867;1762675;18;False;female;8;False;True;1067569;16553
3613868;1762675;16;False;female;8;True;False;1067570;3466
3613869;1762675;51;True;female;4;True;False;1067571;3978
3616022;1763539;53;True;male;3;True;False;1067994;3173
3616023;1763539;53;False;female;8;True;False;1067995;16287
3621482;1765750;83;False;female;7;True;False;1069087;14547
3621483;1765750;83;False;male;7;True;False;1069088;2539
3623888;1766746;61;True;male;6;False;False;1069566;11715
3624443;1766971;66;False;male;7;True;False;1069676;2569
3624444;1766971;69;False;female;7;True;False;1069677;3793
3625292;1767337;81;False;male;7;True;False;1069848;3585
3625293;1767337;82;False;female;7;False;False;1069849;15895
3628539;1768666;79;False;male;7;True;False;1070494;3163
3628540;1768666;75;False;female;7;True;False;1070495;5111
3632160;1770165;76;False;male;7;True;False;1071556;2757
3632161;1770165;74;False;female;7;False;True;1071557;3460
3632249;1770204;56;True;female;3;True;True;1071584;3447
3632250;1770204;21;False;male;8;True;False;1071585;4724
3634050;1770984;71;False;male;7;True;False;1072125;2569
3636816;1772182;62;True;female;5;True;True;1072974;1323
3636817;1772182;30;True;male;3;True;True;1072975;2617
3636818;1772182;16;False;female;8;False;True;1072976;1388
3637830;1772608;59;True;male;4;True;False;1073268;10587
3637831;1772608;31;False;female;8;True;False;1073269;10644
3637832;1772608;26;True;male;4;True;False;1073270;1695
3637833;1772608;52;True;female;5;True;False;1073271;3677
3639673;1773408;30;True;male;3;True;True;1073818;610
3641279;1774145;95;False;female;8;False;True;1074300;7785
3642185;1774535;70;False;male;7;True;True;1074586;2636
3642186;1774535;70;False;female;7;True;False;1074587;2692
3644192;1775435;56;True;female;3;True;False;1075199;2956
3650816;1778441;61;False;female;8;True;False;1077257;14544
3651882;1778936;60;True;male;6;True;False;1077588;1581
3652365;1779162;11;False;female;8;False;False;1077729;3549
3652366;1779162;13;False;female;8;False;False;1077730;3424
3652367;1779162;42;True;female;4;True;False;1077731;11629
3652368;1779162;42;True;male;2;True;False;1077732;6667
3652490;1779208;66;True;male;5;True;False;1077765;7637
3652491;1779208;68;False;female;7;True;False;1077766;3693
3653186;1779481;72;False;male;7;True;False;1077988;3804
3653187;1779481;77;False;female;7;True;False;1077989;5161
3656656;1780917;45;True;female;4;True;True;1079074;1401
3656657;1780917;45;True;male;3;True;True;1079075;2693
3656658;1780917;11;False;male;8;False;True;1079076;31
3656659;1780917;7;False;male;8;False;False;1079077;2718
3659475;1782145;74;False;female;7;True;False;1079927;3118
3659476;1782145;74;False;male;7;True;False;1079928;2569
3659796;1782296;65;False;female;8;True;False;1080021;8542
3663833;1784118;67;False;female;7;True;False;1081213;3467
3663834;1784118;21;False;male;8;False;True;1081214;2228
3668180;1786027;27;False;female;8;True;True;1082566;2658
3668181;1786027;43;True;male;3;True;True;1082567;3264
3668182;1786027;7;False;male;8;False;False;1082568;184
3668183;1786027;38;True;female;3;True;False;1082569;16898
3668184;1786027;5;False;female;8;False;False;1082570;2988
3668185;1786027;5;False;male;8;False;False;1082571;3543
3668594;1786215;9;False;male;8;False;False;1082702;3508
3668595;1786215;41;True;female;3;True;False;1082703;913
3668596;1786215;41;True;male;3;True;False;1082704;394
3668597;1786215;9;False;female;8;False;True;1082705;3618
3670402;1787037;28;True;male;4;True;False;1083250;4978
3670403;1787037;28;True;female;3;False;True;1083251;17803
3670960;1787312;78;False;male;7;True;False;1083419;2793
3670961;1787312;76;False;female;7;True;False;1083420;4404
3673660;1788457;57;True;female;3;True;False;1084264;2956
3673661;1788457;58;True;male;3;True;True;1084265;3429
3673662;1788457;20;False;male;8;False;False;1084266;7010
3675161;1789146;77;True;male;3;True;False;1084722;10416
3675162;1789146;16;False;male;8;False;True;1084723;9083
3675163;1789146;41;True;female;4;False;True;1084724;9261
3677862;1790366;72;False;female;7;True;True;1085542;17479
3683925;1793101;57;True;female;5;True;False;1087391;2967
3683940;1793112;55;True;female;5;True;False;1087395;3393
3684415;1793326;61;True;female;3;True;False;1087530;3812
3684416;1793326;62;True;male;3;True;False;1087531;4955
3684417;1793326;25;True;male;3;True;False;1087532;9160
3688032;1794955;44;True;male;3;True;False;1088606;323
3688033;1794955;42;True;female;5;True;False;1088607;2646
3688034;1794955;1;False;female;8;False;True;1088608;3618
3689367;1795588;60;True;female;3;True;False;1089015;5765
3689368;1795588;24;True;female;4;True;True;1089016;4222
3689388;1795600;57;True;female;4;True;False;1089023;7789
3691738;1796638;23;False;female;8;False;True;1089724;13347
3691739;1796638;52;True;male;2;True;False;1089725;8775
3691740;1796638;56;True;female;3;True;False;1089726;212
3697305;1799097;80;False;female;7;True;False;1091496;2978
3697306;1799097;50;True;male;3;True;True;1091497;3875
3697307;1799097;3;False;female;8;False;False;1091498;3424
3697308;1799097;39;True;female;6;True;True;1091499;8621
3697367;1799128;65;False;male;7;True;False;1091519;2888
3697368;1799128;64;False;female;8;True;False;1091520;11245
3702833;1801552;43;False;male;8;False;True;1093135;14085
3704217;1802174;44;False;female;8;False;True;1093535;7138
3707561;1803681;71;True;male;3;True;False;1094523;17979
3707562;1803681;66;True;female;4;True;False;1094524;17642
3707563;1803681;1;False;female;8;False;False;1094525;3188
3707564;1803681;36;True;female;5;True;False;1094526;261
3707565;1803681;12;False;female;8;False;False;1094527;2864
3707566;1803681;10;False;female;8;False;False;1094528;2519
3707567;1803681;28;False;female;8;True;True;1094529;6119
3714636;1806805;48;True;female;3;True;False;1096677;3076
3714637;1806805;12;False;male;8;False;False;1096678;3508
3714638;1806805;50;True;female;3;True;False;1096679;2857
3714639;1806805;15;False;female;8;True;False;1096680;5320
3717684;1808164;69;False;female;7;False;False;1097551;357
3718383;1808469;41;True;female;5;False;True;1097750;563
3718844;1808672;7;False;male;8;False;False;1097878;3727
3718845;1808672;36;True;male;3;True;False;1097879;2822
3718846;1808672;4;False;male;8;False;True;1097880;407
3718847;1808672;37;False;female;8;True;False;1097881;14574
3721256;1809682;55;True;female;4;True;False;1098553;575
3723857;1810847;67;False;female;7;True;False;1099291;3479
3723858;1810847;72;False;male;7;True;False;1099292;2888
3725844;1811697;40;True;male;5;True;True;1099845;7659
3727662;1812531;59;False;female;8;False;False;1100365;14048
3732387;1814619;74;False;male;7;True;False;1101730;282
3732388;1814619;64;False;female;7;True;False;1101731;3479
3732812;1814802;25;True;female;5;False;True;1101849;2709
3734536;1815592;94;False;male;7;True;True;1102341;445
3734537;1815592;90;False;female;7;False;True;1102342;1345
3739401;1817746;70;False;male;7;True;False;1103707;3490
3739402;1817746;14;False;male;8;False;False;1103708;3730
3739403;1817746;16;False;male;8;False;True;1103709;14027
3739404;1817746;6;False;female;8;False;False;1103710;3549
3741038;1818447;13;False;female;8;False;False;1104164;2864
3741039;1818447;43;True;male;3;True;True;1104165;3775
3741040;1818447;41;True;female;4;True;False;1104166;4923
3741041;1818447;10;False;female;8;False;False;1104167;3243
3745140;1820316;86;False;male;7;True;False;1105327;2872
3745141;1820316;83;False;female;7;True;False;1105328;15960
3746920;1821074;93;False;female;7;True;False;1105829;3681
3749598;1822291;17;False;male;8;False;True;1106593;15076
3749599;1822291;14;False;female;8;False;False;1106594;14607
3749600;1822291;12;False;male;8;False;False;1106595;6346
3753364;1824014;52;True;male;3;True;True;1107695;3429
3753365;1824014;22;False;female;8;False;False;1107696;2680
3753366;1824014;63;True;female;4;False;False;1107697;3454
3758450;1826297;59;True;male;6;False;False;1109156;2503
3758669;1826393;82;False;male;7;True;True;1109219;289
3758670;1826393;76;False;female;7;True;False;1109220;11791
3759393;1826740;49;True;male;3;True;False;1109429;190
3760239;1827112;37;True;male;4;True;False;1109674;9951
3762925;1828269;97;False;female;7;False;True;1110414;1189
3773008;1832805;57;False;female;8;True;False;1113286;17493
3773009;1832805;24;True;male;3;True;True;1113287;17490
3774399;1833428;66;True;female;4;True;False;1113692;17096
3774400;1833428;69;False;male;7;True;False;1113693;358
3775696;1834007;72;False;female;7;False;False;1114059;14090
3776515;1834363;30;True;male;4;True;False;1114278;6770
3776516;1834363;30;True;female;3;True;True;1114279;14157
3776517;1834363;1;False;male;8;False;False;1114280;3135
3777200;1834704;50;True;female;3;True;False;1114472;53
3777201;1834704;15;False;female;8;True;True;1114473;14994
3777202;1834704;53;True;male;3;True;False;1114474;3685
3777203;1834704;11;False;female;8;False;False;1114475;3424
3777829;1834992;73;False;female;7;True;False;1114657;3649
3777830;1834992;77;False;male;7;True;False;1114658;2539
3780245;1835993;13;False;male;8;False;True;1115474;3577
3780246;1835993;9;False;male;8;False;False;1115475;3730
3780247;1835993;7;False;female;8;False;True;1115476;293
3780248;1835993;39;False;female;8;True;False;1115477;3485
3780712;1836185;73;False;female;7;True;False;1115620;3248
3780713;1836185;60;True;male;5;True;False;1115621;7187
3782269;1836804;36;True;male;4;True;False;1116147;1021
3782270;1836804;10;False;female;8;False;False;1116148;3188
3782271;1836804;32;True;female;5;False;False;1116149;3239
3789749;1839798;71;False;female;7;True;False;1118488;3118
3789750;1839798;96;False;male;7;True;False;1118489;3476
3791518;1840477;58;True;female;4;True;False;1119055;5800
3791519;1840477;25;False;male;8;False;True;1119056;5292
3792945;1841058;30;True;male;6;True;True;1119489;11341
3796526;1842466;10;False;female;8;False;False;1120597;15171
3796527;1842466;18;False;female;8;True;True;1120598;841
3796528;1842466;15;False;female;8;False;True;1120599;7073
3796529;1842466;47;False;female;8;False;True;1120600;14058
3796530;1842466;57;True;male;6;True;True;1120601;1923
3797037;1842653;6;False;female;8;False;False;1120753;3424
3797038;1842653;62;False;female;8;True;True;1120754;399
3797039;1842653;28;False;female;8;False;False;1120755;15182
3797948;1843016;47;True;female;3;True;True;1121049;3911
3797949;1843016;16;False;female;8;False;False;1121050;10475
3797950;1843016;48;True;male;3;True;True;1121051;3429
3799411;1843609;47;False;male;8;True;True;1121540;4153
3799412;1843609;68;False;female;7;True;False;1121541;17697
3799413;1843609;72;False;male;7;True;True;1121542;18085
3801639;1844498;27;True;female;5;True;False;1122215;14750
3801640;1844498;31;True;male;6;True;True;1122216;16270
3802707;1844955;24;True;female;5;True;False;1122537;1176
3802708;1844955;25;True;male;6;True;False;1122538;3013
3802709;1844955;71;False;female;7;True;False;1122539;3118
3802710;1844955;69;False;male;7;True;True;1122540;2636
3807540;1846927;65;False;male;7;True;False;1124109;358
3807541;1846927;66;False;female;7;True;False;1124110;3493
3810175;1848004;61;False;female;7;True;False;1124957;3833
3810176;1848004;65;True;male;3;True;False;1124958;14241
3816950;1850746;32;True;male;3;True;True;1127080;3848
3816951;1850746;31;True;female;3;True;False;1127081;4889
3817636;1851003;72;False;female;8;True;False;1127292;7078
3817637;1851003;76;False;male;7;True;False;1127293;2757
3817638;1851003;41;True;female;6;True;False;1127294;4021
3818643;1851400;52;True;female;3;True;False;1127612;212
3820782;1852246;54;True;male;3;True;False;1128304;2853
3820783;1852246;57;True;female;4;True;False;1128305;4233
3820784;1852246;23;False;male;8;True;False;1128306;4724
3820978;1852310;43;True;male;4;True;False;1128365;17634
3824009;1853592;7;False;male;8;False;True;1129336;407
3824010;1853592;44;True;female;4;False;True;1129337;2807
3826213;1854500;63;False;male;7;True;False;1130019;3922
3826214;1854500;60;True;female;5;True;True;1130020;17926
3829448;1855861;46;True;male;4;True;False;1131061;6169
3829449;1855861;1;False;male;8;False;True;1131062;407
3829450;1855861;3;False;female;8;False;False;1131063;2864
3829490;1855880;77;False;female;7;True;False;1131072;6514
3829491;1855880;76;False;male;7;True;True;1131073;3150
3829916;1856060;23;True;female;5;False;True;1131198;8616
3830778;1856395;14;False;female;8;False;True;1131452;3268
3830779;1856395;45;True;female;4;True;True;1131453;156
3830780;1856395;47;True;male;3;True;True;1131454;2529
3830781;1856395;11;False;female;8;False;False;1131455;2864
3833498;1857484;33;True;female;3;True;False;1132306;4721
3833499;1857484;4;False;female;8;False;False;1132307;3882
3833500;1857484;39;True;male;3;True;False;1132308;2719
3835638;1858334;55;True;female;5;True;False;1132977;297
3835639;1858334;23;True;female;6;True;False;1132978;5433
3839680;1859921;29;True;female;4;True;False;1134188;17028
3840653;1860291;77;False;male;7;True;False;1134499;199
3840654;1860291;75;False;female;7;False;False;1134500;14523
3840691;1860310;45;True;male;4;True;False;1134514;14540
3841474;1860643;17;False;female;8;True;False;1134762;9912
3841475;1860643;53;True;female;3;True;False;1134763;212
3841476;1860643;20;True;male;4;True;False;1134764;1695
3845264;1862103;12;False;female;8;False;False;1136309;2628
3845265;1862103;37;False;female;8;True;False;1136310;17365
3845266;1862103;46;True;male;4;False;False;1136311;420
3845267;1862103;9;False;male;8;False;False;1136312;3730
3845268;1862103;5;False;female;8;False;False;1136313;3424
3845374;1862147;75;False;female;7;False;False;1136351;7019
3845375;1862147;76;False;male;7;True;False;1136352;3787
3845705;1862273;27;True;female;6;True;True;1136450;5990
3850391;1864220;78;False;male;7;True;False;1137948;2872
3850392;1864220;74;False;female;7;True;False;1137949;3467
3851029;1864494;13;False;male;8;False;True;1138138;3577
3851030;1864494;15;False;female;8;False;False;1138139;13733
3851031;1864494;45;True;female;4;True;True;1138140;548
3851032;1864494;47;True;male;6;True;False;1138141;2812
3851033;1864494;18;False;female;8;False;False;1138142;1533
3851711;1864759;58;True;male;3;True;False;1138347;2704
3851712;1864759;18;False;male;8;False;False;1138348;11713
3851713;1864759;16;False;female;8;False;True;1138349;10471
3854452;1865916;1;False;female;8;False;False;1139213;3369
3854453;1865916;33;True;female;5;True;False;1139214;2941
3854454;1865916;34;True;male;4;True;False;1139215;14734
3854455;1865916;4;False;male;8;False;False;1139216;3759
3854845;1866082;65;False;male;7;True;True;1139328;3839
3855527;1866379;4;False;male;8;False;False;1139535;3020
3855528;1866379;31;True;male;3;True;False;1139536;394
3855529;1866379;1;False;male;8;False;False;1139537;15
3855530;1866379;26;True;female;5;True;True;1139538;6449
3856569;1866802;76;False;female;7;True;True;1139876;1165
3861030;1868695;25;False;female;8;False;True;1141245;11203
3861031;1868695;17;False;male;8;False;True;1141246;2228
3861032;1868695;22;False;female;8;False;False;1141247;1948
3861033;1868695;57;True;female;4;True;False;1141248;18158
3861034;1868695;51;True;male;3;True;True;1141249;3429
3864496;1870152;7;False;male;8;False;False;1142357;3020
3864497;1870152;45;True;female;5;True;False;1142358;2521
3864498;1870152;13;False;male;8;False;False;1142359;3020
3864499;1870152;50;True;male;2;True;False;1142360;759
3865021;1870359;63;True;female;4;True;True;1142529;3623
3865022;1870359;63;False;male;7;True;False;1142530;2888
3865023;1870359;20;True;female;5;True;False;1142531;17229
3865024;1870359;24;True;male;5;False;True;1142532;14897
3868652;1871892;59;True;female;4;True;False;1143649;11696
3868653;1871892;22;False;female;8;False;False;1143650;11465
3868654;1871892;59;True;male;6;True;True;1143651;5451
3875150;1874578;58;True;female;5;True;False;1145672;3393
3875151;1874578;58;True;male;4;True;True;1145673;2918
3877014;1875408;47;True;male;2;True;False;1146285;11250
3877015;1875408;48;True;female;3;True;True;1146286;3052
3877016;1875408;17;False;female;8;True;True;1146287;2658
3878629;1876094;17;False;female;8;False;False;1146781;1533
3878630;1876094;45;True;female;5;True;False;1146782;2557
3882079;1877487;43;True;male;2;True;False;1147834;7716
3882080;1877487;68;False;female;7;True;False;1147835;2804
3883732;1878164;28;True;male;3;True;False;1148332;17316
3883733;1878164;30;True;female;4;True;False;1148333;10616
3884791;1878623;58;True;male;3;True;True;1148658;3783
3884792;1878623;25;True;male;4;True;False;1148659;3075
3884853;1878653;35;True;female;3;True;False;1148676;6782
3884854;1878653;37;True;male;3;True;False;1148677;2510
3884855;1878653;4;False;female;8;False;True;1148678;3767
3884856;1878653;2;False;female;8;False;False;1148679;2864
3890654;1880945;94;False;female;7;False;True;1150506;7508
3891569;1881349;25;True;female;4;True;True;1150791;4222
3894144;1882434;6;False;male;8;False;False;1151586;3727
3894145;1882434;48;True;female;3;True;False;1151587;212
3894146;1882434;54;True;male;4;True;False;1151588;7263
3894507;1882576;67;False;female;7;True;False;1151698;2804
3900834;1885279;68;False;female;7;True;False;1153701;3178
3900835;1885279;39;True;male;2;True;False;1153702;11138
3900836;1885279;70;False;male;7;True;False;1153703;2888
3904797;1886954;42;True;female;3;True;False;1154944;5294
3904798;1886954;42;True;male;2;True;False;1154945;16964
3904799;1886954;11;False;female;8;False;True;1154946;293
3904800;1886954;13;False;male;8;False;False;1154947;3020
3904801;1886954;11;False;female;8;False;False;1154948;3549
3904841;1886966;25;True;female;4;True;False;1154960;16248
3904842;1886966;30;True;male;3;True;False;1154961;2731
3905075;1887063;42;True;female;3;True;False;1155036;1265
3905076;1887063;50;True;male;4;True;False;1155037;17525
3908394;1888399;37;True;female;5;True;False;1156015;3643
3908395;1888399;17;False;male;8;False;False;1156016;15043
3912413;1889923;50;True;male;6;True;False;1156990;10892
3912414;1889923;19;True;female;5;True;True;1156991;7894
3917077;1891792;44;True;male;6;True;True;1158119;18020
3917078;1891792;38;True;female;5;True;False;1158120;3159
3917079;1891792;8;False;male;8;False;False;1158121;3020
3918065;1892182;32;True;male;5;True;False;1158345;10668
3921766;1893736;50;True;male;3;True;True;1159243;3429
3921767;1893736;41;True;female;5;True;False;1159244;3579
3921768;1893736;13;False;female;8;False;False;1159245;3882
3921769;1893736;15;False;male;8;True;True;1159246;15101
3922285;1893950;23;True;female;4;True;False;1159375;6422
3922286;1893950;14;False;female;8;False;False;1159376;3514
3922287;1893950;7;False;female;8;False;False;1159377;2579
3922288;1893950;49;False;female;8;True;False;1159378;8489
3922289;1893950;16;False;male;8;False;False;1159379;8174
3922290;1893950;19;True;male;5;True;True;1159380;7042
3922291;1893950;57;True;male;4;True;True;1159381;294
3924089;1894593;28;True;female;4;True;True;1159823;5727
3924262;1894662;83;False;female;7;True;False;1159861;11608
3932879;1898145;86;False;male;7;True;False;1161932;2757
3932880;1898145;81;False;female;7;True;False;1161933;5111
3933582;1898441;31;True;male;3;True;True;1162100;3814
3933583;1898441;31;True;female;4;True;True;1162101;6348
3933584;1898441;3;False;male;8;False;False;1162102;2718
3933585;1898441;2;False;female;8;False;False;1162103;2579
3938884;1900591;18;False;female;8;True;True;1163374;14187
3938885;1900591;52;True;male;3;True;True;1163375;3875
3938886;1900591;52;True;female;5;True;False;1163376;3393
3938887;1900591;21;True;female;5;True;False;1163377;14750
3938888;1900591;15;False;female;8;False;False;1163378;11556
3946519;1903613;35;False;male;8;True;True;1165258;11751
3947305;1903919;7;False;female;8;False;True;1165454;3618
3947306;1903919;43;True;female;3;True;False;1165455;5141
3947307;1903919;40;True;male;4;True;True;1165456;5609
3947308;1903919;18;False;female;8;False;True;1165457;8463
3948549;1904446;80;False;male;7;True;False;1165757;2757
3948550;1904446;81;False;female;8;False;False;1165758;7941
3948857;1904564;72;False;female;7;True;False;1165833;3649
3948858;1904564;76;False;male;7;True;False;1165834;2793
3949327;1904763;54;True;male;6;True;False;1165945;4624
3949581;1904869;23;True;female;4;True;False;1166006;16978
3949582;1904869;17;False;female;8;True;False;1166007;3356
3949583;1904869;59;True;male;4;True;False;1166008;866
3949584;1904869;55;True;female;5;False;True;1166009;2605
3952814;1906203;63;True;female;4;True;False;1166757;5492
3952815;1906203;65;False;male;7;True;False;1166758;358
3952816;1906203;3;False;female;8;False;True;1166759;2914
3952817;1906203;18;False;female;8;True;True;1166760;14833
3952818;1906203;24;False;female;8;False;False;1166761;2680
3954958;1907053;37;True;male;4;True;False;1167289;11259
3954959;1907053;36;True;female;4;False;True;1167290;3358
3956793;1907801;76;False;male;7;True;False;1167738;154
3956860;1907826;45;True;male;3;True;True;1167752;3429
3956861;1907826;49;True;female;3;True;False;1167753;3171
3956862;1907826;15;False;female;8;False;False;1167754;4294
3960737;1909347;37;True;female;4;True;False;1168722;11795
3966181;1911476;58;True;male;6;True;False;1170719;10009
3966182;1911476;20;False;male;8;False;False;1170720;8174
3966183;1911476;55;True;female;5;True;False;1170721;3669
3967306;1911921;2;False;female;8;False;False;1171048;3424
3967307;1911921;6;False;female;8;False;False;1171049;3369
3967308;1911921;37;False;female;8;True;False;1171050;2687
3967309;1911921;38;False;male;8;True;False;1171051;10894
3970077;1913010;11;False;male;8;False;True;1171817;3409
3970078;1913010;38;True;male;3;True;False;1171818;3856
3970079;1913010;37;True;female;3;True;False;1171819;15920
3972810;1914128;29;True;male;3;True;True;1172610;794
3972811;1914128;27;True;female;4;True;False;1172611;1211
3973505;1914428;67;False;male;7;True;False;1172811;3190
3973506;1914428;58;False;female;8;False;False;1172812;3417
3977230;1915876;1;False;male;8;False;False;1173848;3508
3977231;1915876;16;False;male;8;True;True;1173849;515
3977232;1915876;44;True;male;3;True;False;1173850;2655
3977233;1915876;12;False;male;8;False;True;1173851;2593
3977234;1915876;15;False;female;8;False;False;1173852;13733
3977235;1915876;9;False;male;8;False;False;1173853;2718
3977236;1915876;6;False;male;8;False;False;1173854;3229
3977237;1915876;38;False;female;8;True;False;1173855;18123
3977541;1915980;58;False;male;8;True;True;1173946;1925
3978101;1916250;55;False;male;8;True;False;1174122;6900
3978102;1916250;44;False;female;8;False;True;1174123;5907
3978103;1916250;15;False;male;8;False;False;1174124;15154
3978104;1916250;22;False;male;8;False;True;1174125;4868
3980159;1917058;78;False;female;7;False;True;1174705;7508
3986107;1919475;85;False;female;7;False;True;1176372;4358
3986108;1919475;83;False;male;7;True;False;1176373;17
3989723;1920912;34;True;male;3;True;False;1177392;2731
3989742;1920924;9;False;female;8;False;False;1177399;3243
3989743;1920924;43;True;female;4;False;False;1177400;3650
3989744;1920924;6;False;male;8;False;True;1177401;3592
3990149;1921074;3;False;male;8;False;False;1177514;3276
3990150;1921074;4;False;female;8;False;False;1177515;3234
3990151;1921074;36;False;female;8;True;False;1177516;10795
3990152;1921074;35;False;male;8;True;False;1177517;5191
3990153;1921074;7;False;female;8;False;False;1177518;2988
3994872;1922991;64;True;female;5;True;False;1178845;10931
3994873;1922991;78;False;male;7;True;True;1178846;2889
3997864;1924174;24;True;female;4;True;False;1179698;13304
3997865;1924174;63;False;male;7;True;False;1179699;2888
3997866;1924174;59;True;female;5;True;False;1179700;3258
3999754;1924936;39;True;female;5;True;True;1180220;2146
4001162;1925453;33;True;female;3;True;False;1180618;16868
4001163;1925453;34;False;male;8;True;False;1180619;18164
4003690;1926398;58;True;female;5;True;True;1181408;8566
4003691;1926398;52;True;male;6;True;False;1181409;4624
4004001;1926518;23;True;female;5;False;True;1181495;5868
4004002;1926518;34;False;female;8;True;False;1181496;10795
4004003;1926518;55;True;female;5;True;False;1181497;2557
4005178;1926994;12;False;female;8;False;False;1181838;7092
4005179;1926994;23;False;male;8;True;True;1181839;1750
4005180;1926994;58;False;female;7;False;True;1181840;4531
4005181;1926994;18;False;female;8;False;True;1181841;6428
4005182;1926994;23;False;female;8;False;False;1181842;5989
4005183;1926994;30;True;female;5;False;True;1181843;6430
4005184;1926994;72;False;male;7;False;False;1181844;1953
4006193;1927366;36;True;female;6;False;True;1182115;14633
4006422;1927444;2;False;female;8;False;True;1182181;3767
4006423;1927444;29;True;female;4;True;False;1182182;5433
4006424;1927444;36;False;male;8;True;False;1182183;1994
4010408;1928946;23;False;female;8;False;False;1183285;2131
4010409;1928946;6;False;female;8;False;False;1183286;11149
4015615;1931066;87;False;male;7;False;True;1184794;11141
4018006;1932014;63;False;female;8;True;False;1185533;3974
4018007;1932014;24;True;male;6;True;False;1185534;11441
4018008;1932014;34;False;female;8;True;False;1185535;3485
4018009;1932014;46;False;male;8;True;False;1185536;5047
4024175;1934563;81;False;male;7;True;False;1187274;2872
4037631;1939746;87;False;female;7;False;False;1191064;8697
4039942;1940659;15;False;male;8;False;True;1191731;15076
4039943;1940659;51;True;female;5;False;True;1191732;8089
4049186;1944527;86;False;female;7;False;False;1194579;15157
4050244;1944958;23;True;male;6;True;False;1194833;8494
4050245;1944958;45;False;female;8;True;False;1194834;11735
4050246;1944958;14;False;male;8;False;False;1194835;3540
4052999;1946126;74;False;male;8;True;False;1195512;7270
4053000;1946126;74;False;female;7;True;False;1195513;2826
4055553;1947239;62;True;female;4;False;True;1196131;2461
4058523;1948524;59;True;male;2;True;False;1196889;3984
4061108;1949639;59;True;male;4;True;True;1197524;4719
4061109;1949639;22;False;male;8;False;True;1197525;2228
4061110;1949639;23;False;female;8;False;True;1197526;4766
4063118;1950445;32;False;female;8;True;False;1198028;15236
4063119;1950445;36;True;male;3;True;True;1198029;3775
4063120;1950445;2;False;male;8;False;True;1198030;2516
4069949;1953350;17;False;female;8;False;False;1199713;15031
4072339;1954311;64;False;female;7;False;True;1200290;510
4076578;1956123;30;True;female;5;False;False;1201371;3239
4076579;1956123;40;True;male;4;True;True;1201372;7310
4079008;1957163;70;False;male;7;True;False;1201969;2888
4079493;1957421;56;True;male;3;True;True;1202079;3853
4079494;1957421;54;True;female;4;True;False;1202080;18158
4079495;1957421;28;True;male;4;True;True;1202081;842
4086697;1960509;11;False;male;8;False;False;1203867;3020
4086698;1960509;47;True;male;6;True;False;1203868;11435
4086699;1960509;7;False;male;8;False;False;1203869;184
4086700;1960509;44;True;female;5;True;False;1203870;3719
4086701;1960509;14;False;male;8;False;True;1203871;3577
4088956;1961428;12;False;female;8;False;False;1204438;3549
4088957;1961428;53;True;female;3;True;True;1204439;3938
4093437;1963334;51;False;male;8;True;True;1205532;5485
4094570;1963797;6;False;female;8;False;False;1205806;3234
4094571;1963797;62;False;male;8;True;False;1205807;3490
4094572;1963797;7;False;female;8;False;False;1205808;2628
4094573;1963797;45;True;female;3;True;False;1205809;212
4099227;1965818;46;True;male;3;True;True;1206998;3783
4099228;1965818;6;False;female;8;False;False;1206999;3424
4099229;1965818;3;False;male;8;False;False;1207000;3759
4099230;1965818;37;True;female;3;True;False;1207001;10605
4101641;1966892;82;False;male;7;True;False;1207601;3163
4101642;1966892;77;False;female;8;False;False;1207602;17334
4103877;1967787;54;True;male;3;True;False;1208165;3291
4104424;1968028;34;False;male;8;True;False;1208301;1221
4104425;1968028;66;False;female;7;True;False;1208302;3031
4105914;1968648;10;False;male;8;False;False;1208670;3020
4105915;1968648;7;False;female;8;False;False;1208671;3424
4105916;1968648;44;True;male;3;True;False;1208672;2582
4105917;1968648;43;True;female;3;True;True;1208673;7782
4106785;1969043;95;False;female;7;True;False;1208889;11791
4107476;1969326;31;True;female;5;True;False;1209052;3643
4107477;1969326;9;False;female;8;False;False;1209053;3424
4107478;1969326;4;False;male;8;False;False;1209054;3020
4107479;1969326;35;True;male;5;True;False;1209055;4085
4107692;1969419;82;False;female;7;True;False;1209108;9879
4109739;1970234;18;False;female;8;True;True;1209618;6119
4109740;1970234;48;False;female;8;True;False;1209619;463
4109741;1970234;46;True;male;4;True;False;1209620;866
4109742;1970235;18;False;female;8;False;True;1209618;17016
4109743;1970235;48;False;female;8;False;False;1209619;11512
4109744;1970235;46;True;male;4;True;False;1209620;8576
4109906;1970320;33;True;female;4;True;True;1209664;1616
4109907;1970320;42;True;male;4;True;False;1209665;9244
4110427;1970552;86;False;female;7;False;False;1209797;10829
4111196;1970841;86;False;female;8;True;True;1209974;8315
4111197;1970841;87;False;male;7;True;False;1209975;199
4112509;1971374;23;False;male;8;False;True;1210276;14266
4112510;1971374;56;True;female;5;True;False;1210277;2557
4112615;1971420;29;True;female;4;True;False;1210300;11810
4112616;1971420;36;True;male;4;True;True;1210301;3180
4115661;1972779;61;False;male;7;True;False;1211386;2829
4117713;1973710;58;True;male;3;True;True;1212036;2529
4117714;1973710;29;True;male;6;True;True;1212037;7378
4118533;1974120;59;False;female;8;True;True;1212286;4446
4118534;1974120;64;False;male;7;True;False;1212287;2780
4122259;1975769;38;True;male;3;True;False;1213410;2731
4122260;1975769;35;True;female;3;True;False;1213411;7684
4122261;1975769;5;False;female;8;False;False;1213412;3514
4122262;1975769;2;False;female;8;False;True;1213413;3327
4122997;1976095;67;False;male;7;True;False;1213644;282
4122998;1976095;64;True;female;3;True;False;1213645;17586
4124617;1976809;53;True;female;5;False;False;1214113;2003
4124618;1976809;28;False;female;8;False;False;1214114;6607
4124619;1976809;66;True;male;5;False;False;1214115;4535
4125682;1977277;21;False;male;8;False;True;1214436;5682
4130172;1979211;48;True;female;5;True;False;1215834;2521
4130173;1979211;19;False;female;8;False;True;1215835;14212
4130174;1979211;21;False;male;8;False;True;1215836;10953
4134751;1981181;45;True;female;4;True;False;1217171;15828
4135884;1981657;15;False;female;8;False;False;1217509;13733
4135885;1981657;57;True;male;3;True;True;1217510;3783
4135886;1981657;54;True;female;4;True;False;1217511;3978
4135887;1981657;18;False;female;8;True;True;1217512;6119
4150586;1988077;18;False;male;8;False;True;1221996;6736
4150587;1988077;51;True;male;3;True;False;1221997;2552
4150588;1988077;47;True;female;3;True;False;1221998;3500
4150589;1988077;16;False;female;8;False;False;1221999;13733
4150991;1988233;40;True;male;4;True;False;1222112;16272
4150992;1988233;38;True;female;3;True;False;1222113;8279
4150993;1988233;9;False;female;8;False;False;1222114;3514
4150994;1988233;5;False;male;8;False;False;1222115;3020
4151799;1988572;45;True;male;3;True;True;1222342;3783
4151800;1988572;36;True;female;3;True;False;1222343;5206
4151801;1988572;4;False;female;8;False;False;1222344;3549
4151802;1988572;5;False;male;8;False;False;1222345;3276
4156236;1990486;69;False;female;7;True;True;1223675;3857
4156237;1990486;68;False;male;7;True;False;1223676;236
4156240;1990488;69;False;female;7;True;False;1223675;2730
4156241;1990488;68;False;male;7;True;False;1223676;2780
4159247;1991764;76;False;female;7;False;False;1224609;2973
4159248;1991764;39;True;female;4;True;False;1224610;8111
4164826;1994160;29;True;male;3;True;False;1226303;5051
4165259;1994343;78;False;female;7;True;False;1226448;7330
4165260;1994343;80;False;male;7;True;False;1226449;3787
4167398;1995271;29;True;male;4;True;True;1227121;982
4169236;1996104;20;False;male;8;False;True;1227673;2223
4172401;1997563;28;True;female;3;True;False;1228628;4299
4178152;1999964;3;False;female;8;False;False;1230702;3549
4178153;1999964;30;False;female;8;True;True;1230703;1686
4178154;1999964;5;False;female;8;False;False;1230704;3549
4178155;1999964;6;False;male;8;False;False;1230705;114
4180402;2000851;35;True;female;5;True;False;1231319;2941
4180403;2000851;6;False;female;8;False;False;1231320;3549
4182454;2001662;55;True;male;6;True;False;1231896;2666
4182455;2001662;19;False;male;8;True;False;1231897;5778
4182456;2001662;50;False;female;8;False;False;1231898;6412
4187714;2003648;5;False;male;8;False;False;1233345;188
4187715;2003648;11;False;male;8;False;True;1233346;407
4187716;2003648;45;True;male;6;True;False;1233347;16225
4187717;2003648;38;True;female;5;True;False;1233348;121
4187718;2003648;7;False;male;8;False;False;1233349;3276
4188688;2004012;7;False;female;8;False;False;1233624;3549
4188689;2004012;41;True;female;3;True;True;1233625;9274
4188690;2004012;9;False;male;8;False;True;1233626;2593
4188691;2004012;43;False;male;8;True;False;1233627;7896
4193681;2005897;10;False;female;8;False;False;1234987;1930
4193682;2005897;49;False;female;8;True;True;1234988;2453
4193683;2005897;55;True;male;6;True;False;1234989;5893
4193684;2005897;24;True;male;6;False;False;1234990;4096
4196997;2007181;40;True;male;3;True;False;1235847;125
4197741;2007476;81;False;male;7;True;False;1236055;154
4197742;2007476;54;False;male;8;True;True;1236056;18143
4197743;2007476;83;False;female;7;True;False;1236057;9223
4206897;2010965;15;False;female;8;False;True;1238536;4855
4206898;2010965;1;False;female;8;False;False;1238537;3424
4206899;2010965;45;True;male;4;True;False;1238538;9187
4206900;2010965;12;False;male;8;False;True;1238539;2516
4206901;2010965;43;True;female;4;True;False;1238540;14493
4210558;2012334;47;True;female;4;True;True;1239499;8086
4210559;2012334;46;True;male;3;True;False;1239500;3685
4210560;2012334;8;False;female;8;False;False;1239501;2988
4210561;2012334;12;False;male;8;False;False;1239502;3730
4210562;2012334;11;False;male;8;False;False;1239503;3508
4212021;2012902;1;False;female;8;False;True;1239905;2914
4212022;2012902;43;True;female;4;True;True;1239906;3865
4212023;2012902;8;False;female;8;False;True;1239907;3327
4212024;2012902;45;True;male;5;True;False;1239908;10205
4212025;2012902;7;False;male;8;False;False;1239909;3727
4216674;2014699;56;True;female;5;True;False;1241194;3303
4216675;2014699;20;True;female;5;True;False;1241195;8375
4216676;2014699;49;True;male;6;True;True;1241196;13619
4220973;2016307;50;True;male;3;True;False;1242363;2534
4221403;2016461;70;False;female;7;False;True;1242506;3460
4221404;2016461;82;False;male;7;True;False;1242507;2757
4232890;2020929;53;True;male;6;True;False;1245754;16256
4232891;2020929;47;True;female;5;True;True;1245755;2901
4232892;2020929;23;True;male;4;True;False;1245756;10803
4232893;2020929;11;False;female;8;False;False;1245757;3424
4232894;2020929;9;False;male;8;False;False;1245758;3759
4232895;2020929;19;False;female;8;False;True;1245759;11702
4233849;2021292;46;True;male;5;True;True;1245999;2264
4234492;2021522;16;False;male;8;True;False;1246153;4019
4234493;2021522;53;True;female;4;True;False;1246154;575
4234494;2021522;21;False;male;8;True;False;1246155;6700
4234894;2021681;77;False;male;7;True;False;1246278;154
4234895;2021681;72;False;female;7;True;False;1246279;90
4237428;2022751;58;True;male;5;True;False;1247341;10205
4237429;2022751;57;True;female;4;True;False;1247342;14882
4244458;2025648;34;True;female;4;True;False;1249339;9016
4245521;2026094;31;True;female;6;False;True;1249637;14598
4245522;2026094;35;True;male;3;False;True;1249638;2030
4247893;2027121;76;False;female;7;False;True;1250304;1345
4250207;2028086;11;False;male;8;False;False;1250973;188
4250208;2028086;8;False;male;8;False;False;1250974;273
4250209;2028086;51;True;male;5;True;True;1250975;4869
4250210;2028086;15;False;male;8;False;True;1250976;775
4250211;2028086;49;True;female;5;False;True;1250977;2605
4253683;2029570;80;False;female;8;True;True;1251998;3791
4253684;2029570;83;False;male;8;True;True;1251999;1011
4259306;2031889;46;False;male;8;True;True;1253576;2188
4259307;2031889;40;False;female;8;True;False;1253577;10989
4259308;2031889;2;False;male;8;False;False;1253578;3437
4264267;2033912;15;False;female;8;False;False;1254994;244
4264268;2033912;18;False;female;8;False;True;1254995;13617
4264269;2033912;46;True;male;3;True;False;1254996;2853
4264270;2033912;46;True;female;3;True;False;1254997;212
4266546;2034894;39;True;male;5;True;True;1255661;981
4271301;2036876;9;False;female;8;False;False;1256972;3424
4271302;2036876;36;True;female;5;True;False;1256973;3643
4271303;2036876;8;False;male;8;False;False;1256974;3508
4271304;2036876;44;True;male;6;True;False;1256975;15134
4271305;2036876;6;False;male;8;False;False;1256976;3727
4271306;2036876;4;False;female;8;False;False;1256977;3424
4276667;2039113;62;False;male;7;True;False;1258532;358
4277533;2039472;10;False;female;8;False;False;1258768;3424
4277534;2039472;40;True;male;3;True;False;1258769;323
4277535;2039472;35;True;female;3;True;False;1258770;4801
4279932;2040416;28;True;male;4;True;True;1259473;2209
4279933;2040416;31;True;female;4;True;False;1259474;2675
4286893;2043211;45;True;male;3;True;True;1261490;3927
4286894;2043211;12;False;male;8;False;False;1261491;3759
4286895;2043211;39;True;female;5;True;False;1261492;3159
4286896;2043211;4;False;female;8;False;False;1261493;3514
4288335;2043833;19;False;male;8;False;False;1261912;16841
4288336;2043833;55;True;male;3;True;False;1261913;2534
4288337;2043833;24;True;female;4;True;False;1261914;922
4288338;2043833;51;True;female;5;True;False;1261915;2557
4288935;2044077;46;True;male;4;True;False;1262091;4767
4290079;2044536;77;False;male;7;True;False;1262411;4178
4290080;2044536;75;False;female;7;True;True;1262412;1482
4292329;2045451;82;False;male;7;True;True;1263347;2889
4292330;2045451;66;False;female;7;True;False;1263348;3493
4294025;2046116;83;False;female;7;False;True;1263844;4358
4294026;2046116;83;False;male;7;True;False;1263845;3585
4296829;2047325;1;False;female;8;False;True;1264699;3327
4296830;2047325;30;False;female;8;True;False;1264700;6923
4296831;2047325;11;False;female;8;False;False;1264701;2519
4296832;2047325;36;True;male;5;True;False;1264702;17102
4296833;2047325;4;False;female;8;False;True;1264703;3767
4296834;2047325;8;False;female;8;False;False;1264704;2519
4303234;2050023;50;True;male;2;True;False;1266628;7558
4303235;2050023;45;True;female;3;True;True;1266629;3052
4303236;2050023;12;False;female;8;False;False;1266630;3369
4303237;2050023;19;False;male;8;False;False;1266631;7390
4308725;2052468;27;True;female;3;True;True;1268323;2375
4308726;2052468;29;True;male;3;True;True;1268324;1414
4310317;2053183;8;False;male;8;False;False;1268773;3437
4310318;2053183;48;True;female;3;True;False;1268774;212
4310776;2053353;2;False;female;8;False;False;1268901;3514
4310777;2053353;34;True;male;3;True;False;1268902;313
4310778;2053353;33;True;female;3;True;False;1268903;627
4313822;2054690;72;True;male;2;True;False;1269801;5887
4313823;2054690;24;False;male;8;False;True;1269802;2661
4313824;2054690;70;False;female;7;True;False;1269803;3031
4313825;2054690;81;False;male;7;True;False;1269804;2793
4318798;2056829;42;True;female;4;True;False;1271371;14203
4322493;2058488;30;True;female;3;True;True;1272565;1975
4324707;2059399;55;True;male;4;True;False;1273231;14704
4324708;2059399;49;True;female;2;False;False;1273232;5537
4328871;2061201;4;False;female;8;False;False;1274550;2988
4328872;2061201;32;True;female;4;True;False;1274551;14493
4328873;2061201;32;True;male;3;True;False;1274552;394
4328874;2061201;6;False;female;8;False;False;1274553;3549
4330846;2062037;52;True;female;6;True;True;1275184;8202
4331308;2062216;62;False;male;8;True;True;1275342;4911
4332661;2062795;79;False;male;7;True;False;1275725;17
4332662;2062795;77;False;female;7;True;False;1275726;5289
4333083;2062966;39;True;male;2;True;False;1275869;16964
4333084;2062966;10;False;male;8;False;False;1275870;3437
4333085;2062966;51;False;female;8;False;False;1275871;6941
4334781;2063625;46;True;female;3;True;False;1276336;55
4337995;2065061;86;False;male;7;True;True;1277286;277
4342635;2067116;13;False;female;8;False;False;1278728;3424
4342636;2067116;63;False;male;8;True;True;1278729;2633
4342637;2067116;52;False;female;8;True;False;1278730;2795
4342638;2067116;63;False;male;7;True;False;1278731;2569
4342999;2067271;21;False;male;8;False;False;1278854;8546
4343000;2067271;55;True;female;5;True;False;1278855;3393
4343001;2067271;21;False;male;8;False;True;1278856;13424
4344277;2067809;25;False;female;8;True;True;1279242;14833
4344278;2067809;62;True;female;4;True;False;1279243;4116
4344797;2068051;73;False;male;7;True;False;1279410;2837
4344798;2068051;71;False;female;7;False;True;1279411;3460
4348896;2069822;77;False;female;7;False;False;1280719;3668
4349297;2069987;30;True;male;2;True;True;1280843;572
4349298;2069987;25;False;male;8;False;True;1280844;17361
4351077;2070740;27;False;female;8;False;True;1281389;7403
4352488;2071301;73;False;male;7;True;False;1281820;282
4360121;2074553;63;False;male;8;True;False;1284278;2307
4360122;2074553;72;False;female;7;True;False;1284279;2692
4361358;2075098;2;False;male;8;False;True;1284681;3409
4361359;2075098;33;False;female;8;True;False;1284682;10795
4361360;2075098;35;False;male;8;False;True;1284683;6268
4361361;2075098;5;False;male;8;False;False;1284684;188
4363496;2076023;54;True;male;3;True;True;1285303;2529
4363497;2076023;55;True;female;2;False;False;1285304;3417
4370182;2078909;43;False;female;8;True;True;1287413;3349
4370183;2078909;10;False;female;8;False;False;1287414;2579
4370184;2078909;13;False;female;8;False;False;1287415;3514
4370185;2078909;47;True;male;4;True;False;1287416;2922
4376911;2081746;91;False;female;7;False;True;1289533;5102
4378185;2082293;67;False;female;7;True;False;1289823;3622
4378186;2082293;68;False;male;7;True;True;1289824;2964
4383522;2084605;64;True;female;4;True;False;1291079;3569
4383523;2084605;69;False;male;7;True;False;1291080;2569
4384816;2085189;71;False;female;7;True;False;1291392;2885
4387643;2086467;88;False;female;7;True;False;1292068;5161
4387673;2086483;76;False;male;7;True;False;1292073;154
4387674;2086483;75;False;female;7;True;False;1292074;5111
4387675;2086483;40;False;female;8;True;False;1292075;15084
4390251;2087631;34;True;male;4;True;True;1292720;5460
4390448;2087711;7;False;female;8;False;True;1292767;3767
4390449;2087711;11;False;male;8;False;True;1292768;407
4390450;2087711;42;True;female;3;True;False;1292769;2
4390451;2087711;45;True;male;3;True;False;1292770;190
4391403;2088115;54;True;male;3;True;True;1292991;2529
4391404;2088115;55;True;female;3;True;True;1292992;3911
4393617;2089080;28;True;male;4;True;False;1293495;10803
4393618;2089080;23;True;female;4;True;False;1293496;17213
4394327;2089380;79;False;female;7;False;False;1293659;5712
4397542;2090852;20;True;male;6;True;False;1294427;3013
4397543;2090852;56;True;female;5;False;True;1294428;2605
4397544;2090852;63;False;male;7;True;False;1294429;3603
4399787;2091794;70;False;male;7;True;True;1294964;2636
4399788;2091794;72;False;female;7;False;False;1294965;3932
4402025;2092770;65;False;male;8;True;False;1295468;17901
4402026;2092770;14;False;female;8;False;False;1295469;2628
4402027;2092770;37;True;female;3;True;True;1295470;17136
4402028;2092770;1;False;female;8;False;False;1295471;3549
4402029;2092770;7;False;female;8;False;False;1295472;3882
4402030;2092770;39;True;male;3;True;False;1295473;313
4403723;2093502;40;True;female;5;True;True;1295880;194
4403724;2093502;42;True;male;4;True;True;1295881;14947
4404458;2093838;71;False;female;7;True;False;1296071;3952
4406655;2094838;8;False;female;8;False;False;1296582;3882
4406656;2094838;48;True;male;3;True;True;1296583;2529
4406657;2094838;15;False;female;8;True;False;1296584;14092
4406658;2094838;11;False;female;8;False;True;1296585;293
4406659;2094838;12;False;male;8;False;False;1296586;184
4406660;2094838;45;True;female;4;True;True;1296587;548
4407115;2095038;31;True;male;4;True;True;1296693;5460
4413895;2098168;44;True;male;3;True;False;1298310;2510
4413896;2098168;42;True;female;3;True;True;1298311;8723
4416325;2099260;65;False;female;7;True;False;1298882;3248
4416326;2099260;67;False;male;7;True;False;1298883;3944
4416791;2099461;18;False;male;8;False;False;1298988;8174
4416792;2099461;51;True;male;4;True;False;1298989;2817
4421532;2101464;74;False;male;7;True;False;1300112;3860
4421533;2101464;73;False;female;7;False;False;1300113;3932
4422984;2102116;70;False;male;7;True;False;1300437;2829
4422985;2102116;70;False;female;7;True;True;1300438;3104
4424493;2102785;65;False;female;7;True;False;1300785;2730
4424494;2102785;76;False;male;7;True;False;1300786;2757
4424855;2102927;77;False;male;7;True;False;1300872;2872
4424856;2102927;47;True;male;6;True;False;1300873;16225
4424857;2102927;78;False;female;7;True;False;1300874;10729
4428207;2104405;22;False;female;8;False;True;1301666;10414
4429957;2105203;89;False;female;7;True;False;1302078;8619
4430580;2105504;54;True;female;4;True;False;1302213;8832
4430581;2105504;23;True;male;4;True;False;1302214;1695
4435794;2107793;38;True;female;4;True;False;1303446;8114
4435993;2107875;30;True;female;5;True;False;1303496;3579
4435994;2107875;83;False;male;7;True;False;1303497;2757
4435995;2107875;77;False;female;7;True;False;1303498;8619
4437145;2108371;42;True;female;6;True;False;1303765;1673
4437146;2108371;15;False;female;8;True;False;1303766;9912
4437147;2108371;30;False;male;8;True;False;1303767;1206
4437148;2108371;10;False;female;8;False;True;1303768;3268
4439516;2109423;43;True;female;4;True;True;1304329;4788
4439517;2109423;10;False;male;8;False;True;1304330;2516
4439518;2109423;9;False;male;8;False;False;1304331;3437
4441701;2110421;50;True;female;3;True;True;1304860;3447
4441702;2110421;22;False;female;8;True;True;1304861;2278
4441703;2110421;50;True;male;5;True;False;1304862;15052
4441704;2110421;22;False;female;8;False;True;1304863;1388
4441705;2110421;17;False;male;8;False;False;1304864;16841
4444062;2111449;46;True;male;3;True;True;1305397;3875
4444063;2111449;16;False;female;8;False;True;1305398;8849
4444064;2111449;46;True;female;4;True;True;1305399;8086
4444065;2111449;18;False;male;8;True;False;1305400;6700
4445132;2111965;73;False;female;7;True;False;1305648;3693
4449752;2113930;47;True;female;4;True;False;1306737;11155
4449753;2113930;50;True;male;4;True;False;1306738;4363
4454860;2116240;7;False;male;8;False;False;1308514;3276
4454861;2116240;44;True;male;3;True;True;1308515;3775
4454862;2116240;43;True;female;3;True;True;1308516;6817
4454863;2116240;10;False;male;8;False;True;1308517;407
4458065;2117662;40;True;male;3;True;False;1309577;3827
4458066;2117662;11;False;male;8;False;False;1309578;188
4458067;2117662;9;False;male;8;False;True;1309579;407
4458068;2117662;40;True;female;3;True;True;1309580;7782
4458718;2117950;57;False;female;8;True;False;1309785;6250
4458719;2117950;59;True;male;4;True;False;1309786;14545
4464183;2120224;57;True;female;5;False;True;1311419;2605
4464184;2120224;21;False;male;8;False;False;1311420;1810
4464185;2120224;25;False;male;8;False;True;1311421;3891
4464883;2120500;53;True;male;4;True;False;1311613;4804
4464884;2120500;62;False;female;7;True;False;1311614;2692
4468080;2121882;69;False;female;7;True;False;1312582;3467
4468081;2121882;70;False;male;7;True;True;1312583;3544
4469929;2122745;13;False;female;8;False;True;1313156;3268
4469930;2122745;18;False;female;8;False;True;1313157;17653
4469931;2122745;5;False;female;8;False;False;1313158;3514
4469932;2122745;49;False;female;8;True;True;1313159;18138
4470345;2122886;3;False;female;8;False;False;1313290;3243
4470346;2122886;37;True;female;3;True;False;1313291;7684
4470347;2122886;46;True;male;3;True;False;1313292;190
4473444;2124156;14;False;male;8;False;False;1314311;3730
4473445;2124156;42;True;male;3;True;True;1314312;2617
4473446;2124156;11;False;male;8;False;False;1314313;3730
4473447;2124156;41;True;female;4;True;True;1314314;14638
4473448;2124156;16;False;female;8;True;True;1314315;2546
4480293;2127201;8;False;female;8;False;False;1316406;3514
4480294;2127201;12;False;female;8;False;False;1316407;3514
4480295;2127201;10;False;male;8;False;False;1316408;3759
4480296;2127201;50;True;female;3;True;False;1316409;3076
4480297;2127201;45;True;male;3;True;True;1316410;3429
4481681;2127814;84;False;female;7;True;False;1316824;4391
4482315;2128071;46;True;male;4;True;False;1317015;703
4482316;2128071;16;False;female;8;False;True;1317016;7795
4482317;2128071;20;False;male;8;True;False;1317017;5778
4482318;2128071;49;True;female;5;True;False;1317018;3669
4485715;2129548;87;False;female;7;True;True;1318094;7862
4489341;2131176;64;True;female;5;True;True;1319231;763
4492951;2132795;47;True;male;2;True;False;1320322;7655
4492952;2132795;9;False;male;8;False;True;1320323;2516
4492953;2132795;11;False;female;8;False;False;1320324;3424
4492954;2132795;44;True;female;5;True;False;1320325;261
4495679;2133995;21;False;female;8;False;True;1321170;5582
4495680;2133995;54;True;female;3;True;True;1321171;3218
4495681;2133995;56;True;male;3;True;True;1321172;3853
4500643;2136185;10;False;male;8;False;False;1322697;3276
4500644;2136185;6;False;female;8;False;False;1322698;3882
4500645;2136185;43;True;male;3;True;True;1322699;3775
4500646;2136185;43;True;female;4;True;True;1322700;15183
4502048;2136827;38;True;male;3;True;True;1323119;3814
4502481;2136995;51;True;female;5;True;False;1323251;3385
4502482;2136995;18;False;male;8;False;True;1323252;14027
4502483;2136995;54;True;male;3;True;True;1323253;3875
4502484;2136995;12;False;female;8;False;False;1323254;3424
4502485;2136995;15;False;male;8;False;False;1323255;1238
4502486;2136995;21;True;male;5;False;True;1323256;2940
4512241;2141098;43;True;male;6;True;False;1326208;14074
4514714;2142127;60;True;female;4;False;False;1327312;5895
4514715;2142127;92;False;female;7;False;False;1327313;3668
4514728;2142137;59;True;male;4;True;False;1327315;4767
4515842;2142621;52;False;female;8;True;True;1327626;18138
4515843;2142621;10;False;male;8;False;False;1327627;3508
4515844;2142621;14;False;male;8;False;False;1327628;102
4515845;2142621;50;True;male;3;True;True;1327629;2693
4518401;2143734;25;False;female;8;False;False;1328363;4294
4518402;2143734;57;True;female;5;True;True;1328364;3138
4518403;2143734;19;False;male;8;True;False;1328365;4019
4518404;2143734;63;True;male;3;True;False;1328366;17170
4519982;2144428;46;True;female;5;True;False;1328830;297
4519983;2144428;59;True;male;5;True;False;1328831;13480
4519984;2144428;21;False;male;8;False;True;1328832;6834
4519985;2144428;21;False;male;8;False;False;1328833;3145
4522683;2145696;87;False;male;7;True;False;1329628;2757
4523542;2146140;24;False;male;8;False;True;1329879;15076
4524963;2146754;53;True;female;3;True;False;1330267;212
4524964;2146754;22;False;female;8;False;True;1330268;17653
4524965;2146754;54;True;male;3;True;True;1330269;2529
4524966;2146754;77;False;male;7;True;False;1330270;3787
4524967;2146754;73;False;female;7;True;False;1330271;319
4525555;2147040;43;True;female;4;True;False;1330447;16881
4531388;2149594;89;False;female;7;True;False;1332073;3681
4531389;2149594;93;False;male;7;True;False;1332074;154
4532313;2149983;57;True;male;3;True;False;1332346;2534
4533460;2150493;43;True;male;3;False;False;1332663;4505
4534178;2150852;37;True;female;5;False;True;1332858;5907
4535617;2151481;31;True;male;4;True;False;1333265;8563
4535618;2151481;28;True;female;4;True;False;1333266;16978
4536174;2151740;36;True;female;3;True;False;1333426;1366
4537728;2152424;75;False;female;7;True;False;1333856;8619
4540307;2153566;64;True;male;3;True;False;1334624;10703
4540308;2153566;65;False;female;7;True;False;1334625;3693
4540709;2153734;30;True;female;5;True;False;1334730;3643
4540710;2153734;85;False;female;7;False;False;1334731;5712
4540711;2153734;60;False;male;8;True;False;1334732;6123
4541397;2154040;73;False;female;7;False;False;1334938;6843
4541398;2154040;35;True;male;5;True;True;1334939;1956
4541399;2154040;69;False;male;7;True;True;1334940;994
4543242;2154862;4;False;female;8;False;True;1335484;2914
4543243;2154862;41;True;female;4;True;True;1335485;887
4543244;2154862;42;True;male;3;True;True;1335486;3775
4543245;2154862;6;False;female;8;False;False;1335487;2864
4544277;2155305;1;False;female;8;False;True;1335766;3767
4544278;2155305;25;False;female;8;False;True;1335767;1152
4544279;2155305;37;True;male;3;True;False;1335768;3827
4548187;2157107;22;True;female;5;False;True;1336924;11505
4554098;2159759;31;False;female;8;True;False;1338639;10644
4554099;2159759;36;True;male;6;True;True;1338640;8571
4554100;2159759;1;False;male;8;False;False;1338641;3759
4556447;2160879;62;False;female;8;True;True;1339364;2418
4556448;2160879;23;False;male;8;False;True;1339365;6736
4556449;2160879;61;False;male;8;True;False;1339366;2359
4557314;2161257;54;True;female;4;True;False;1339620;5800
4557315;2161257;28;False;male;8;False;False;1339621;6889
4557858;2161490;71;False;male;7;True;False;1339777;59
4557859;2161490;70;False;female;7;True;False;1339778;3649
4559023;2162012;75;False;female;7;True;False;1340130;11791
4559024;2162012;42;True;male;4;True;False;1340131;14006
4560275;2162583;47;True;male;3;True;True;1340483;1770
4560773;2162823;37;True;male;5;True;False;1340611;6519
4560774;2162823;34;True;female;3;True;True;1340612;9274
4560775;2162823;3;False;male;8;False;False;1340613;3020
4564462;2164452;97;False;male;7;True;False;1341698;199
4565152;2164741;14;False;male;8;False;True;1341900;2516
4565153;2164741;11;False;male;8;False;True;1341901;407
4565154;2164741;48;False;male;8;True;False;1341902;3671
4565155;2164741;46;False;female;8;False;False;1341903;5537
4565156;2164741;8;False;male;8;False;True;1341904;3592
4565586;2164935;48;True;female;4;True;False;1342021;2365
4565587;2164935;5;False;male;8;False;False;1342022;3508
4566330;2165261;4;False;female;8;False;False;1342243;3369
4566331;2165261;2;False;female;8;False;False;1342244;3514
4566332;2165261;37;True;male;3;True;False;1342245;2731
4566333;2165261;39;True;female;3;True;False;1342246;8944
4569357;2166514;91;False;male;7;False;False;1343108;731
4569358;2166514;87;False;female;7;False;False;1343109;15157
4569522;2166576;21;False;female;8;False;False;1343149;1948
4569523;2166576;61;True;female;3;True;False;1343150;9216
4569922;2166766;86;False;female;7;True;False;1343262;10935
4571103;2167281;74;False;female;7;True;True;1343605;3104
4571104;2167281;9;False;male;8;False;False;1343606;3508
4571105;2167281;51;True;female;3;True;False;1343607;2851
4571106;2167281;50;True;male;3;True;True;1343608;3783
4571107;2167281;12;False;female;8;False;False;1343609;3549
4571745;2167585;53;True;female;5;False;True;1343800;3764
4571746;2167585;63;True;male;3;True;False;1343801;13715
4572819;2168101;53;True;male;3;True;True;1344100;3429
4572820;2168101;9;False;male;8;False;True;1344101;2516
4572821;2168101;17;False;female;8;False;True;1344102;4855
4572822;2168101;50;True;female;4;True;False;1344103;5800
4576012;2169514;16;False;female;8;False;False;1345020;1708
4576013;2169514;38;True;female;5;True;False;1345021;233
4577692;2170289;9;False;female;8;False;False;1345531;3514
4577693;2170289;48;True;female;5;True;False;1345532;20
4577694;2170289;48;False;male;8;True;False;1345533;11541
4578397;2170598;23;False;female;8;True;True;1345745;751
4581410;2171922;44;True;male;5;True;False;1346580;7504
4583252;2172735;67;False;female;7;False;False;1347113;357
4583253;2172735;27;True;male;3;True;True;1347114;3096
4590305;2175822;91;False;female;7;True;True;1349368;417
4592565;2176827;35;True;female;3;True;True;1350095;2682
4592566;2176827;37;True;male;3;True;False;1350096;2822
4595361;2178064;27;True;male;4;False;True;1350935;1888
4595362;2178064;27;True;female;4;True;True;1350936;1485
4595403;2178083;54;False;male;8;True;True;1350948;5485
4599434;2179848;4;False;female;8;False;True;1352180;3268
4599435;2179848;1;False;male;8;False;True;1352181;3409
4599436;2179848;30;False;female;8;True;True;1352182;17307
4600576;2180363;46;True;female;5;False;True;1352522;2605
4600577;2180363;17;False;male;8;True;False;1352523;1886
4610583;2184668;36;True;female;5;True;False;1355534;34
4610584;2184668;3;False;male;8;False;True;1355535;3409
4610585;2184668;34;True;male;3;True;False;1355536;2822
4610586;2184668;11;False;male;8;False;True;1355537;2516
4610587;2184668;15;False;male;8;False;False;1355538;1374
4610710;2184725;27;True;male;3;True;True;1355574;1350
4611989;2185279;49;True;female;4;True;False;1355970;17157
4611990;2185279;57;False;male;8;True;False;1355971;3984
4611991;2185279;28;True;female;3;True;True;1355972;919
4613263;2185847;33;False;female;8;True;True;1356364;2219
4613264;2185847;53;True;male;2;True;True;1356365;6486
4613921;2186144;82;False;female;7;True;False;1356562;10729
4614815;2186516;82;False;female;7;True;False;1356821;1856
4614994;2186588;30;True;female;3;True;False;1356871;1427
4615383;2186759;30;True;female;3;True;True;1356973;818
4616550;2187281;79;False;female;7;False;False;1357313;17280
4621603;2189482;43;True;female;2;True;False;1358805;4027
4621604;2189482;11;False;male;8;False;False;1358806;2718
4621605;2189482;44;True;male;3;True;True;1358807;3775
4622765;2189973;72;False;female;7;True;False;1359176;3622
4622848;2190011;35;True;female;3;True;True;1359203;1975
4622849;2190011;39;True;male;3;True;True;1359204;1891
4624028;2190518;35;True;female;3;True;True;1359574;1112
4625379;2191133;13;False;female;8;False;False;1359970;3424
4625380;2191133;46;True;male;3;True;True;1359971;2529
4625381;2191133;47;True;female;4;True;True;1359972;2711
4625382;2191133;76;False;male;7;True;False;1359973;2757
4625383;2191133;73;False;female;7;True;False;1359974;2826
4626314;2191511;52;True;female;3;True;False;1360223;226
4626315;2191511;54;True;male;3;True;True;1360224;2529
4629100;2192768;12;False;female;8;False;False;1361099;3549
4629101;2192768;44;True;female;5;True;False;1361100;2565
4629504;2192925;43;True;male;3;True;False;1361214;3827
4633007;2194463;59;True;male;4;True;False;1362274;1190
4633599;2194720;82;False;female;7;True;False;1362444;6212
4634314;2195036;49;True;female;3;True;False;1362664;53
4634315;2195036;13;False;female;8;False;False;1362665;2628
4634316;2195036;49;True;male;3;True;True;1362666;2693
4642727;2198712;3;False;male;8;False;False;1365247;3508
4642728;2198712;36;True;female;3;True;True;1365248;8752
4642729;2198712;35;True;male;3;True;False;1365249;2582
4644563;2199542;56;False;female;8;True;False;1365816;16287
4644564;2199542;31;False;male;8;True;True;1365817;6050
4644565;2199542;61;True;male;4;True;False;1365818;9047
4644566;2199542;24;False;male;8;True;False;1365819;4019
4644567;2199542;21;False;female;8;False;True;1365820;6513
4647927;2201022;41;True;female;3;True;False;1366830;16348
4647928;2201022;49;True;male;3;True;True;1366831;3808
4648883;2201428;47;True;male;2;True;False;1367125;7558
4649227;2201581;13;False;female;8;False;True;1367234;2914
4649228;2201581;39;True;male;6;True;True;1367235;18020
4649229;2201581;6;False;female;8;False;False;1367236;3549
4649230;2201581;36;True;female;5;True;True;1367237;194
4652879;2203214;15;False;female;8;True;False;1368300;2554
4652880;2203214;46;True;female;3;True;False;1368301;3704
4652881;2203214;55;True;male;3;True;False;1368302;3685
4654391;2203845;15;False;male;8;False;False;1368753;1374
4654392;2203845;18;False;female;8;True;True;1368754;2658
4654393;2203845;62;True;male;4;True;True;1368755;6390
4654394;2203845;53;True;female;5;False;True;1368756;2605
4654424;2203857;55;True;male;3;True;False;1368767;2704
4655808;2204467;12;False;female;8;False;False;1369172;3514
4655809;2204467;44;True;female;5;True;False;1369173;2565
4662430;2207333;81;False;female;7;True;False;1371172;6514
4664092;2207994;61;False;female;7;True;True;1371640;3489
4667335;2209299;41;False;female;8;True;False;1372628;3210
4667336;2209299;3;False;female;8;False;True;1372629;3268
4667337;2209299;14;False;female;8;False;False;1372630;2988
4667338;2209299;36;False;male;8;True;False;1372631;6726
4667339;2209299;1;False;female;8;False;False;1372632;3369
4671056;2210806;62;False;female;7;False;False;1374045;1429
4672035;2211182;40;False;female;8;True;False;1374354;7198
4672036;2211182;40;True;male;3;True;True;1374355;2891
4672037;2211182;7;False;female;8;False;False;1374356;3882
4672038;2211182;2;False;male;8;False;False;1374357;3730
4672039;2211182;10;False;male;8;False;False;1374358;3276
4676159;2212836;10;False;male;8;False;False;1375554;3508
4676160;2212836;34;True;female;5;True;False;1375555;2799
4676161;2212836;5;False;male;8;False;False;1375556;3540
4676162;2212836;37;True;male;3;True;False;1375557;72
4676163;2212836;6;False;male;8;False;False;1375558;3508
4686668;2217037;38;True;male;6;True;False;1378747;6274
4686669;2217037;2;False;male;8;False;False;1378748;3730
4686670;2217037;31;True;female;5;True;False;1378749;2572
4688484;2217760;28;False;female;8;True;True;1379280;6119
4688485;2217760;34;True;male;3;True;False;1379281;394
4688486;2217760;1;False;male;8;False;False;1379282;3020
4688487;2217760;3;False;male;8;False;False;1379283;184
4693039;2219544;35;True;male;3;True;True;1380620;1339
4695342;2220485;20;False;male;8;True;False;1381305;5778
4695343;2220485;47;True;female;5;True;True;1381306;3457
4695344;2220485;16;False;female;8;False;True;1381307;17653
4695345;2220485;48;True;male;5;True;True;1381308;4869
4697183;2221217;23;True;female;5;False;True;1381863;5868
4697184;2221217;10;False;male;8;False;False;1381864;3727
4697185;2221217;20;False;male;8;False;True;1381865;775
4697186;2221217;41;True;male;3;True;True;1381866;2617
4697187;2221217;48;False;female;8;True;False;1381867;221
4698917;2221934;24;True;female;6;False;False;1382379;4633
4698918;2221934;4;False;male;8;False;False;1382380;11349
4704368;2224168;23;False;male;8;False;False;1384030;3145
4704369;2224168;20;False;male;8;False;True;1384031;3902
4704370;2224168;60;True;male;3;True;True;1384032;1299
4704371;2224168;61;True;female;4;True;True;1384033;1212
4712971;2227538;41;True;female;5;False;False;1386591;3239
4712972;2227538;22;False;male;8;False;True;1386592;15821
4714479;2228083;51;True;male;6;True;True;1387016;11170
4715809;2228584;38;True;male;3;True;False;1387402;2582
4715810;2228584;4;False;male;8;False;False;1387403;3727
4715811;2228584;31;False;female;8;True;False;1387404;8246
4716309;2228799;4;False;male;8;False;True;1387569;407
4716310;2228799;36;True;female;3;True;False;1387570;5294
4716311;2228799;8;False;female;8;False;False;1387571;3424
4716312;2228799;5;False;female;8;False;False;1387572;3424
4716313;2228799;38;True;male;4;True;True;1387573;3166
4720687;2230509;24;True;male;5;True;True;1388884;6686
4722178;2231154;52;False;male;8;True;False;1389347;11814
4722179;2231154;81;False;female;7;True;False;1389348;17150
4722540;2231280;42;True;female;4;True;True;1389433;8621
4722541;2231280;40;True;male;6;True;False;1389434;14536
4723516;2231688;52;True;female;4;False;True;1389741;1797
4723517;2231688;26;False;male;8;False;False;1389742;13360
4724956;2232231;4;False;male;8;False;False;1390189;3276
4724957;2232231;35;True;female;6;True;False;1390190;4923
4724958;2232231;14;False;female;8;False;False;1390191;3549
4724959;2232231;40;True;male;6;True;False;1390192;716
4724960;2232231;12;False;male;8;False;True;1390193;3592
4727453;2233157;12;False;male;8;False;False;1390870;6470
4727454;2233157;52;True;male;6;False;True;1390871;5038
4727455;2233157;18;False;female;8;False;False;1390872;2131
4727456;2233157;5;False;male;8;False;False;1390873;860
4727457;2233157;34;True;female;5;False;True;1390874;8745
4727458;2233157;17;False;female;8;True;True;1390875;2477
4733557;2235434;58;True;female;6;True;False;1392615;4139
4733558;2235434;63;True;male;5;True;True;1392616;1676
4736547;2236628;81;False;female;7;False;False;1393585;6926
4736872;2236757;88;False;male;7;True;False;1393670;2671
4737087;2236851;6;False;female;8;False;True;1393730;2914
4737088;2236851;47;True;female;5;True;False;1393731;369
4737089;2236851;41;True;male;4;True;False;1393732;6047
4737090;2236851;14;False;male;8;False;True;1393733;407
4737091;2236851;9;False;female;8;False;False;1393734;3188
4737092;2236851;13;False;male;8;False;True;1393735;2516
4737093;2236851;10;False;female;8;False;False;1393736;3234
4738060;2237243;67;True;male;3;True;False;1393976;2415
4738061;2237243;27;True;male;5;True;True;1393977;1917
4738062;2237243;60;True;female;3;True;False;1393978;2019
4740005;2238011;29;True;female;4;False;False;1394483;8567
4740006;2238011;64;False;female;8;True;False;1394484;3553
4740007;2238011;72;True;male;3;True;False;1394485;2415
4740008;2238011;27;True;male;6;True;False;1394486;3337
4740942;2238389;42;False;male;8;False;True;1394727;1613
4740943;2238389;77;False;male;7;True;False;1394728;1538
4753612;2243376;26;True;female;4;True;True;1397977;2207
4753613;2243376;2;False;female;8;False;True;1397978;3327
4756525;2244610;24;True;male;5;True;False;1398720;2726
4758280;2245320;82;False;male;7;True;False;1399181;2671
4758281;2245320;45;False;female;8;True;False;1399182;17678
4758282;2245320;80;False;female;7;False;True;1399183;3348
4762602;2246991;65;False;male;7;True;False;1400303;236
4762603;2246991;63;False;female;7;True;False;1400304;3178
4763829;2247480;54;True;female;3;True;False;1400642;3171
4765408;2248116;65;False;male;7;True;False;1401054;3147
4765409;2248116;67;False;female;7;True;False;1401055;3795
4770810;2250220;68;False;female;8;True;False;1402440;14468
4772765;2250968;70;False;male;7;True;False;1402967;3147
4772766;2250968;70;False;female;7;True;False;1402968;3194
4777380;2252861;4;False;male;8;False;True;1404175;2516
4777381;2252861;9;False;male;8;False;False;1404176;3020
4777382;2252861;45;True;male;3;True;False;1404177;3685
4777383;2252861;40;True;female;3;True;True;1404178;8752
4779933;2253845;85;False;female;7;True;False;1404824;4054
4782736;2254913;49;True;male;3;True;False;1405555;3173
4782782;2254933;34;False;male;8;True;True;1405566;11341
4782783;2254933;29;True;female;3;True;True;1405567;3434
4785192;2255872;3;False;female;8;False;False;1406180;3369
4785193;2255872;36;True;female;3;True;False;1406181;5294
4785194;2255872;33;True;male;2;True;False;1406182;5321
4785349;2255932;72;False;female;7;False;False;1406217;357
4785350;2255932;71;False;male;7;True;False;1406218;358
4790728;2258144;61;True;male;3;True;False;1407618;4459
4790729;2258144;60;True;female;3;True;False;1407619;7590
4790730;2258144;27;True;male;3;True;True;1407620;4694
4790731;2258144;32;True;male;3;True;True;1407621;2617
4792255;2258764;14;False;male;8;False;False;1408001;3437
4792256;2258764;11;False;female;8;False;False;1408002;2864
4792257;2258764;47;True;female;4;True;False;1408003;14809
4793636;2259314;41;False;female;8;False;False;1408342;1073
4794590;2259682;42;True;male;3;True;False;1408594;394
4794591;2259682;6;False;male;8;False;False;1408595;188
4794592;2259682;2;False;female;8;False;False;1408596;3514
4794593;2259682;37;True;female;4;True;False;1408597;17951
4798953;2261395;78;False;female;7;True;False;1409752;14661
4799501;2261639;14;False;male;8;False;False;1409898;3730
4799502;2261639;46;True;female;5;True;False;1409899;3383
4799503;2261639;49;True;male;6;True;False;1409900;11576
4799691;2261714;61;True;male;3;True;False;1409942;10703
4799692;2261714;56;True;female;4;True;True;1409943;2225
4799923;2261799;44;False;female;8;True;True;1410002;2926
4799924;2261799;21;True;male;5;True;True;1410003;8802
4800335;2261963;82;False;female;7;False;False;1410109;14523
4801509;2262458;41;True;male;2;True;False;1410428;4118
4801510;2262458;42;True;female;3;True;True;1410429;14157
4801511;2262458;10;False;male;8;False;True;1410430;3577
4801512;2262458;13;False;male;8;False;True;1410431;2593
4807102;2264671;63;False;female;7;False;True;1411882;3460
4807103;2264671;23;False;male;8;False;True;1411883;5937
4807320;2264765;80;False;female;7;True;False;1411931;8619
4807321;2264765;81;False;male;7;True;False;1411932;2539
4809763;2265845;56;False;female;8;True;False;1412974;11590
4809764;2265845;55;True;male;3;True;True;1412975;2529
4814964;2268312;50;True;male;3;True;False;1414391;2704
4814965;2268312;46;True;female;3;True;True;1414392;3911
4814966;2268312;18;False;male;8;False;False;1414393;7390
4816228;2268899;14;False;male;8;False;False;1414726;2723
4816229;2268899;47;False;male;7;True;False;1414727;15976
4816230;2268899;52;True;female;5;True;False;1414728;2778
4816586;2269055;54;True;female;4;True;False;1414819;3978
4818880;2270178;93;False;female;7;False;False;1415469;2973
4820915;2271100;69;False;male;7;True;True;1416026;2636
4825535;2273255;54;True;female;5;True;False;1417312;3677
4825536;2273255;56;True;male;3;True;False;1417313;3284
4831518;2275970;28;True;male;3;False;False;1418945;1236
4832283;2276342;26;True;male;5;False;True;1419157;2940
4832284;2276342;62;True;male;3;True;False;1419158;1234
4832285;2276342;61;True;female;3;True;True;1419159;3104
4834333;2277278;65;False;female;7;True;False;1419724;3795
4834334;2277278;72;False;male;7;True;False;1419725;3845
4836238;2278060;88;False;male;7;True;False;1420216;154
4837257;2278515;60;True;male;4;True;False;1420495;2359
4837258;2278515;89;False;female;7;False;False;1420496;6387
4841285;2280427;56;True;female;3;True;False;1421603;3840
4841286;2280427;48;True;male;4;True;True;1421604;7755
4848380;2283682;12;False;female;8;False;False;1423518;3243
4848381;2283682;10;False;male;8;False;True;1423519;3409
4848382;2283682;46;True;female;3;True;True;1423520;3938
4848383;2283682;41;True;male;3;True;False;1423521;2582
4850522;2284644;47;True;male;3;True;False;1424086;2704
4850523;2284644;50;True;female;4;True;False;1424087;17157
4850524;2284644;8;False;male;8;False;False;1424088;3020
4850525;2284644;11;False;female;8;False;False;1424089;3882
4853608;2286130;61;True;female;4;True;True;1424954;2418
4855380;2286926;56;True;female;2;False;False;1425415;4009
4855381;2286926;19;False;male;8;False;True;1425416;6834
4855382;2286926;54;True;male;3;True;False;1425417;2704
4855383;2286926;17;False;female;8;False;True;1425418;10414
4857133;2287744;43;True;female;3;True;False;1425901;9052
4857134;2287744;44;False;male;8;True;False;1425902;6053
4857135;2287744;2;False;male;8;False;True;1425903;3592
4857136;2287744;14;False;male;8;False;False;1425904;273
4857137;2287744;11;False;female;8;False;False;1425905;3424
4857281;2287798;66;False;female;7;True;True;1425932;3104
4861191;2289594;35;True;female;5;True;False;1427437;2646
4861192;2289594;1;False;female;8;False;False;1427438;3535
4861193;2289594;36;True;male;4;True;False;1427439;8418
4862307;2290106;66;False;male;7;True;False;1427799;3414
4866748;2292270;29;True;female;4;False;True;1429176;8293
4871182;2294289;6;False;male;8;False;False;1430582;3540
4871183;2294289;36;True;male;3;True;False;1430583;3376
4871184;2294289;4;False;male;8;False;False;1430584;3020
4871185;2294289;35;True;female;3;True;False;1430585;6764
4871186;2294289;1;False;female;8;False;False;1430586;3188
4872026;2294665;8;False;male;8;False;False;1430849;3759
4872027;2294665;43;True;male;3;True;False;1430850;3313
4879650;2298230;8;False;male;8;False;False;1433178;3540
4879651;2298230;51;True;male;3;True;False;1433179;3599
4879652;2298230;45;True;female;3;True;True;1433180;3938
4879852;2298330;42;True;male;4;True;False;1433244;11205
4879853;2298330;32;True;female;5;True;False;1433245;2799
4880006;2298398;38;True;female;5;False;True;1433287;4091
4884148;2300333;77;False;female;7;False;False;1434597;18079
4884149;2300333;81;False;male;7;True;False;1434598;154
4887700;2302007;18;False;male;8;True;False;1435724;5778
4887701;2302007;57;True;male;3;True;True;1435725;3927
4887702;2302007;52;True;female;3;True;True;1435726;3278
4887703;2302007;20;False;female;8;True;True;1435727;6119
4887989;2302141;14;False;male;8;False;False;1435818;273
4887990;2302141;11;False;female;8;False;False;1435819;3549
4887991;2302141;51;True;male;3;True;False;1435820;3173
4887992;2302141;52;True;female;3;True;False;1435821;226
4890833;2303432;20;False;male;8;False;True;1436708;10953
4890834;2303432;21;False;female;8;False;False;1436709;4294
4892168;2304046;78;False;female;7;True;False;1437105;454
4892513;2304231;19;False;male;8;False;False;1437205;1374
4892514;2304231;49;True;female;4;True;False;1437206;17379
4892749;2304351;29;True;male;4;True;False;1437282;4978
4892842;2304392;73;False;female;7;True;False;1437311;3649
4898633;2307076;23;False;female;8;False;False;1439077;8526
4898634;2307076;61;False;male;7;True;False;1439078;3566
4898635;2307076;61;False;female;7;True;False;1439079;3467
4903117;2309218;30;True;female;5;True;False;1440521;3643
4903585;2309403;83;False;male;7;True;False;1440675;3476
4903586;2309403;81;False;female;7;True;False;1440676;1554
4904449;2309815;38;True;male;3;True;False;1440951;313
4904450;2309815;38;True;female;5;False;False;1440952;3001
4904451;2309815;5;False;female;8;False;False;1440953;2864
4904452;2309815;4;False;male;8;False;True;1440954;3577
4905306;2310170;22;True;male;4;True;True;1441190;14479
4905307;2310170;19;True;male;5;False;True;1441191;2940
4905308;2310170;53;True;male;5;True;True;1441192;2865
4905309;2310170;49;True;female;5;True;True;1441193;2901
4906129;2310570;38;True;female;3;True;True;1441448;8723
4906130;2310570;2;False;female;8;False;False;1441449;3424
4906131;2310570;7;False;male;8;False;True;1441450;407
4906132;2310570;38;True;male;3;True;False;1441451;313
4906819;2310892;80;False;female;7;True;False;1441692;1856
4910950;2312850;46;True;male;3;True;False;1442967;3284
4911989;2313341;30;True;female;3;True;True;1443305;4525
4911990;2313341;30;True;male;4;True;False;1443306;17445
4911991;2313341;28;True;male;3;True;False;1443307;17800
4912389;2313539;89;False;male;7;True;True;1443424;6355
4913606;2314042;88;False;male;7;True;False;1443786;4178
4915675;2315072;43;True;male;3;True;False;1444447;3047
4916425;2315435;83;False;female;7;False;True;1444690;1625
4916534;2315483;25;True;female;4;True;False;1444732;7110
4916883;2315664;97;False;male;7;False;False;1444851;13567
4920205;2317258;36;True;female;5;True;False;1445840;233
4920206;2317258;9;False;female;8;False;True;1445841;2914
4920207;2317258;5;False;female;8;False;True;1445842;3767
4921489;2317861;24;True;male;3;False;True;1446221;2413
4921490;2317861;51;True;male;3;True;True;1446222;3927
4921491;2317861;49;True;female;3;True;True;1446223;3218
4921492;2317861;17;False;female;8;False;True;1446224;7752
4921493;2317861;21;True;male;5;True;True;1446225;17097
4921494;2317861;84;False;female;7;True;False;1446226;4418
4922017;2318083;36;True;male;5;True;False;1446385;2064
4922018;2318083;3;False;male;8;False;False;1446386;7395
4922019;2318083;37;True;female;2;False;False;1446387;6056
4925079;2319460;37;True;male;4;True;False;1447293;14175
4925080;2319460;33;True;female;5;True;False;1447294;2565
4925117;2319472;29;True;male;3;True;True;1447301;8540
4928638;2321030;81;False;female;7;False;False;1448395;15895
4928639;2321030;90;False;male;7;True;False;1448396;3163
4937150;2324795;29;False;male;8;False;True;1451027;6518
4937151;2324795;19;False;male;8;False;False;1451028;7010
4937152;2324795;55;True;male;4;True;True;1451029;2211
4937153;2324795;55;True;female;4;True;False;1451030;10541
4937397;2324902;2;False;female;8;False;False;1451104;3424
4937398;2324902;31;True;male;5;True;False;1451105;7504
4940587;2326330;61;True;female;6;False;False;1452088;7333
4940588;2326330;21;False;male;8;True;False;1452089;466
4942931;2327385;8;False;male;8;False;False;1453315;16346
4942932;2327385;39;True;male;4;True;False;1453316;15878
4942933;2327385;6;False;male;8;False;False;1453317;15948
4942934;2327385;35;True;female;5;True;False;1453318;17195
4945499;2328490;45;True;male;4;True;False;1453930;15117
4948955;2329915;48;True;female;5;True;False;1454745;18044
4948956;2329915;49;True;male;4;True;False;1454746;151
4949710;2330225;36;True;male;5;True;True;1454920;11467
4951853;2331175;19;False;female;8;False;False;1455437;7326
4951854;2331175;52;True;female;4;True;False;1455438;17157
4951855;2331175;50;True;male;4;True;False;1455439;5947
4961002;2335037;32;False;female;8;False;False;1457584;6128
4961003;2335037;1;False;male;8;False;False;1457585;17809
4961004;2335037;31;True;male;6;True;False;1457586;7943
4961005;2335037;3;False;male;8;False;False;1457587;15948
4961006;2335037;9;False;male;8;False;False;1457588;17672
4961646;2335289;24;True;female;5;True;True;1457738;6202
4961647;2335289;53;True;male;2;True;False;1457739;6383
4961648;2335289;53;True;female;4;True;False;1457740;15828
4961754;2335329;58;True;female;5;True;True;1457767;17962
4961755;2335329;25;False;male;8;False;False;1457768;17649
4962489;2335612;72;False;female;7;True;False;1457925;17992
4962490;2335612;77;False;male;7;True;True;1457926;4338
4967181;2337432;87;False;female;7;True;False;1459043;7330
4967182;2337432;78;False;male;7;True;False;1459044;4098
4967480;2337550;26;True;female;5;True;False;1459119;11802
4967481;2337550;59;True;female;6;True;False;1459120;5236
4970955;2338929;61;False;male;7;True;False;1459939;16266
4970956;2338929;59;True;female;5;True;False;1459940;17417
4971885;2339287;94;False;female;7;True;False;1460156;1824
4975546;2340801;61;False;male;7;True;False;1461026;17347
4975568;2340814;13;False;male;8;False;False;1461030;5708
4975569;2340814;3;False;female;8;False;False;1461031;10410
4975570;2340814;43;True;female;5;True;True;1461032;6210
4976561;2341212;11;False;male;8;False;False;1461276;16804
4976562;2341212;3;False;female;8;False;False;1461277;4066
4976563;2341212;11;False;female;8;False;False;1461278;14566
4976564;2341212;36;False;male;8;True;False;1461279;7709
4976565;2341212;38;True;female;5;True;True;1461280;16915
4976566;2341212;16;False;female;8;False;False;1461281;4294
4978138;2341877;38;True;female;4;True;True;1461667;18154
4978139;2341877;37;True;male;5;True;False;1461668;7065
4978140;2341877;1;False;male;8;False;False;1461669;17672
4983765;2344207;19;False;male;8;False;True;1463045;5937
4983766;2344207;16;False;female;8;False;False;1463046;4294
4983767;2344207;10;False;female;8;False;False;1463047;2519
4985585;2344914;59;True;male;4;True;False;1463455;11541
4985586;2344914;63;False;female;7;True;False;1463456;17591
4985587;2344914;25;True;female;5;True;True;1463457;5093
4987524;2345686;14;False;female;8;False;False;1463894;4066
4987525;2345686;45;True;male;4;True;True;1463895;14031
4987526;2345686;18;False;female;8;False;True;1463896;11203
4987527;2345686;43;True;female;4;True;False;1463897;17111
4988199;2345974;3;False;female;8;False;False;1464042;6880
4988200;2345974;41;True;female;5;True;True;1464043;16915
4988201;2345974;36;True;male;2;True;False;1464044;7716
4988202;2345974;7;False;male;8;False;False;1464045;16318
4988304;2346018;14;False;male;8;False;False;1464065;16318
4988305;2346018;17;False;male;8;False;False;1464066;17664
4988306;2346018;43;True;female;5;True;False;1464067;17172
4990367;2346893;65;False;female;7;True;False;1464569;18039
4990368;2346893;63;False;male;7;True;False;1464570;15858
4991959;2347526;18;False;male;8;False;True;1464945;6736
4991960;2347526;47;True;female;4;True;False;1464946;18158
4991961;2347526;51;True;male;3;True;False;1464947;1363
4993961;2348286;84;False;female;7;True;False;1465428;1343
4995695;2349021;61;True;male;6;True;False;1465872;5804
4999061;2350379;63;True;male;3;True;False;1466688;14447
4999062;2350379;63;False;female;7;False;False;1466689;17991
5000555;2350975;68;False;male;7;True;False;1467060;15813
5000556;2350975;68;False;female;7;True;False;1467061;18028
5001569;2351395;74;False;male;7;True;False;1467296;17536
5001570;2351395;76;False;female;7;True;False;1467297;6212
5004129;2352475;54;True;male;2;True;True;1467903;3877
5004130;2352475;19;True;male;6;True;False;1467904;9938
5004131;2352475;56;True;female;5;True;False;1467905;16263
5008088;2354170;70;False;female;7;True;True;1469336;1954
5009335;2354715;4;False;male;8;False;False;1469734;15841
5009336;2354715;6;False;male;8;False;False;1469735;18000
5009337;2354715;40;True;male;6;True;False;1469736;16945
5009338;2354715;26;False;female;8;False;True;1469737;10471
5013044;2356233;40;True;female;4;True;False;1470765;16881
5013045;2356233;2;False;male;8;False;False;1470766;15841
5013046;2356233;38;True;male;3;True;False;1470767;17712
5013047;2356233;10;False;male;8;False;False;1470768;16318
5013048;2356233;7;False;male;8;False;False;1470769;16804
5016955;2357930;91;False;male;7;True;False;1471954;3787
5018313;2358535;48;True;male;4;True;False;1472362;2817
5018314;2358535;1;False;female;8;False;False;1472363;2276
5018315;2358535;55;True;female;5;True;False;1472364;17161
5024821;2361228;28;False;male;8;False;False;1474309;3145
5024822;2361228;60;True;female;3;True;False;1474310;5765
5024823;2361228;62;False;male;7;True;False;1474311;17284
5025243;2361405;56;True;male;6;True;True;1474429;5801
5029461;2363187;64;False;female;7;True;False;1475720;17586
5030225;2363501;74;False;male;7;True;False;1475930;18052
5031715;2364137;21;True;female;5;True;False;1476376;15241
5031716;2364137;57;True;male;2;True;False;1476377;759
5031717;2364137;55;True;female;5;True;False;1476378;18140
5031718;2364137;22;True;female;5;False;True;1476379;16295
5036156;2365958;46;True;female;3;True;True;1477684;1118
5036157;2365958;20;True;male;6;True;False;1477685;11441
5036158;2365958;45;True;male;4;True;False;1477686;10587
5036159;2365958;12;False;female;8;False;False;1477687;6558
5037460;2366535;61;True;female;5;True;True;1478066;1415
5037605;2366587;15;False;female;8;False;True;1478114;2075
5037606;2366587;37;True;female;5;False;True;1478115;1909
5038342;2366929;4;False;male;8;False;False;1478330;16905
5038343;2366929;38;True;female;3;True;False;1478331;17985
5038344;2366929;7;False;male;8;False;False;1478332;16346
5038345;2366929;42;True;male;3;True;False;1478333;18164
5039585;2367452;68;False;male;7;True;False;1478691;17414
5040352;2367781;63;True;male;3;True;True;1478910;1701
5040353;2367781;62;True;female;3;True;False;1478911;6221
5042914;2368898;36;True;female;6;False;False;1479703;5330
5042915;2368898;2;False;male;8;False;False;1479704;17672
5042916;2368898;41;True;male;6;True;False;1479705;6332
5046169;2370336;75;False;female;7;True;False;1480633;9287
5046764;2370554;56;True;male;3;True;False;1480790;17603
5046765;2370554;17;False;female;8;False;False;1480791;1533
5046766;2370554;53;True;female;4;True;False;1480792;17980
5047847;2371004;6;False;male;8;False;False;1481124;16318
5047848;2371004;39;True;female;5;True;True;1481125;17759
5047866;2371012;75;False;female;7;False;True;1481129;7035
5047867;2371012;52;True;female;5;False;False;1481130;6351
5048874;2371395;33;True;female;5;True;False;1481398;17619
5048875;2371395;6;False;male;8;False;False;1481399;16246
5050754;2372117;31;True;male;3;True;False;1481950;16857
5050755;2372117;30;True;female;3;True;False;1481951;16348
5053165;2373123;14;False;male;8;False;False;1482674;16356
5053166;2373123;17;False;male;8;False;True;1482675;3891
5053167;2373123;7;False;female;8;False;False;1482676;7725
5053168;2373123;37;True;female;4;True;False;1482677;16847
5053169;2373123;44;True;male;5;True;False;1482678;7504
5053827;2373382;17;False;male;8;True;False;1482854;4019
5053828;2373382;12;False;female;8;False;False;1482855;8583
5053829;2373382;46;True;female;4;True;False;1482856;15828
5053830;2373382;13;False;male;8;False;False;1482857;15948
5060769;2376381;34;True;female;4;True;False;1484881;17714
5060770;2376381;39;True;male;2;True;False;1484882;1637
5060771;2376381;5;False;male;8;False;False;1484883;15837
5060772;2376381;2;False;female;8;False;False;1484884;4079
5064753;2378058;86;False;male;7;True;True;1486054;6791
5068846;2379802;29;True;male;3;True;True;1487260;6509
5068847;2379802;70;False;male;7;True;False;1487261;18052
5068848;2379802;68;False;female;7;True;True;1487262;17019
5070873;2380642;11;False;female;8;False;False;1488055;2041
5070874;2380642;41;True;male;6;True;False;1488056;17789
5070875;2380642;3;False;male;8;False;False;1488057;17677
5070876;2380642;35;False;female;8;True;False;1488058;15084
5070893;2380648;59;True;male;4;True;False;1488062;3671
5070894;2380648;24;True;female;6;False;True;1488063;16306
5070895;2380648;22;False;male;8;False;False;1488064;1810
5070896;2380648;49;True;female;4;True;False;1488065;18158
5075138;2382392;19;False;male;8;False;True;1489254;2661
5075139;2382392;58;True;male;6;True;True;1489255;5451
5075140;2382392;47;True;female;4;True;False;1489256;16297
5075141;2382392;22;True;female;4;False;True;1489257;11123
5079524;2384204;56;True;female;5;False;False;1490475;555
5080671;2384678;81;False;male;7;True;False;1490799;4308
5080672;2384678;76;False;female;7;True;False;1490800;9879
5080916;2384766;29;True;male;3;True;True;1490867;8794
5081196;2384882;34;True;male;5;True;False;1490947;4546
5084560;2386309;48;True;male;2;True;False;1491875;3984
5084561;2386309;43;True;female;4;True;False;1491876;17065
5084562;2386309;19;True;male;6;True;False;1491877;3337
5084563;2386309;22;False;male;8;False;False;1491878;14691
5087628;2387570;11;False;female;8;False;False;1492756;4079
5087629;2387570;9;False;male;8;False;False;1492757;16318
5087630;2387570;39;True;male;4;True;False;1492758;17418
5092239;2389533;63;False;female;7;True;False;1494071;17039
5093254;2389936;14;False;female;8;False;True;1494352;6135
5093255;2389936;52;True;male;5;True;False;1494353;5085
5093256;2389936;22;False;male;8;False;True;1494354;7851
5093257;2389936;24;False;female;8;False;False;1494355;1948
5093258;2389936;51;False;female;8;False;False;1494356;5537
5104382;2394698;32;True;male;6;True;False;1497588;10961
5104383;2394698;65;False;female;7;True;True;1497589;16833
5104384;2394698;67;False;male;7;True;False;1497590;17414
5110477;2397332;39;True;female;4;True;False;1499330;16994
5110478;2397332;52;True;male;6;True;False;1499331;9283
5110479;2397332;14;False;female;8;False;False;1499332;5981
5110719;2397435;58;True;male;2;True;False;1499412;7968
5111532;2397769;15;False;male;8;False;True;1499656;2661
5111533;2397769;45;True;male;3;True;True;1499657;2256
5111534;2397769;10;False;female;8;False;False;1499658;2519
5111535;2397769;48;True;female;4;True;False;1499659;16297
5113362;2398542;52;True;male;3;True;True;1500155;2318
5113363;2398542;59;True;female;4;True;False;1500156;16297
5113364;2398542;22;False;male;8;False;True;1500157;7792
5113645;2398693;41;True;male;2;True;False;1500235;6667
5113646;2398693;60;False;female;8;False;True;1500236;3460
5113647;2398693;18;False;male;8;True;False;1500237;3332
5113648;2398693;20;True;female;5;True;False;1500238;16809
5113649;2398693;18;False;male;8;False;True;1500239;14266
5113650;2398693;8;False;male;8;False;False;1500240;16337
5116669;2399952;16;False;male;8;True;False;1501097;4019
5116670;2399952;46;True;female;4;True;False;1501098;17432
5116671;2399952;20;False;male;8;True;False;1501099;3332
5116672;2399952;46;True;male;4;True;False;1501100;18074
5123627;2402886;31;True;female;3;True;False;1503028;16348
5123628;2402886;33;True;male;3;True;False;1503029;17116
5124009;2403066;90;False;female;7;False;False;1503153;3459
5125050;2403499;11;False;female;8;False;False;1503445;7357
5125051;2403499;58;True;male;3;True;False;1503446;8835
5125052;2403499;56;True;female;4;True;False;1503447;16297
5125053;2403499;13;False;male;8;False;False;1503448;16246
5126099;2403959;64;False;female;7;True;False;1503736;17401
5126100;2403959;69;False;male;7;True;False;1503737;17727
5126434;2404086;25;False;female;8;False;True;1503832;10414
5126435;2404086;28;True;male;6;True;False;1503833;8494
5127615;2404588;48;True;male;4;True;False;1504154;6169
5127616;2404588;39;True;female;5;True;False;1504155;17787
5135005;2407675;33;True;male;6;True;False;1506483;8055
5135006;2407675;32;False;female;8;True;False;1506484;3485
5135834;2408082;59;True;male;6;True;True;1506737;15069
5135835;2408082;58;True;female;5;True;False;1506738;18140
5135874;2408104;25;True;female;6;True;True;1506752;2278
5136251;2408278;11;False;male;8;False;False;1506867;15948
5136252;2408278;2;False;male;8;False;False;1506868;16262
5136253;2408278;15;False;female;8;True;True;1506869;11673
5136254;2408278;39;True;female;5;True;False;1506870;17787
5136255;2408278;17;False;female;8;False;True;1506871;4467
5136441;2408376;73;False;male;7;True;False;1506921;17034
5136442;2408376;67;False;female;7;True;False;1506922;17096
5139271;2409534;60;False;male;7;True;True;1507801;2104
5146734;2412737;33;False;female;8;True;False;1510082;4408
5146735;2412737;77;False;male;7;True;True;1510083;5731
5146736;2412737;70;False;female;7;True;False;1510084;17822
5146737;2412737;29;True;female;3;True;False;1510085;4299
5146738;2412737;13;False;male;8;False;False;1510086;16905
5146739;2412737;44;True;male;6;True;False;1510087;11219
5149055;2413686;83;False;female;7;True;False;1510758;452
5152653;2415099;82;False;male;7;True;False;1511775;10329
5164511;2419935;41;True;female;3;True;False;1515260;16348
5164512;2419935;50;True;male;3;True;True;1515261;17857
5164513;2419935;16;False;male;8;False;False;1515262;14777
5164514;2419935;14;False;male;8;False;False;1515263;16329
5167940;2421329;87;False;male;7;True;False;1516236;3787
5167941;2421329;86;False;female;7;False;False;1516237;2973
5172071;2422907;4;False;male;8;False;False;1517403;16231
5172072;2422907;37;True;male;6;True;False;1517404;8609
5172073;2422907;37;True;female;4;True;False;1517405;16881
5172074;2422907;8;False;female;8;False;True;1517406;8739
5175492;2424322;1;False;female;8;False;False;1518409;14281
5175493;2424322;27;True;male;4;True;True;1518410;6534
5175494;2424322;27;False;female;8;False;False;1518411;4294
5175858;2424459;76;False;female;7;False;True;1518508;940
5177544;2425133;37;True;female;6;False;True;1519041;2807
5177545;2425133;74;False;female;7;True;False;1519042;17983
5177546;2425133;84;False;male;7;True;False;1519043;6823
5180277;2426236;40;True;male;6;True;False;1519891;6870
5182058;2426976;11;False;female;8;False;False;1520425;9869
5182059;2426976;31;True;female;4;True;True;1520426;18154
5185249;2428291;78;False;female;7;True;False;1521367;1856
5185250;2428291;86;False;male;7;True;False;1521368;11305
5186802;2428937;83;True;female;4;True;False;1521814;4391
5190924;2430653;28;True;male;6;True;False;1523019;8605
5190925;2430653;55;True;male;6;True;False;1523020;7744
5190926;2430653;55;True;female;6;True;False;1523021;11626
5192395;2431254;22;True;male;4;True;False;1523433;86
5192396;2431254;56;True;male;5;True;False;1523434;8457
5192397;2431254;25;True;male;4;True;True;1523435;842
5192398;2431254;54;True;female;5;True;False;1523436;17843
5195789;2432620;75;False;female;7;False;True;1524466;14482
5196105;2432776;45;True;male;6;True;False;1524562;3315
5196445;2432948;39;False;male;8;True;False;1524658;2490
5196446;2432948;37;False;male;8;True;False;1524659;931
5196922;2433183;46;True;female;5;True;True;1524797;17826
5196923;2433183;11;False;female;8;False;False;1524798;16322
5196924;2433183;44;True;male;5;True;True;1524799;4837
5196959;2433201;27;True;female;3;True;True;1524808;14965
5200099;2434539;31;True;female;5;True;False;1526540;17172
5200100;2434539;57;True;female;4;True;False;1526541;16297
5201308;2435059;63;False;female;7;True;True;1526807;17926
5201697;2435221;3;False;female;8;False;True;1526896;1457
5201698;2435221;31;True;female;4;True;True;1526897;16913
5201699;2435221;34;True;male;2;True;False;1526898;7229
5205670;2436873;70;False;male;7;True;False;1527771;17932
5205671;2436873;66;False;female;7;True;False;1527772;17983
5206667;2437270;58;True;male;5;True;False;1527993;13987
5206668;2437270;63;False;female;7;True;True;1527994;17926
5207264;2437519;26;True;male;4;True;True;1528123;4655
5207265;2437519;24;True;female;4;True;False;1528124;8234
5208797;2438156;69;False;male;7;True;False;1528457;16559
5208798;2438156;67;False;female;7;True;False;1528458;15966
5208879;2438191;55;True;female;3;True;True;1528473;4963
5208880;2438191;25;True;male;5;True;False;1528474;402
5208881;2438191;56;True;male;6;True;True;1528475;5466
5208882;2438191;22;True;male;4;True;False;1528476;4440
5212136;2439516;55;True;female;4;True;False;1529189;17026
5212137;2439516;56;True;male;3;True;False;1529190;13302
5212138;2439516;25;False;male;8;False;True;1529191;2755
5214779;2440614;8;False;male;8;False;False;1529784;16329
5214780;2440614;5;False;male;8;False;True;1529785;17266
5214781;2440614;34;True;male;6;True;True;1529786;2337
5214782;2440614;33;False;female;8;False;False;1529787;17422
5217934;2441875;24;True;female;5;False;True;1530482;5868
5224500;2444670;64;False;male;7;True;False;1531967;17530
5225963;2445271;91;False;female;7;True;False;1532293;11791
5227103;2445731;13;False;female;8;False;True;1532548;1544
5227104;2445731;15;False;male;8;False;True;1532549;5937
5227105;2445731;59;True;male;3;True;False;1532550;5394
5227106;2445731;48;True;female;3;True;True;1532551;14457
5229260;2446667;66;False;female;7;True;False;1533017;17752
5229261;2446667;66;False;male;7;True;False;1533018;16791
5229581;2446807;57;False;male;8;True;True;1533089;6616
5243026;2452391;10;False;male;8;False;False;1536077;16329
5243027;2452391;47;True;female;5;True;False;1536078;17659
5244602;2453074;50;True;female;3;True;True;1536422;1070
5244603;2453074;51;True;male;3;True;False;1536423;17545
5245426;2453440;5;False;female;8;False;False;1536603;3535
5245427;2453440;44;True;female;2;True;True;1536604;4550
5245428;2453440;47;True;male;5;True;False;1536605;8413
5247700;2454369;46;True;male;5;True;False;1537101;10655
5247701;2454369;57;True;female;5;True;False;1537102;16362
5247702;2454369;18;False;female;8;True;False;1537103;1711
5249443;2455123;45;True;female;5;True;False;1537485;18140
5249444;2455123;46;True;male;4;True;False;1537486;4363
5249445;2455123;12;False;male;8;False;False;1537487;16329
5249446;2455123;17;False;female;8;True;True;1537488;2587
5252644;2456506;84;False;female;7;False;True;1538191;3348
5253310;2456784;9;False;male;8;False;False;1538345;16318
5253311;2456784;38;True;female;2;True;True;1538346;7868
5253312;2456784;12;False;male;8;False;False;1538347;16246
5253313;2456784;15;False;male;8;False;True;1538348;6834
5253314;2456784;46;True;male;6;True;False;1538349;14801
5253315;2456784;6;False;female;8;False;False;1538350;8481
5254377;2457217;11;False;female;8;False;False;1538588;4226
5254378;2457217;41;False;female;8;True;False;1538589;8246
5254379;2457217;44;True;male;3;True;False;1538590;18164
5254380;2457217;8;False;male;8;False;False;1538591;15837
5255070;2457511;19;False;male;8;False;True;1538742;6834
5255071;2457511;51;True;male;6;True;False;1538743;17189
5255072;2457511;40;True;female;3;True;False;1538744;17244
5255073;2457511;15;False;female;8;False;True;1538745;601
5255074;2457511;11;False;female;8;False;False;1538746;14566
5255075;2457511;20;False;female;8;False;False;1538747;13733
5255203;2457560;49;True;male;6;True;True;1538771;5874
5255204;2457560;16;True;female;6;False;False;1538772;5511
5255205;2457560;49;True;female;4;True;False;1538773;17834
5255206;2457560;9;False;female;8;False;False;1538774;6558
5255793;2457815;70;False;male;7;True;False;1538894;16232
5255794;2457815;68;False;female;7;True;True;1538895;16833
5256010;2457893;64;False;male;7;True;False;1538949;17473
5256011;2457893;67;False;female;7;True;False;1538950;17180
5258757;2458988;76;False;female;7;True;False;1539548;11791
5258982;2459077;62;False;female;7;True;False;1539596;17096
5259496;2459306;55;True;female;3;True;False;1539716;7742
5259497;2459306;10;False;male;8;False;False;1539717;16346
5259797;2459433;43;False;female;8;True;False;1539777;1399
5260372;2459690;75;False;female;7;True;True;1539903;7862
5262321;2460523;77;False;female;7;True;False;1540336;8619
5267216;2462541;85;False;female;7;True;True;1541648;18174
5269154;2463272;60;True;male;4;True;False;1542164;7419
5269155;2463272;20;False;male;8;False;True;1542165;11471
5269156;2463272;56;True;female;5;True;False;1542166;18140
5275074;2465740;76;False;male;7;True;False;1543797;7773
5275075;2465740;73;False;female;7;True;False;1543798;17992
5276765;2466489;74;False;female;7;True;False;1544248;17955
5277443;2466751;12;False;female;8;False;False;1544439;4589
5277444;2466751;41;True;female;3;True;False;1544440;18171
5277445;2466751;41;True;male;4;True;False;1544441;16272
5277446;2466751;9;False;male;8;False;False;1544442;17672
5277447;2466751;5;False;male;8;False;False;1544443;15948
5287387;2470847;67;True;female;4;True;False;1547131;4352
5287539;2470910;51;True;male;5;True;True;1547170;2264
5289239;2471618;32;False;male;8;True;False;1547625;7679
5291435;2472570;4;False;female;8;False;False;1548229;4066
5291436;2472570;44;True;female;3;True;False;1548230;17275
5291964;2472797;75;False;female;7;True;True;1548376;1165
5291965;2472797;73;False;male;7;True;False;1548377;18052
5294340;2473785;26;True;female;3;False;True;1549010;17803
5294811;2473996;74;False;female;7;True;False;1549135;17992
5294812;2473996;67;False;male;7;True;False;1549136;17932
5295397;2474230;14;False;male;8;False;False;1549299;16356
5295398;2474230;1;False;male;8;False;False;1549300;16318
5295399;2474230;35;True;female;4;True;False;1549301;17065
5295400;2474230;11;False;female;8;False;False;1549302;6880
5295401;2474230;12;False;male;8;False;False;1549303;17672
5297154;2475014;51;False;female;8;True;False;1549771;7212
5297155;2475014;29;True;female;5;False;False;1549772;1425
5297156;2475014;57;True;male;4;False;False;1549773;420
5297157;2475014;21;True;male;6;True;False;1549774;3337
5297158;2475014;30;True;male;5;True;False;1549775;6093
5301126;2476685;3;False;male;8;False;False;1550842;16246
5301127;2476685;52;True;male;4;True;False;1550843;7175
5301128;2476685;3;False;female;8;False;False;1550844;4066
5301129;2476685;42;True;female;6;True;True;1550845;16280
5303444;2477692;17;False;female;8;False;True;1551476;8450
5303445;2477692;43;False;female;8;True;False;1551477;7913
5303446;2477692;11;False;male;8;False;True;1551478;17266
5303447;2477692;63;True;male;5;True;False;1551479;11158
5303448;2477692;16;False;female;8;False;True;1551480;7752
5308030;2479613;60;False;female;8;True;False;1552703;4352
5308031;2479613;62;True;male;4;True;False;1552704;3789
5310406;2480644;23;True;male;6;True;False;1553348;8494
5311668;2481206;48;True;male;5;True;False;1553706;13987
5313379;2481913;11;False;male;8;False;False;1554162;17672
5313380;2481913;10;False;female;8;False;False;1554163;4226
5313381;2481913;4;False;male;8;False;False;1554164;16318
5313382;2481913;30;False;female;8;True;False;1554165;15084
5313541;2481993;76;False;female;7;True;False;1554207;3674
5313542;2481993;79;False;male;7;True;False;1554208;4429
5316223;2483050;31;True;female;4;True;False;1555190;17714
5316224;2483050;14;False;male;8;False;False;1555191;15948
5316225;2483050;57;True;female;5;True;False;1555192;16362
5318364;2483896;51;True;female;4;True;False;1555715;16370
5318365;2483896;22;False;female;8;True;False;1555716;7424
5318366;2483896;19;False;female;8;False;True;1555717;10414
5318367;2483896;54;True;male;2;True;False;1555718;7655
5320916;2484905;31;True;male;5;True;False;1556379;7297
5320917;2484905;6;False;male;8;False;False;1556380;16905
5321331;2485073;38;True;male;3;True;True;1556487;4162
5323166;2485817;34;True;female;3;True;False;1556967;17985
5323167;2485817;4;False;female;8;False;False;1556968;2284
5323168;2485817;37;True;male;3;True;False;1556969;17730
5325951;2486914;19;False;female;8;True;True;1557688;2278
5325952;2486914;50;True;female;4;True;False;1557689;15828
5325953;2486914;14;False;female;8;False;False;1557690;2988
5329061;2488108;67;False;male;7;True;False;1558511;16238
5329062;2488108;66;False;female;7;True;False;1558512;17099
5330633;2488738;15;False;female;8;False;False;1558929;11720
5330634;2488738;18;False;female;8;True;True;1558930;7223
5330635;2488738;57;True;male;3;False;True;1558931;2125
5330636;2488738;49;True;female;5;False;True;1558932;5100
5330649;2488741;27;True;male;6;True;False;1558933;18186
5330650;2488741;21;False;female;8;False;False;1558934;2680
5330651;2488741;54;True;female;5;True;False;1558935;17214
5330652;2488741;25;False;female;8;False;False;1558936;7417
5330653;2488741;61;True;male;5;True;False;1558937;18014
5330654;2488741;13;False;female;8;False;False;1558938;2864
5330893;2488858;43;True;male;4;True;False;1558999;15878
5333059;2489753;25;True;male;6;True;False;1559529;16794
5333060;2489753;53;True;male;4;True;False;1559530;15906
5333666;2489962;68;False;male;7;True;False;1559674;17216
5335505;2490669;15;False;female;8;False;True;1560159;17016
5335506;2490669;49;True;female;3;True;False;1560160;3296
5335507;2490669;50;True;male;4;True;False;1560161;14850
5335508;2490669;19;False;male;8;True;False;1560162;4019
5336032;2490871;52;True;female;3;True;True;1560290;4963
5336033;2490871;55;True;male;3;True;True;1560291;17857
5338832;2491902;19;False;male;8;False;True;1561016;3902
5338833;2491902;46;True;male;4;True;False;1561017;17501
5338834;2491902;43;True;female;5;True;False;1561018;17172
5339524;2492163;4;False;male;8;False;True;1561191;5841
5339525;2492163;31;True;female;5;False;True;1561192;4091
5345097;2494474;14;False;female;8;False;True;1562659;6013
5345098;2494474;11;False;female;8;False;False;1562660;13742
5345099;2494474;52;False;female;8;False;True;1562661;1797
5350509;2496626;55;True;male;3;True;False;1564045;5635
5350510;2496626;40;True;female;5;True;True;1564046;16280
5350511;2496626;11;False;male;8;False;False;1564047;17672
5350512;2496626;3;False;male;8;False;False;1564048;15841
5350664;2496688;35;True;male;4;True;True;1564088;4115
5352992;2497620;60;True;male;5;True;False;1564680;7688
5352993;2497620;60;True;female;6;True;True;1564681;1499
5352994;2497620;21;False;male;8;False;True;1564682;5292
5357180;2499261;15;False;male;8;False;True;1565770;7851
5357181;2499261;11;False;female;8;False;True;1565771;1447
5357182;2499261;46;True;female;5;True;True;1565772;17826
5357183;2499261;56;True;male;5;True;False;1565773;15052
5359004;2499974;46;True;female;4;True;False;1566223;15955
5359653;2500243;36;True;male;3;True;False;1566402;17730
5360116;2500423;77;False;female;7;True;True;1566508;1368
5361686;2501013;74;False;male;7;True;False;1566898;18052
5361687;2501013;73;False;female;7;True;False;1566899;17586
5364796;2502249;6;False;female;8;False;False;1567702;10970
5364797;2502249;4;False;female;8;False;False;1567703;2041
5364798;2502249;41;False;female;8;True;False;1567704;10644
5364799;2502249;38;True;male;5;True;False;1567705;3819
5365770;2502670;32;True;male;4;True;False;1567965;17957
5365771;2502670;1;False;female;8;False;False;1567966;15898
5365772;2502670;32;True;female;5;True;False;1567967;15893
5370009;2504434;89;False;male;7;True;True;1569215;4338
5370010;2504434;86;False;female;7;True;False;1569216;3158
5371438;2504985;53;True;female;5;True;False;1569567;17659
5371439;2504985;53;True;male;6;True;False;1569568;3515
5372071;2505250;42;True;male;5;True;False;1569719;929
5374782;2506412;20;False;male;8;False;True;1570405;7851
5374783;2506412;14;False;female;8;False;False;1570406;3424
5374784;2506412;51;True;female;3;True;False;1570407;16352
5376604;2507177;67;False;female;7;True;False;1570857;16548
5376605;2507177;68;False;male;7;True;False;1570858;17655
5379241;2508279;26;False;male;8;True;False;1571524;5778
5379242;2508279;25;True;female;5;False;True;1571525;8616
5379266;2508297;31;True;female;4;True;False;1571530;17111
5381128;2509129;63;True;female;3;True;False;1571996;10478
5381129;2509129;64;False;male;7;True;False;1571997;18056
5384762;2510685;56;True;female;5;False;False;1572920;16793
5384763;2510685;80;False;female;7;False;False;1572921;6387
5385510;2510974;12;False;female;8;False;False;1573095;17865
5385511;2510974;45;True;female;4;True;False;1573096;18158
5385512;2510974;47;True;male;5;True;False;1573097;8413
5385513;2510974;20;False;female;8;False;False;1573098;1708
5385514;2510974;17;False;male;8;True;True;1573099;5644
5388213;2512013;62;True;female;5;True;False;1573771;3703
5396116;2515270;39;True;male;6;True;False;1575758;3712
5396117;2515270;19;True;female;4;True;False;1575759;6795
5396118;2515270;14;False;female;8;False;False;1575760;3514
5396119;2515270;39;True;female;6;True;False;1575761;3885
5398693;2516386;72;True;male;3;True;False;1576398;2415
5398694;2516386;47;True;female;5;True;False;1576399;17074
5398695;2516386;15;False;male;8;True;False;1576400;6700
5398696;2516386;12;False;female;8;False;False;1576401;6946
5398697;2516386;6;False;male;8;False;False;1576402;15841
5400384;2517091;8;False;female;8;False;False;1576822;7357
5400385;2517091;2;False;female;8;False;False;1576823;7357
5400386;2517091;48;True;male;6;True;True;1576824;15213
5400387;2517091;15;False;male;8;False;True;1576825;3428
5400388;2517091;36;True;female;5;True;False;1576826;16959
5401886;2517666;23;True;female;5;True;False;1577219;16845
5401887;2517666;50;False;female;8;True;False;1577220;463
5403033;2518133;70;False;male;7;True;False;1577507;16791
5403034;2518133;73;False;female;7;True;False;1577508;16369
5404524;2518755;14;False;male;8;False;False;1577870;16318
5404525;2518755;18;False;female;8;False;False;1577871;13733
5404526;2518755;40;True;male;6;True;True;1577872;6050
5404527;2518755;41;False;female;8;True;True;1577873;3917
5405565;2519164;15;False;female;8;True;True;1578135;2982
5405566;2519164;54;True;female;3;True;False;1578136;16333
5405567;2519164;19;False;female;8;False;True;1578137;601
5405568;2519164;59;True;male;2;True;False;1578138;759
5405635;2519190;55;False;male;8;False;True;1578150;7101
5406603;2519612;21;False;female;8;False;False;1578381;3123
5409649;2520829;6;False;female;8;False;False;1579138;10437
5409650;2520829;38;True;female;5;True;False;1579139;16268
5409651;2520829;42;True;male;4;True;True;1579140;17126
5412785;2522074;14;False;female;8;False;False;1579938;7408
5412786;2522074;33;False;female;8;False;False;1579939;8289
5412920;2522148;69;False;female;7;True;False;1579972;11329
5413304;2522318;37;True;female;5;True;False;1580069;15893
5414256;2522701;12;False;male;8;False;False;1580310;15948
5414257;2522701;44;True;female;3;True;False;1580311;17275
5414258;2522701;12;False;male;8;False;False;1580312;15948
5414259;2522701;10;False;male;8;False;False;1580313;16804
5414260;2522701;42;True;male;3;True;False;1580314;18164
5417622;2524087;64;True;female;1;True;False;1581145;1358
5420471;2525285;73;False;male;7;False;True;1581858;6720
5422980;2526328;56;True;female;5;True;False;1582490;18044
5422981;2526328;32;True;female;5;True;False;1582491;17787
5422982;2526328;58;True;male;3;True;False;1582492;4789
5422983;2526328;30;True;male;4;True;False;1582493;17634
5423123;2526383;28;True;male;4;True;True;1582522;17226
5424904;2527116;59;True;male;3;True;False;1582973;673
5424905;2527116;58;True;female;3;True;False;1582974;10658
5426541;2527801;32;True;male;2;True;False;1583380;7716
5426709;2527894;41;True;male;6;True;False;1583430;6870
5428313;2528633;46;True;female;6;True;False;1583862;4620
5428314;2528633;18;False;male;8;False;False;1583863;8174
5428315;2528633;47;True;male;6;True;False;1583864;7744
5429006;2528923;47;True;male;4;True;True;1584028;14257
5431636;2530037;73;False;female;7;True;False;1585011;17180
5431851;2530125;12;False;male;8;False;False;1585076;16905
5431852;2530125;15;False;female;8;False;False;1585077;2680
5431853;2530125;17;False;female;8;False;False;1585078;1533
5431854;2530125;3;False;female;8;False;False;1585079;7725
5431855;2530125;40;True;female;3;True;True;1585080;17136
5431856;2530125;54;True;male;6;True;False;1585081;5015
5432397;2530372;52;True;male;5;True;False;1585246;8410
5432398;2530372;8;False;female;8;False;False;1585247;14607
5432399;2530372;12;False;male;8;False;False;1585248;4982
5432400;2530372;47;True;female;5;False;True;1585249;2167
5432401;2530372;15;False;male;8;True;True;1585250;8016
5433970;2531054;69;False;female;7;False;False;1585708;6940
5436097;2531848;84;False;female;7;True;True;1586328;7764
5436831;2532155;26;True;male;6;True;False;1586539;3337
5439686;2533238;79;False;female;7;False;False;1587338;6926
5441530;2534027;16;False;male;8;False;True;1587881;6834
5441531;2534027;9;False;female;8;False;True;1587882;1457
5441532;2534027;11;False;male;8;False;False;1587883;15948
5441533;2534027;42;False;female;8;True;False;1587884;17365
5441534;2534027;6;False;male;8;False;False;1587885;16804
5441535;2534027;44;True;male;4;True;False;1587886;15878
5444496;2535299;5;False;female;8;False;True;1588752;8739
5444497;2535299;45;True;male;5;True;False;1588753;8413
5444498;2535299;40;True;female;4;True;False;1588754;17629
5445563;2535784;19;False;male;8;False;False;1589064;3120
5446862;2536330;64;True;female;5;True;False;1589440;6761
5447734;2536696;34;True;male;6;True;False;1589692;16945
5447735;2536696;24;False;female;8;False;True;1589693;176
5449244;2537320;40;True;male;6;False;False;1590110;11485
5450038;2537684;36;True;male;6;True;True;1590351;18020
5450039;2537684;6;False;female;8;False;True;1590352;6674
5450040;2537684;33;True;female;4;True;False;1590353;16994
5450041;2537684;1;False;male;8;False;False;1590354;16262
5452329;2538578;4;False;female;8;False;False;1591002;14281
5452330;2538578;40;False;female;8;True;True;1591003;14355
5452331;2538578;8;False;male;8;False;False;1591004;16804
5452332;2538578;41;True;male;4;True;True;1591005;16358
5452559;2538674;16;False;male;8;False;True;1591063;5745
5452560;2538674;30;True;male;6;True;False;1591064;10565
5452561;2538674;13;False;male;8;False;False;1591065;16337
5452562;2538674;38;True;female;5;True;True;1591066;16915
5452711;2538739;58;True;male;3;True;True;1591113;2256
5452712;2538739;50;True;female;4;True;False;1591114;17026
5453693;2539154;27;True;female;4;True;True;1591389;5180
5455636;2539932;38;False;female;8;False;True;1591923;4962
5455637;2539932;3;False;male;8;False;False;1591924;6715
5456001;2540098;81;False;female;7;False;False;1592016;5955
5460488;2542000;77;False;female;7;False;False;1593335;7019
5465232;2544129;55;True;male;6;True;False;1594769;17093
5465233;2544129;59;True;female;5;True;False;1594770;18044
5465234;2544129;18;False;male;8;False;True;1594771;3428
5466451;2544664;26;True;male;3;True;True;1595131;982
5470239;2546219;29;True;male;5;False;False;1596218;255
5471574;2546743;60;False;female;8;True;False;1596590;536
5473129;2547407;9;False;female;8;False;False;1597039;4444
5473130;2547407;13;False;male;8;False;False;1597040;16318
5473131;2547407;60;True;male;5;True;False;1597041;14806
5473132;2547407;42;True;female;5;True;False;1597042;17087
5473441;2547539;25;True;male;5;True;True;1597138;7042
5473442;2547539;25;True;female;6;False;False;1597139;15031
5473595;2547607;55;True;female;5;True;False;1597185;16283
5473596;2547607;22;True;female;5;True;False;1597186;14750
5474608;2548026;58;True;male;5;True;False;1597469;15052
5478037;2549414;24;False;male;8;False;True;1598418;6105
5480890;2550596;27;True;female;4;True;True;1599218;4927
5484569;2552073;40;True;female;4;True;False;1600281;17714
5484570;2552073;14;False;male;8;False;False;1600282;16318
5484571;2552073;30;True;male;6;True;True;1600283;16921
5484572;2552073;16;False;female;8;False;True;1600284;13385
5486930;2553028;23;False;male;8;False;False;1600974;3120
5490172;2554409;21;False;male;8;True;True;1601911;854
5490173;2554409;25;False;male;8;True;True;1601912;8803
5490174;2554409;30;False;male;8;True;False;1601913;16983
5490175;2554409;23;False;female;8;False;True;1601914;6934
5490176;2554409;40;True;male;5;True;False;1601915;929
5490221;2554445;59;True;male;6;True;False;1601929;16256
5491378;2554928;88;False;female;7;False;False;1602251;4001
5493163;2555688;20;False;male;8;True;False;1602755;3332
5493164;2555688;58;True;female;4;True;False;1602756;16981
5493165;2555688;27;True;female;2;False;False;1602757;13733
5493960;2556034;62;True;female;4;True;False;1602980;546
5496310;2557053;32;True;female;5;True;True;1603666;16957
5496311;2557053;34;False;male;8;True;False;1603667;14536
5496312;2557053;4;False;male;8;False;False;1603668;16329
5496313;2557053;7;False;male;8;False;False;1603669;16318
5498057;2557792;41;True;female;3;True;False;1604411;16898
5498058;2557792;45;True;male;6;True;False;1604412;3515
5499162;2558276;59;False;female;7;True;True;1604692;1312
5499163;2558276;59;True;male;3;True;True;1604693;4795
5499592;2558483;53;True;male;3;True;True;1604803;17147
5499593;2558483;48;True;female;4;True;False;1604804;16370
5499594;2558483;15;False;male;8;True;False;1604805;1790
5503764;2560304;82;False;male;7;True;True;1605799;18095
5503765;2560304;81;False;female;7;False;False;1605800;6387
5505472;2561086;19;False;male;8;True;True;1606225;15101
5505473;2561086;18;False;female;8;False;True;1606226;601
5505474;2561086;50;True;male;3;True;True;1606227;2129
5505475;2561086;50;True;female;4;True;False;1606228;16297
5505476;2561086;22;False;male;8;False;True;1606229;7280
5508237;2562324;23;True;male;4;True;True;1606907;2209
5508238;2562324;59;True;female;4;True;False;1606908;18158
5515437;2565548;69;False;male;7;True;False;1608642;17522
5515438;2565548;70;False;female;7;True;False;1608643;15932
5515449;2565554;72;True;female;2;True;False;1608644;5002
5515450;2565554;70;False;male;7;True;False;1608645;17414
5521495;2568128;67;False;male;7;True;False;1610096;17034
5521496;2568128;54;False;female;7;True;False;1610097;4601
5521934;2568335;26;True;female;3;True;False;1610210;6303
5521935;2568335;62;True;male;3;True;False;1610211;4459
5521936;2568335;59;True;female;4;True;False;1610212;17157
5527427;2570717;74;False;male;7;True;False;1611523;17530
5527428;2570717;68;False;female;7;True;False;1611524;17779
5527976;2570977;35;True;female;6;True;False;1611674;7079
5527977;2570977;1;False;female;8;False;False;1611675;6406
5527978;2570977;20;True;female;5;True;True;1611676;7767
5527979;2570977;65;False;male;7;True;True;1611677;17750
5527980;2570977;56;False;female;8;True;True;1611678;4446
5527981;2570977;26;True;female;4;True;False;1611679;16978
5527982;2570978;35;True;female;6;True;False;1611674;10905
5527983;2570978;1;False;female;8;False;False;1611675;11775
5527984;2570978;20;True;female;5;True;False;1611676;7000
5527985;2570978;65;False;male;7;True;False;1611677;15813
5527986;2570978;56;False;female;8;True;False;1611678;17593
5527987;2570978;26;True;female;4;True;False;1611679;7714
5530224;2571925;12;False;male;8;False;False;1612236;16246
5530225;2571925;10;False;female;8;False;False;1612237;14391
5530226;2571925;21;False;female;8;False;True;1612238;3081
5530227;2571925;44;True;male;4;True;False;1612239;16299
5530228;2571925;45;True;female;5;True;False;1612240;16362
5530229;2571925;6;False;male;8;False;False;1612241;17809
5537815;2575313;71;False;male;7;True;False;1614139;17292
5537816;2575313;28;True;female;3;False;True;1614140;1007
5537817;2575313;61;True;female;2;True;True;1614141;7640
5540795;2576555;22;False;female;8;False;True;1614888;601
5540796;2576555;15;False;male;8;True;True;1614889;10038
5540797;2576555;50;False;female;8;True;True;1614890;3518
5540798;2576555;19;False;male;8;False;True;1614891;5937
5540799;2576555;51;True;male;3;True;False;1614892;5806
5540860;2576578;88;False;female;7;True;False;1614904;11791
5542495;2577313;40;False;male;8;True;False;1615307;1206
5542496;2577313;2;False;male;8;False;False;1615308;16976
5542497;2577313;32;False;female;8;True;False;1615309;17365
5542498;2577313;3;False;female;8;False;False;1615310;4066
5547118;2579358;28;True;female;4;True;True;1616464;1858
5547119;2579358;29;True;male;3;False;True;1616465;1653
5547851;2579676;98;False;male;7;True;False;1616650;1678
5548582;2580002;54;True;female;3;True;False;1616822;4938
5548583;2580002;42;True;male;3;True;False;1616823;18164
5552393;2581699;36;True;female;3;True;False;1617756;4636
5552394;2581699;35;True;male;3;False;False;1617757;4505
5552395;2581699;2;False;male;8;False;False;1617758;5835
5556096;2583265;22;False;male;8;True;True;1618623;1414
5556898;2583621;12;False;male;8;False;False;1618816;16231
5556899;2583621;10;False;male;8;False;False;1618817;18000
5556900;2583621;41;False;female;8;True;True;1618818;4112
5556901;2583621;41;True;male;3;True;False;1618819;15831
5558337;2584221;40;False;female;8;False;True;1619169;6478
5558709;2584386;76;False;female;7;True;False;1619261;7682
5560011;2584990;31;True;male;3;True;False;1619851;16863
5560012;2584990;4;False;male;8;False;False;1619852;15948
5560013;2584990;25;True;female;4;True;False;1619853;17028
5560922;2585384;57;True;male;6;True;False;1620081;5132
5560923;2585384;55;True;female;4;True;False;1620082;17157
5564785;2587003;30;True;male;6;True;True;1621075;6050
5564786;2587003;62;True;male;2;True;False;1621076;2829
5564787;2587003;53;True;female;5;True;False;1621077;16219
5565454;2587297;48;True;female;5;True;False;1621241;18140
5565455;2587297;19;False;female;8;False;False;1621242;17609
5565456;2587297;48;True;male;3;True;False;1621243;2552
5565457;2587297;16;False;male;8;False;False;1621244;14528
5565458;2587297;21;False;female;8;False;True;1621245;601
5567632;2588210;8;False;female;8;False;False;1621790;1827
5567633;2588210;43;True;male;5;True;False;1621791;13541
5567634;2588210;40;True;female;3;True;False;1621792;15920
5567731;2588252;71;False;female;7;True;False;1621813;17752
5568969;2588796;27;False;female;8;True;True;1622126;790
5568970;2588796;53;True;male;4;True;False;1622127;7043
5574765;2591338;1;False;female;8;False;False;1623577;15171
5574766;2591338;39;False;female;8;True;True;1623578;1665
5574767;2591338;4;False;female;8;False;False;1623579;11149
5574768;2591338;6;False;female;8;False;False;1623580;4004
5575507;2591668;51;True;male;6;True;True;1623766;5485
5575918;2591833;59;True;male;2;True;False;1623866;759
5575919;2591833;62;True;female;4;True;False;1623867;18178
5578247;2592863;71;False;male;7;True;False;1624465;17536
5578763;2593079;22;True;female;4;True;False;1624605;16978
5580904;2594030;70;False;male;7;True;False;1625164;15813
5580905;2594030;67;False;female;7;True;False;1625165;15856
5581335;2594220;39;True;female;5;True;False;1625266;17787
5581336;2594220;6;False;female;8;False;False;1625267;14391
5583509;2595203;16;False;female;8;True;False;1625821;3466
5583510;2595203;45;True;female;3;True;True;1625822;8338
5583511;2595203;48;True;male;6;True;False;1625823;11814
5583512;2595203;22;False;female;8;False;True;1625824;1152
5590882;2598360;62;True;female;6;False;False;1627697;17330
5590883;2598360;32;True;male;6;False;False;1627698;5366
5591564;2598644;34;False;male;8;True;False;1627872;7954
5593457;2599473;38;True;male;4;True;False;1628366;17634
5593458;2599473;2;False;male;8;False;False;1628367;17677
5593459;2599473;8;False;female;8;False;False;1628368;1966
5593460;2599473;36;True;female;5;True;False;1628369;16910
5597929;2601464;56;False;male;8;False;False;1629474;1812
5597930;2601464;88;False;male;7;True;False;1629475;8124
5599388;2602055;64;False;male;7;True;False;1629832;18052
5599389;2602055;54;True;female;4;True;False;1629833;17157
5599423;2602066;17;False;female;8;True;False;1629838;1711
5599424;2602066;10;False;male;8;False;False;1629839;17809
5599425;2602066;45;True;female;6;True;False;1629840;15828
5600443;2602465;86;False;female;7;True;False;1630089;8720
5600444;2602465;57;True;male;6;True;True;1630090;11170
5603180;2603626;53;False;male;8;False;True;1630787;7101
5606456;2605023;6;False;male;8;False;False;1631601;16318
5606457;2605023;36;True;female;4;True;True;1631602;18154
5606458;2605023;42;True;male;4;True;False;1631603;17427
5606459;2605023;2;False;male;8;False;False;1631604;15948
5606468;2605026;6;False;male;8;False;False;1631601;17024
5606469;2605026;36;True;female;4;True;True;1631602;16276
5606470;2605026;42;True;male;4;True;False;1631603;17086
5606471;2605026;2;False;male;8;False;False;1631604;16337
5611157;2607028;48;True;male;3;True;False;1632767;673
5611158;2607028;47;True;female;4;True;False;1632768;15828
5611419;2607149;75;False;male;7;True;False;1632831;11793
5611420;2607149;73;False;female;7;True;False;1632832;18178
5614078;2608297;68;True;male;3;True;False;1633509;4955
5614079;2608297;68;False;female;7;True;False;1633510;17955
5615071;2608688;60;False;male;8;True;False;1633744;17414
5615072;2608688;64;False;female;8;True;False;1633745;3493
5624198;2612436;75;False;female;7;False;False;1636017;2973
5634489;2617010;28;True;male;3;True;True;1639457;1967
5634541;2617036;34;True;male;3;True;False;1639468;17860
5634542;2617036;2;False;female;8;False;False;1639469;10970
5634543;2617036;35;True;female;3;True;False;1639470;16348
5637900;2618507;61;True;female;3;True;False;1640443;11226
5637901;2618507;64;False;male;7;True;False;1640444;17932
5644879;2621644;69;False;male;7;True;False;1642529;17034
5645459;2621945;17;False;male;8;False;True;1642737;15821
5645460;2621945;13;False;female;8;False;False;1642738;17080
5645461;2621945;53;True;male;3;True;False;1642739;2552
5645462;2621945;46;False;female;8;True;False;1642740;8489
5645463;2621945;15;False;male;8;True;True;1642741;11461
5645464;2621945;7;False;male;8;False;False;1642742;17125
5648211;2623196;46;True;male;3;True;True;1643574;946
5648601;2623367;19;False;female;8;False;False;1643670;4294
5648602;2623367;12;False;female;8;False;False;1643671;5055
5648603;2623367;42;True;male;3;True;False;1643672;17860
5648604;2623367;11;False;female;8;False;False;1643673;2041
5648730;2623435;27;True;female;3;True;True;1643711;822
5648731;2623435;27;False;male;8;False;False;1643712;4096
5649315;2623698;40;True;male;6;True;False;1643874;7943
5649316;2623698;38;False;female;8;True;False;1643875;10989
5649317;2623698;8;False;female;8;False;False;1643876;3369
5649318;2623698;2;False;male;8;False;False;1643877;16318
5649977;2623983;33;True;male;2;True;False;1644074;1781
5649978;2623983;32;True;female;5;False;False;1644075;17350
5650321;2624127;36;True;male;5;True;False;1644185;18061
5650322;2624127;64;True;female;3;True;True;1644186;11273
5654212;2625908;29;True;female;5;True;True;1645364;7461
5654213;2625908;21;True;male;5;True;False;1645365;13776
5654214;2625908;16;False;male;8;False;False;1645366;17521
5654215;2625908;11;False;male;8;False;True;1645367;17266
5654216;2625908;46;True;male;6;True;True;1645368;894
5655616;2626527;54;True;male;4;True;False;1645793;1699
5655617;2626527;53;True;female;3;True;True;1645794;8338
5656053;2626743;50;True;female;5;True;True;1645920;17826
5656193;2626802;89;False;female;7;False;False;1645962;4001
5656194;2626802;10;False;female;8;False;False;1645963;14607
5656195;2626802;55;False;male;8;True;True;1645964;6616
5656196;2626802;51;True;female;3;False;True;1645965;2150
5656638;2627006;8;False;female;8;False;False;1646099;2579
5656639;2627006;11;False;female;8;False;False;1646100;5844
5656640;2627006;48;True;female;3;True;True;1646101;1979
5656641;2627006;49;True;male;3;True;True;1646102;2129
5656642;2627006;14;False;female;8;False;False;1646103;6558
5657728;2627507;36;True;female;3;True;False;1646447;17354
5657729;2627507;34;True;male;3;True;False;1646448;16835
5657970;2627611;36;True;female;4;True;False;1646521;15823
5658202;2627726;21;False;male;8;True;False;1646595;18073
5658203;2627726;56;True;male;3;True;True;1646596;2495
5658204;2627726;51;True;female;5;True;False;1646597;17659
5667640;2631986;47;True;female;4;True;False;1649518;15828
5667641;2631986;43;True;male;4;True;False;1649519;16977
5668745;2632503;53;True;female;5;True;False;1649856;17417
5668746;2632503;15;False;female;8;False;True;1649857;3081
5668826;2632555;35;True;female;3;True;False;1649880;18171
5669402;2632812;62;False;female;7;True;False;1650044;461
5669403;2632812;63;False;male;7;True;False;1650045;6238
5670244;2633209;37;True;male;5;True;False;1650294;10261
5672437;2634243;82;False;female;7;False;False;1650964;6814
5674172;2635059;78;False;female;7;False;False;1651478;6997
5679719;2637628;7;False;female;8;False;True;1653206;6674
5679720;2637628;6;False;female;8;False;False;1653207;13312
5679721;2637628;34;False;female;8;True;True;1653208;3917
5679722;2637628;1;False;female;8;False;False;1653209;18060
5680955;2638229;43;True;male;3;True;False;1653599;17860
5680956;2638229;45;True;female;3;True;True;1653600;1742
5680957;2638229;13;False;female;8;False;False;1653601;7016
5680958;2638229;4;False;male;8;False;False;1653602;16318
5683528;2639429;25;True;male;3;True;False;1654417;2110
5692727;2643575;5;False;female;8;False;True;1657223;1544
5692728;2643575;48;True;male;6;True;True;1657224;11170
5692729;2643575;47;True;female;4;True;False;1657225;15828
5693130;2643792;74;False;female;8;True;False;1657356;9923
5696615;2645339;71;False;female;7;True;False;1658424;17586
5700686;2647001;7;False;female;8;False;False;1659681;11775
5700687;2647001;30;True;female;5;True;False;1659682;17058
5700688;2647001;7;False;male;8;False;True;1659683;17266
5700689;2647001;32;True;male;5;True;True;1659684;645
5702326;2647706;46;True;female;4;True;False;1660057;17157
5702654;2647862;72;False;female;7;True;False;1660131;17209
5704733;2648760;66;False;female;7;True;True;1660585;16220
5704734;2648760;67;False;male;7;True;False;1660586;17847
5705712;2649133;38;True;male;4;True;False;1660806;18047
5705713;2649133;10;False;male;8;False;False;1660807;15948
5705714;2649133;9;False;female;8;False;True;1660808;1447
5705715;2649133;39;True;female;2;False;True;1660809;1868
5707040;2649632;6;False;female;8;False;False;1661107;14391
5707041;2649632;31;True;male;2;True;False;1661108;1983
5707042;2649632;30;True;female;5;True;True;1661109;17759
5707043;2649632;2;False;male;8;False;False;1661110;16318
5708123;2650074;68;False;male;7;True;False;1661357;16232
5708124;2650074;77;False;female;7;True;False;1661358;7691
5709268;2650589;64;False;female;7;True;False;1661622;17039
5712167;2651806;62;False;male;7;True;False;1662272;16238
5712168;2651806;62;False;female;7;True;False;1662273;18169
5722350;2656052;39;True;female;5;True;True;1664585;16915
5722351;2656052;16;False;female;8;False;True;1664586;17016
5722352;2656052;47;True;male;4;True;False;1664587;8576
5722353;2656052;4;False;male;8;False;False;1664588;16318
5722770;2656239;31;False;male;8;True;False;1664682;4985
5722771;2656239;69;False;male;7;True;False;1664683;17249
5724567;2657020;19;True;male;5;True;True;1665088;3107
5724568;2657020;48;True;female;5;True;True;1665089;17638
5724569;2657020;55;True;male;2;True;False;1665090;759
5724901;2657153;66;False;male;8;True;False;1665161;349
5724902;2657153;53;True;female;3;True;False;1665162;8284
5729497;2659126;42;True;male;3;True;False;1666197;18164
5729498;2659126;41;True;female;5;True;False;1666198;17556
5733060;2660609;53;True;female;4;True;False;1667014;16918
5733061;2660609;13;False;female;8;False;True;1667015;3268
5733062;2660609;47;True;male;3;True;False;1667016;1668
5735745;2661717;47;True;female;5;False;False;1667630;17849
5735746;2661717;17;False;female;8;False;False;1667631;4294
5735747;2661717;26;True;male;6;True;False;1667632;8605
5741908;2664336;86;False;female;7;True;False;1669029;4348
5741909;2664336;88;False;female;7;True;False;1669030;4391
5742055;2664405;40;True;female;3;True;True;1669062;17069
5742056;2664405;42;True;male;4;True;False;1669063;17851
5742057;2664405;13;False;female;8;False;True;1669064;6674
5742058;2664405;10;False;female;8;False;False;1669065;1827
5748571;2667055;16;False;male;8;False;False;1670537;11713
5748572;2667055;46;True;female;4;True;False;1670538;17157
5752025;2668520;3;False;male;8;False;False;1671326;16246
5752026;2668520;43;True;female;3;True;False;1671327;16868
5752027;2668520;47;True;male;3;True;True;1671328;14223
5752028;2668520;6;False;female;8;False;False;1671329;7357
5753074;2668970;33;True;female;5;True;False;1671575;16268
5753075;2668970;30;True;male;5;True;False;1671576;8656
5753076;2668970;1;False;male;8;False;True;1671577;17266
5754798;2669747;27;True;male;4;True;True;1671954;2209
5756142;2670275;25;True;male;4;True;False;1672268;18146
5756143;2670275;53;True;female;3;True;True;1672269;4963
5756214;2670305;67;False;female;7;False;True;1672283;6561
5756796;2670535;51;True;female;3;True;True;1672417;941
5757794;2670974;35;False;female;8;True;False;1672646;10989
5757795;2670974;14;False;male;8;False;False;1672647;17677
5757796;2670974;17;False;female;8;True;True;1672648;14187
5757797;2670974;42;True;male;6;True;False;1672649;6551
5764017;2673559;3;False;male;8;False;False;1674034;17672
5764018;2673559;1;False;male;8;False;False;1674035;16337
5764019;2673559;38;False;female;8;True;False;1674036;10922
5764020;2673559;41;True;male;5;True;False;1674037;13541
5764660;2673821;35;True;female;4;True;False;1674184;17042
5765323;2674142;9;False;female;8;False;False;1674336;3514
5765324;2674142;48;True;female;3;True;True;1674337;4456
5765325;2674142;9;False;female;8;False;False;1674338;16322
5767186;2674953;23;False;female;8;False;False;1675101;15031
5767187;2674953;65;False;male;7;True;False;1675102;17145
5767188;2674953;54;True;female;4;False;True;1675103;17481
5768715;2675697;53;True;male;6;True;True;1675533;894
5768716;2675697;56;True;female;6;True;False;1675534;8489
5770722;2676615;23;True;female;5;False;False;1676119;412
5772779;2677530;54;True;male;4;True;False;1676714;9187
5773182;2677716;66;False;male;7;True;False;1676832;17932
5773183;2677716;65;False;female;7;True;False;1676833;16896
5773649;2677913;21;True;male;5;True;False;1676969;7933
5773650;2677913;54;True;female;3;True;True;1676970;8202
5782184;2681814;26;True;male;4;False;True;1679425;1286
5782748;2682073;51;True;male;3;True;False;1679592;8505
5784475;2682842;67;False;female;7;True;False;1680142;17362
5784537;2682871;53;True;female;6;True;False;1680159;2355
5784538;2682871;58;True;male;2;True;False;1680160;18086
5784539;2682871;24;True;female;5;True;False;1680161;1176
5784540;2682871;20;False;male;8;False;False;1680162;11713
5789625;2685249;5;False;female;8;False;False;1681546;7632
5789626;2685249;12;False;male;8;False;False;1681547;16337
5789627;2685249;16;False;female;8;False;True;1681548;17874
5789628;2685249;54;True;male;5;True;False;1681549;13987
5789629;2685249;40;True;female;4;True;True;1681550;18154
5789630;2685249;8;False;female;8;False;False;1681551;3514
5789631;2685249;18;False;male;8;False;False;1681552;15043
5793193;2686973;81;False;female;7;True;False;1682584;5221
5793194;2686973;43;True;male;3;True;False;1682585;17116
5795319;2687934;27;True;male;5;False;False;1683178;6593
5796560;2688518;25;True;male;4;True;False;1683517;18146
5796561;2688518;52;True;male;6;True;False;1683518;14100
5796562;2688518;53;True;female;4;True;False;1683519;15828
5796563;2688518;15;False;male;8;False;True;1683520;3902
5796859;2688659;28;True;male;4;False;True;1683593;1286
5796860;2688659;37;True;female;3;True;False;1683594;17985
5796861;2688659;10;False;female;8;False;True;1683595;8739
5798673;2689504;24;True;female;4;False;True;1684099;11123
5806026;2692926;16;False;female;8;True;True;1686282;2658
5806027;2692926;45;True;male;5;True;False;1686283;4699
5807223;2693454;29;True;male;3;True;False;1686626;3628
5807224;2693454;28;True;female;5;False;True;1686627;14944
5808487;2694061;34;True;female;5;False;True;1686984;14303
5810642;2695032;23;False;male;8;False;False;1687616;13360
5813706;2696471;60;True;male;2;True;False;1688525;18014
5813707;2696471;26;True;male;2;False;True;1688526;775
5813708;2696471;49;True;female;4;True;False;1688527;16370
5814162;2696681;24;True;male;3;True;True;1688649;1414
5814168;2696687;65;False;female;7;True;True;1688650;17926
5815130;2697127;41;True;female;4;True;False;1688906;17111
5815131;2697127;43;True;male;3;True;False;1688907;16863
5815132;2697127;10;False;male;8;False;False;1688908;16318
5820622;2699685;21;False;male;8;False;False;1690475;15154
5821318;2700046;13;False;female;8;False;False;1690673;10875
5821319;2700046;9;False;female;8;False;False;1690674;2177
5821320;2700046;50;True;female;3;True;True;1690675;1348
5821321;2700046;16;False;male;8;False;False;1690676;8715
5821322;2700046;50;True;male;3;True;True;1690677;14223
5825452;2701991;5;False;male;8;False;False;1691860;17677
5825453;2701991;4;False;female;8;False;False;1691861;8783
5825454;2701991;38;True;male;6;True;True;1691862;5796
5825455;2701991;33;True;female;2;True;False;1691863;6764
5825456;2701991;8;False;female;8;False;False;1691864;1827
5825457;2701991;8;False;female;8;False;False;1691865;3243
5825895;2702188;52;True;male;6;True;False;1691982;14397
5826007;2702257;64;True;male;4;True;False;1692014;5887
5826008;2702257;66;False;female;7;True;False;1692015;17591
5826855;2702567;35;True;male;2;True;False;1692794;10253
5828183;2703070;26;True;male;6;True;False;1693191;3337
5828184;2703070;24;True;male;6;True;False;1693192;17005
5828185;2703070;22;True;male;6;True;False;1693193;3337
5828186;2703070;62;False;male;8;True;False;1693194;15217
5828187;2703070;20;False;female;8;True;True;1693195;11673
5828188;2703070;51;True;female;5;True;False;1693196;18120
5828377;2703150;10;False;female;8;False;True;1693246;7341
5828378;2703150;12;False;male;8;False;False;1693247;16329
5828379;2703150;39;True;female;5;True;True;1693248;16915
5828380;2703150;43;True;male;6;True;False;1693249;7994
5829364;2703542;81;False;female;7;True;False;1693573;17150
5829365;2703542;81;False;male;7;True;False;1693574;154
5832936;2704946;53;True;female;3;True;True;1694650;1033
5840826;2708084;29;True;male;3;True;True;1696978;4694
5849926;2711454;15;False;male;8;False;True;1699645;5937
5849927;2711454;46;True;male;4;True;False;1699646;14540
5849928;2711454;12;False;female;8;False;False;1699647;5055
5849929;2711454;1;False;female;8;False;False;1699648;4066
5849930;2711454;20;False;female;8;False;True;1699649;1152
5849931;2711454;38;True;female;5;True;True;1699650;16280
5849932;2711454;4;False;male;8;False;False;1699651;15948
5850065;2711484;7;False;male;8;False;False;1699678;16905
5850066;2711484;36;True;female;4;True;False;1699679;17876
5850067;2711484;39;True;male;3;True;False;1699680;16990
5850535;2711671;27;False;female;8;False;True;1699813;13347
5850536;2711671;5;False;male;8;False;False;1699814;16318
5850537;2711671;6;False;male;8;False;False;1699815;16262
5852596;2712467;40;True;male;3;True;False;1700402;15831
5852597;2712467;3;False;male;8;False;False;1700403;16346
5852598;2712467;31;True;female;5;True;False;1700404;16910
5852599;2712467;73;False;male;7;True;False;1700405;17522
5852600;2712467;72;False;female;7;True;True;1700406;17926
5857101;2714177;45;True;male;6;True;False;1701742;5456
5857102;2714177;1;False;female;8;False;False;1701743;8583
5857103;2714177;1;False;male;8;False;False;1701744;15948
5857104;2714177;37;False;female;8;True;True;1701745;3917
5857105;2714177;5;False;female;8;False;True;1701746;3618
5858148;2714599;39;True;female;4;True;False;1702023;17254
5858149;2714599;10;False;male;8;False;False;1702024;16318
5858150;2714599;13;False;male;8;False;False;1702025;15841
5858151;2714599;16;False;male;8;True;False;1702026;4019
5858152;2714599;6;False;female;8;False;False;1702027;4226
5858153;2714599;47;True;male;3;True;False;1702028;735
5858154;2714599;1;False;male;8;False;False;1702029;16318
5864459;2717064;77;False;female;7;False;False;1703850;6814
5864460;2717064;80;False;male;7;True;False;1703851;4098
5867361;2718235;87;False;female;7;True;True;1704642;1165
5867362;2718235;90;False;male;7;True;False;1704643;5196
5877688;2722356;33;True;female;5;True;False;1707613;17058
5877689;2722356;55;True;female;2;True;False;1707614;1820
5880724;2723556;73;False;female;7;True;False;1708463;17992
5881001;2723645;79;False;female;7;True;False;1708531;8099
5881002;2723645;80;False;male;7;True;True;1708532;2889
5884241;2724918;59;False;female;8;False;False;1709462;5465
5896321;2729885;45;True;male;3;True;True;1714097;2399
5896322;2729885;30;True;male;4;True;False;1714098;7440
5896323;2729885;45;True;male;3;False;False;1714099;7363
5899544;2731212;54;True;male;3;True;True;1715044;17147
5899545;2731212;20;False;female;8;True;False;1715045;2554
5899546;2731212;56;True;female;5;True;False;1715046;17843
5899676;2731250;67;False;male;7;True;False;1715084;17932
5899677;2731250;62;False;female;7;False;False;1715085;17991
5902200;2732342;9;False;male;8;False;False;1715871;16804
5902201;2732342;54;True;male;6;True;True;1715872;2258
5902202;2732342;50;True;female;6;True;False;1715873;8018
5902203;2732342;23;True;male;6;True;False;1715874;11441
5907764;2734626;80;False;female;7;True;False;1717531;17150
5908355;2734893;51;True;male;3;True;True;1717715;2529
5908356;2734893;12;False;female;8;False;False;1717716;11403
5908357;2734893;49;True;female;5;True;False;1717717;17152
5908358;2734893;10;False;male;8;False;True;1717718;17266
5908664;2735023;67;False;male;7;True;False;1717811;17932
5908665;2735023;65;False;female;8;True;True;1717812;5950
5911024;2736015;71;False;male;7;True;False;1718541;17522
5911025;2736015;73;False;female;7;True;False;1718542;17180
5915934;2738093;7;False;male;8;False;False;1719981;16318
5915935;2738093;41;True;female;6;True;False;1719982;10605
5915936;2738093;13;False;female;8;False;False;1719983;2519
5915937;2738093;12;False;female;8;False;False;1719984;14566
5917305;2738621;73;False;female;7;True;False;1720360;17235
5917306;2738621;76;False;male;7;True;False;1720361;3476
5919123;2739404;82;False;female;7;True;False;1720893;3421
5921304;2740291;81;False;male;7;True;False;1721529;5766
5921305;2740291;75;True;female;2;True;False;1721530;17798
5921452;2740340;23;False;male;8;False;True;1721574;5292
5921453;2740340;57;True;male;6;True;False;1721575;16256
5921454;2740340;54;True;female;3;True;True;1721576;5247
5926313;2742339;13;False;female;8;False;False;1723028;2284
5926314;2742339;9;False;female;8;False;True;1723029;7341
5926315;2742339;38;True;female;5;True;False;1723030;17392
5927118;2742727;58;True;male;6;True;False;1723279;5132
5927119;2742727;59;True;female;5;True;False;1723280;17152
5927120;2742727;25;True;female;4;True;False;1723281;922
5928454;2743294;25;False;male;8;True;False;1723657;11163
5928455;2743294;29;True;female;5;True;True;1723658;5093
5928456;2743294;55;True;female;5;True;False;1723659;17214
5928457;2743294;56;True;male;6;True;False;1723660;7826
5931246;2744387;77;False;male;7;True;False;1724467;4098
5936440;2746554;52;False;female;8;True;False;1725959;11735
5936441;2746554;65;False;male;7;True;False;1725960;16955
5938195;2747267;9;False;male;8;False;False;1726474;15837
5938196;2747267;3;False;male;8;False;False;1726475;17125
5938197;2747267;34;False;female;8;True;False;1726476;10795
5938589;2747447;71;False;female;7;True;False;1726597;17988
5939794;2747965;74;False;male;7;True;False;1726944;17530
5940784;2748350;35;True;male;3;True;False;1727230;16863
5940785;2748350;6;False;male;8;False;False;1727231;16905
5940786;2748350;35;True;female;4;True;False;1727232;16881
5946068;2750569;53;True;male;4;True;True;1728757;2399
5946220;2750641;22;True;male;4;True;False;1728802;6959
5946221;2750641;45;True;female;4;True;False;1728803;17614
5946222;2750641;52;True;male;3;True;False;1728804;14873
5947142;2751025;21;True;female;5;True;True;1729083;4034
5947143;2751025;52;True;female;4;True;False;1729084;17572
5947144;2751025;51;True;male;3;True;False;1729085;11246
5947145;2751025;18;False;female;8;False;True;1729086;16553
5948132;2751421;38;False;female;8;True;True;1729381;3917
5948133;2751421;1;False;female;8;False;False;1729382;3424
5948134;2751421;47;False;male;8;True;False;1729383;1852
5951632;2752904;75;False;male;7;True;False;1730390;8124
5951633;2752904;74;False;female;7;True;False;1730391;17362
5953708;2753766;40;True;female;6;True;False;1731250;1251
5953709;2753766;22;True;male;5;False;True;1731251;2940
5954727;2754236;71;False;female;7;True;False;1731550;17401
5956119;2754800;63;False;female;8;True;False;1731997;3553
5956120;2754800;25;True;female;3;False;True;1731998;17803
5956121;2754800;63;True;male;6;True;False;1731999;14806
5960279;2756501;66;False;male;7;True;False;1733254;17034
5960280;2756501;61;False;female;7;True;True;1733255;16220
5961705;2757155;54;True;male;3;True;True;1733704;2318
5961706;2757155;17;False;female;8;False;False;1733705;15031
5961707;2757155;43;True;female;5;True;True;1733706;17759
5961708;2757155;14;False;female;8;False;False;1733707;4202
5964126;2758176;88;False;male;7;True;False;1734474;4429
5964127;2758176;56;True;male;4;True;False;1734475;8576
5965941;2758984;33;True;female;4;True;False;1735046;17840
5965942;2758984;36;True;male;3;True;False;1735047;17860
5967130;2759467;66;False;female;7;True;False;1735401;16896
5967131;2759467;70;False;male;7;True;False;1735402;17034
5967616;2759669;75;False;male;7;True;True;1735558;2889
5967617;2759669;69;False;female;7;False;False;1735559;17991
5967882;2759805;70;False;male;7;True;False;1735638;17835
5967960;2759848;78;False;male;7;True;False;1735663;4429
5967961;2759848;79;False;female;7;True;False;1735664;5111
5968436;2760054;21;True;male;6;True;False;1735825;13570
5968437;2760054;25;False;male;8;True;True;1735826;2575
5968438;2760054;53;False;female;8;False;False;1735827;3417
5968439;2760054;53;True;male;2;True;False;1735828;17739
5980440;2765174;13;False;female;8;False;False;1739461;1410
5980441;2765174;49;True;female;4;True;True;1739462;972
5980442;2765174;15;False;male;8;True;True;1739463;5475
5982156;2765951;6;False;female;8;False;False;1739982;14281
5982157;2765951;1;False;male;8;False;False;1739983;15948
5982158;2765951;37;True;male;3;True;False;1739984;17860
5982159;2765951;36;True;female;4;True;False;1739985;16847
5984663;2766962;70;False;male;7;True;False;1740756;18014
5984664;2766962;71;False;female;7;True;False;1740757;15966
5991302;2769751;68;False;male;7;True;False;1742854;17249
5992901;2770456;43;True;male;5;True;True;1743363;4837
5992902;2770456;10;False;male;8;False;False;1743364;15948
5992903;2770456;14;False;male;8;False;False;1743365;15948
5992904;2770456;42;True;female;4;True;False;1743366;16881
5995526;2771541;54;True;female;4;False;True;1744162;17481
5995527;2771541;53;True;male;3;True;True;1744163;18143
5995528;2771541;19;False;male;8;False;False;1744164;17521
5996174;2771825;41;True;female;3;True;False;1744350;17574
5996175;2771825;43;True;male;3;True;False;1744351;18164
5996176;2771825;11;False;male;8;False;False;1744352;16262
5996177;2771825;9;False;male;8;False;False;1744353;16905
5996178;2771825;3;False;female;8;False;False;1744354;14281
5997599;2772400;30;True;male;3;True;False;1744773;17712
5997644;2772430;38;True;female;4;True;False;1744784;17395
5999102;2773003;47;True;male;6;True;False;1745256;6158
5999103;2773003;22;False;male;8;False;True;1745257;9083
5999104;2773003;57;True;female;5;True;False;1745258;16362
5999105;2773003;17;False;female;8;False;False;1745259;4294
6000442;2773534;54;False;male;8;True;False;1745656;11435
6000443;2773534;10;False;female;8;False;False;1745657;14281
6000444;2773534;21;False;female;8;True;True;1745658;2658
6000445;2773534;45;True;female;6;True;False;1745659;7700
6001060;2773812;83;False;female;7;False;False;1745838;6997
6001061;2773812;90;False;male;7;True;False;1745839;8681
6003666;2774940;44;True;male;2;True;False;1746630;1637
6003667;2774940;2;False;male;8;False;False;1746631;16346
6003668;2774940;39;True;female;2;True;False;1746632;5294
6003669;2774940;6;False;female;8;False;True;1746633;8739
6003832;2775009;48;True;male;3;True;False;1746682;673
6006365;2776019;58;True;male;3;True;True;1747471;8116
6006366;2776019;57;True;female;4;True;False;1747472;17572
6006367;2776019;26;False;male;8;False;False;1747473;625
6007812;2776609;42;True;male;3;True;False;1747910;17860
6010535;2777802;20;False;male;8;False;False;1748832;15043
6010536;2777802;20;False;female;8;True;True;1748833;2658
6011770;2778298;49;False;male;8;True;True;1749190;10243
6015840;2780008;10;False;male;8;False;False;1750390;15948
6015841;2780008;13;False;male;8;False;False;1750391;16804
6015842;2780008;45;True;female;3;True;False;1750392;14663
6015843;2780008;53;True;male;3;True;True;1750393;17250
6017586;2780720;31;True;female;5;True;False;1750907;17619
6017587;2780720;5;False;female;8;False;False;1750908;8783
6018392;2781031;53;True;male;3;True;True;1751132;890
6018393;2781031;55;True;female;2;True;True;1751133;5247
6021482;2782302;60;True;female;5;False;False;1752007;7333
6022049;2782537;68;False;male;7;True;True;1752176;17750
6022050;2782537;68;False;female;7;True;False;1752177;17992
6022745;2782835;66;False;male;7;True;False;1752362;18052
6022746;2782835;13;False;male;8;False;False;1752363;17677
6022747;2782835;9;False;male;8;False;False;1752364;15948
6022748;2782835;12;False;female;8;False;False;1752365;7673
6022749;2782835;44;True;female;6;True;True;1752366;5698
6022750;2782835;61;False;male;8;False;False;1752367;4340
6026571;2784448;19;False;female;8;False;False;1753496;1948
6026572;2784448;53;True;male;3;True;False;1753497;17868
6026573;2784448;49;True;female;3;True;True;1753498;3447
6026574;2784448;8;False;female;8;False;False;1753499;8553
6028907;2785411;17;False;female;8;True;False;1754137;7424
6028908;2785411;14;False;male;8;False;True;1754138;17266
6028909;2785411;36;True;female;6;True;False;1754139;777
6028910;2785411;11;False;female;8;False;False;1754140;2864
6028911;2785411;46;True;male;6;True;False;1754141;9094
6029737;2785741;66;False;male;7;True;False;1754359;18014
6029738;2785741;65;False;female;7;True;False;1754360;17586
6030218;2785955;27;True;female;5;True;True;1754509;5990
6030219;2785955;46;True;male;6;True;False;1754510;11814
6031191;2786355;68;False;male;7;True;False;1754777;17727
6031192;2786355;71;False;female;7;False;False;1754778;17991
6033971;2787482;47;True;female;3;True;False;1755552;4774
6036482;2788508;44;True;male;5;True;False;1756282;3819
6038528;2789324;40;True;male;3;True;False;1756826;18164
6040696;2790198;33;True;male;4;True;True;1757404;17126
6042031;2790751;59;True;male;6;True;False;1757774;3362
6042032;2790751;57;True;female;5;True;False;1757775;16283
6042033;2790751;18;False;male;8;True;True;1757776;515
6045398;2792130;71;False;female;7;True;False;1758718;17591
6046955;2792774;60;True;female;4;True;False;1759177;8497
6046956;2792774;75;True;male;6;True;True;1759178;4073
6047232;2792879;58;True;female;3;True;False;1759242;5183
6047233;2792879;61;False;male;8;True;False;1759243;6995
6050561;2794235;65;False;female;7;False;True;1760150;5197
6050571;2794242;64;False;male;7;True;False;1760153;17155
6050572;2794242;68;False;female;7;False;False;1760154;18106
6051414;2794620;65;True;female;5;True;False;1760401;14544
6051415;2794620;62;False;male;8;True;False;1760402;17932
6054363;2795801;51;True;male;6;True;True;1761254;898
6054364;2795801;49;True;female;4;True;False;1761255;16918
6054365;2795801;10;False;female;8;False;False;1761256;5639
6058378;2797437;73;False;male;7;False;False;1762390;5278
6059533;2797940;29;False;female;8;False;False;1762705;13733
6059939;2798144;74;False;male;7;True;False;1762807;17754
6059940;2798144;74;False;female;7;True;False;1762808;15932
6063739;2799730;80;False;male;7;True;True;1763874;4073
6063740;2799730;78;False;female;7;True;False;1763875;6212
6065736;2800485;21;False;female;8;False;False;1764903;6607
6065737;2800485;1;False;male;8;False;False;1764904;6908
6072172;2802995;67;True;male;6;True;True;1766763;6390
6072173;2802995;41;True;female;5;True;False;1766764;17058
6072368;2803059;14;False;female;8;False;False;1766818;7408
6072369;2803059;40;False;female;8;True;True;1766819;1685
6072370;2803059;8;False;female;8;False;True;1766820;10737
6072371;2803059;53;True;male;6;False;True;1766821;6187
6072372;2803059;11;False;male;8;False;False;1766822;2141
6072373;2803059;2;False;male;8;False;True;1766823;5720
6072531;2803113;59;False;female;8;True;False;1766864;13610
6072532;2803113;40;False;male;8;True;False;1766865;3856
6072533;2803113;62;False;male;7;True;False;1766866;17336
6074072;2803667;32;True;female;5;True;False;1767326;16959
6074073;2803667;11;False;female;8;False;False;1767327;2276
6074074;2803667;9;False;male;8;False;False;1767328;16346
6074075;2803667;9;False;female;8;False;False;1767329;17625
6074625;2803892;9;False;female;8;False;False;1767505;2864
6074626;2803892;37;False;female;8;True;True;1767506;3917
6074627;2803892;3;False;female;8;False;False;1767507;7725
6074628;2803892;48;True;male;4;False;True;1767508;6574
6074629;2803892;5;False;male;8;False;False;1767509;15958
6074630;2803892;8;False;male;8;False;False;1767510;16329
6076694;2804685;45;True;female;2;True;True;1768098;548
6076695;2804685;49;True;male;6;True;True;1768099;5606
6077635;2805049;17;False;female;8;False;False;1768363;10484
6077636;2805049;38;False;female;8;True;False;1768364;10989
6077637;2805049;43;True;male;4;True;False;1768365;17445
6077638;2805049;2;False;male;8;False;False;1768366;15948
6081689;2806614;24;True;female;4;True;False;1769539;8635
6081690;2806614;54;True;female;5;True;True;1769540;17962
6081691;2806614;53;True;male;3;True;False;1769541;8505
6082941;2807114;19;False;male;8;False;True;1769884;11471
6082942;2807114;49;True;male;3;True;True;1769885;17147
6082943;2807114;14;False;female;8;False;False;1769886;11661
6082944;2807114;15;False;male;8;True;False;1769887;4019
6082945;2807114;21;False;male;8;False;True;1769888;15972
6082946;2807114;45;True;female;4;True;False;1769889;18158
6082947;2807114;11;False;male;8;False;True;1769890;17266
6083866;2807471;46;True;male;6;True;True;1770146;2258
6085205;2807990;5;False;female;8;False;False;1770504;2519
6085206;2807990;34;True;female;5;False;False;1770505;17350
6085207;2807990;1;False;male;8;False;False;1770506;15948
6085208;2807990;34;True;male;5;True;False;1770507;10261
6085687;2808170;71;False;female;8;True;True;1770638;1692
6085688;2808170;59;False;male;8;True;False;1770639;11814
6085689;2808170;59;True;female;5;True;False;1770640;18092
6085690;2808170;59;True;male;6;True;False;1770641;16256
6086553;2808573;40;False;male;8;True;False;1770877;13376
6087087;2808791;57;True;female;4;True;False;1771034;15828
6087088;2808791;52;True;male;5;True;False;1771035;8413
6087089;2808791;23;True;male;5;True;False;1771036;3469
6087090;2808791;20;True;male;6;True;False;1771037;4684
6087740;2809043;31;True;female;4;True;False;1771230;16881
6087741;2809043;31;True;male;3;True;False;1771231;18111
6087806;2809075;73;False;female;7;True;False;1771244;17591
6087807;2809075;74;False;male;7;True;False;1771245;16238
6087822;2809084;59;True;male;6;True;False;1771254;16326
6087823;2809084;65;False;female;7;True;False;1771255;17992
6088954;2809535;60;False;female;8;True;False;1771569;3649
6092108;2810721;76;False;male;7;True;False;1772523;4098
6096175;2812252;78;False;female;7;False;True;1773678;1625
6099318;2813508;61;True;female;5;False;True;1774566;2271
6099319;2813508;65;True;male;6;True;False;1774567;17932
6103046;2814937;49;True;female;3;True;True;1775652;5157
6103047;2814937;23;False;male;8;False;False;1775653;11713
6103048;2814937;55;True;male;3;True;True;1775654;3875
6103049;2814937;24;True;female;4;True;False;1775655;11810
6104082;2815332;3;False;male;8;False;False;1775967;16337
6104083;2815332;5;False;male;8;False;False;1775968;16356
6104084;2815332;45;True;male;5;True;True;1775969;8136
6104085;2815332;36;False;female;8;True;False;1775970;2327
6104086;2815332;6;False;male;8;False;False;1775971;16804
6107966;2816864;42;True;female;5;True;True;1777232;16957
6107967;2816864;10;False;female;8;False;False;1777233;2276
6107968;2816864;20;False;female;8;True;True;1777234;2658
6115038;2819558;18;False;male;8;False;True;1779319;15972
6115039;2819558;37;True;female;6;True;False;1779320;5909
6115040;2819558;43;False;male;8;True;False;1779321;4133
6115041;2819558;14;False;male;8;False;False;1779322;16346
6115459;2819725;54;True;female;4;False;True;1779438;17481
6120766;2821772;87;False;male;7;True;True;1780986;6355
6120767;2821772;86;False;female;7;False;True;1780987;1959
6123442;2822792;36;True;female;4;True;False;1781822;16881
6128770;2824839;54;True;male;5;True;False;1783411;8413
6132669;2826323;23;False;female;8;False;True;1784598;3374
6132670;2826323;54;False;female;8;False;False;1784599;14048
6132671;2826323;20;False;male;8;False;False;1784600;625
6132672;2826323;14;False;male;8;False;False;1784601;16329
6133031;2826459;72;False;female;7;False;False;1784706;17859
6135836;2827545;40;False;male;8;True;False;1785534;8055
6135837;2827545;31;False;female;8;True;False;1785535;10644
6135838;2827545;6;False;male;8;False;False;1785536;16262
6135839;2827545;3;False;female;8;False;False;1785537;14391
6135921;2827583;39;True;male;5;True;False;1785566;4436
6138525;2828704;6;False;female;8;False;False;1786342;13742
6138526;2828704;7;False;male;8;False;False;1786343;16940
6138527;2828704;36;False;female;8;False;False;1786344;3748
6139962;2829257;42;True;female;5;True;False;1786788;16268
6143172;2830488;77;False;female;7;True;True;1787774;5000
6150028;2833178;85;False;female;7;True;False;1789915;3495
6150029;2833178;60;True;male;4;True;True;1789916;7272
6150030;2833178;60;False;female;8;True;False;1789917;3493
6154982;2835127;76;False;male;7;True;False;1791402;5766
6154983;2835127;73;False;female;7;True;False;1791403;17992
6155994;2835491;47;True;male;6;False;True;1791716;6187
6156197;2835563;10;False;female;8;False;False;1791781;2284
6156198;2835563;43;True;female;6;True;True;1791782;14917
6156199;2835563;6;False;female;8;False;False;1791783;4226
6156200;2835563;43;True;male;6;True;False;1791784;7709
6159566;2836918;94;False;female;7;True;True;1792842;8626
6159960;2837087;50;False;female;8;True;False;1792958;17541
6165985;2839548;42;True;female;4;True;False;1794871;17951
6165986;2839548;12;False;male;8;False;False;1794872;16318
6165987;2839548;15;False;male;8;False;False;1794873;8174
6165988;2839548;12;False;male;8;False;False;1794874;16905
6169138;2840906;49;True;male;3;True;False;1795850;17868
6185395;2847928;14;False;male;8;False;False;1800874;17809
6185396;2847928;17;False;female;8;False;True;1800875;1388
6185397;2847928;59;True;male;6;True;False;1800876;5132
6185398;2847928;50;True;female;4;False;True;1800877;17481
6185542;2847986;73;False;male;7;True;False;1800911;17034
6185543;2847986;71;False;female;7;True;False;1800912;17362
6189832;2849785;92;False;female;7;False;True;1802240;5102
6191076;2850327;65;True;female;5;False;False;1802656;6843
6195703;2852297;89;False;female;7;False;False;1804048;8637
6196628;2852635;79;False;female;7;True;False;1804316;14547
6197234;2852927;51;True;male;4;True;False;1804510;366
6197235;2852927;14;False;male;8;False;False;1804511;15948
6197236;2852927;17;False;male;8;True;False;1804512;6700
6197237;2852927;21;True;female;5;True;False;1804513;373
6197238;2852927;50;False;female;8;False;False;1804514;3417
6197239;2852927;24;False;female;8;True;True;1804515;2350
6199943;2854100;81;False;female;7;True;True;1805354;7862
6199944;2854100;86;False;male;7;True;True;1805355;18095
6200455;2854328;34;True;female;5;True;False;1805508;16910
6202723;2855307;12;False;female;8;False;False;1806214;1410
6202724;2855307;48;True;female;3;True;True;1806215;5716
6204183;2855929;38;True;male;4;True;False;1806665;17516
6204184;2855929;39;True;female;4;True;False;1806666;17395
6204185;2855929;7;False;male;8;False;False;1806667;16246
6205793;2856623;72;False;female;7;True;True;1807153;512
6206224;2856816;52;False;female;8;True;False;1807282;8489
6206225;2856816;19;False;male;8;False;True;1807283;2661
6206226;2856816;60;True;male;4;True;False;1807284;18052
6206714;2857029;65;False;female;7;True;False;1807434;17992
6206715;2857029;78;False;male;7;True;True;1807435;4073
6207895;2857557;18;False;male;8;False;False;1807812;1374
6207896;2857557;10;False;female;8;False;False;1807813;3424
6207897;2857557;16;False;female;8;False;False;1807814;10484
6207898;2857557;39;True;female;5;True;False;1807815;17058
6207899;2857557;47;False;male;8;True;True;1807816;294
6210075;2858478;48;True;female;4;True;False;1808481;16918
6211645;2859124;6;False;male;8;False;False;1808956;16976
6211646;2859124;10;False;male;8;False;False;1808957;16246
6211647;2859124;41;True;male;3;True;False;1808958;17974
6211648;2859124;37;True;female;4;True;False;1808959;17395
6211651;2859126;65;False;male;7;True;False;1808960;17437
6211652;2859126;64;False;female;7;True;False;1808961;17051
6211683;2859137;32;True;female;3;True;False;1808969;17574
6211684;2859137;33;True;male;3;True;False;1808970;18164
6212906;2859607;60;True;female;4;True;True;1809337;1323
6212907;2859607;27;False;female;8;True;True;1809338;2587
6214380;2860226;8;False;female;8;False;False;1809778;11775
6214381;2860226;8;False;male;8;False;False;1809779;17125
6214382;2860226;12;False;male;8;False;False;1809780;15948
6214383;2860226;40;True;female;4;True;False;1809781;17714
6221648;2863174;42;False;male;8;True;True;1812125;5460
6221649;2863174;79;False;female;7;True;False;1812126;1467
6224923;2864508;63;False;male;8;True;True;1813155;8830
6224924;2864508;28;False;male;8;False;False;1813156;4096
6224925;2864508;59;True;female;5;False;True;1813157;7023
6230516;2866724;46;False;female;8;False;False;1814902;6412
6230517;2866724;8;False;male;8;False;False;1814903;15948
6230518;2866724;49;True;male;3;False;False;1814904;1812
6234776;2868444;22;True;female;5;False;False;1816254;412
6234777;2868444;55;False;female;8;False;False;1816255;2012
6234933;2868508;16;False;male;8;False;True;1816309;15076
6234934;2868508;47;True;female;3;True;True;1816310;941
6234935;2868508;12;False;male;8;False;False;1816311;16940
6243978;2872388;53;True;female;4;True;False;1819343;16297
6243979;2872388;13;False;female;8;False;False;1819344;4202
6243980;2872388;50;True;male;5;True;True;1819345;4869
6243997;2872400;27;False;female;8;False;False;1819350;1948
6243998;2872400;65;False;male;7;True;False;1819351;4368
6244116;2872460;62;True;male;3;True;False;1819390;4459
6244117;2872460;65;False;female;8;True;False;1819391;17209
6244118;2872460;40;False;male;8;True;False;1819392;4626
6245353;2872986;61;True;male;3;True;False;1819782;14447
6245354;2872986;65;True;female;4;False;True;1819783;3460
6245684;2873160;13;False;male;8;False;True;1819905;407
6245685;2873160;9;False;male;8;False;False;1819906;273
6245686;2873160;51;True;male;2;True;False;1819907;8756
6245687;2873160;45;True;female;5;False;False;1819908;4394
6246826;2873629;63;False;male;7;False;False;1820261;1027
6249576;2874806;63;True;male;3;True;False;1821057;11653
6249577;2874806;60;True;female;5;True;False;1821058;7585
6252863;2876264;4;False;male;8;False;False;1822085;15948
6252864;2876264;40;True;male;3;True;False;1822086;5191
6252865;2876264;32;True;female;5;True;False;1822087;13717
6252866;2876264;1;False;female;8;False;False;1822088;14566
6253162;2876393;86;False;female;7;True;False;1822175;5691
6253770;2876643;39;True;male;2;True;False;1822369;1637
6253771;2876643;12;False;female;8;False;False;1822370;11775
6253772;2876643;11;False;female;8;False;False;1822371;3188
6253773;2876643;40;True;female;4;True;True;1822372;14483
6253864;2876689;30;True;male;3;True;False;1822396;4512
6253865;2876689;69;False;male;7;True;True;1822397;4344
6253866;2876689;33;True;female;6;True;False;1822398;13255
6253867;2876689;62;True;female;3;True;False;1822399;6570
6254454;2876935;21;False;female;8;False;True;1822588;3081
6256424;2877858;17;False;male;8;False;True;1823240;3902
6256425;2877858;12;False;female;8;False;False;1823241;2628
6256426;2877858;51;True;female;3;True;True;1823242;5157
6256427;2877858;56;True;male;3;True;True;1823243;4795
6258627;2878834;64;True;male;3;True;False;1823904;10703
6259132;2879074;76;False;female;7;True;False;1824044;4391
6261143;2880006;59;True;female;5;False;False;1824700;4394
6261144;2880006;60;True;male;4;True;False;1824701;5887
6262016;2880415;69;False;female;7;True;False;1824988;3974
6262017;2880415;72;False;male;7;True;False;1824989;4431
6262371;2880573;49;True;male;5;False;True;1825084;1107
6262372;2880573;11;False;female;8;False;False;1825085;4545
6262373;2880573;44;True;female;5;True;True;1825086;1124
6262374;2880573;13;False;female;8;False;False;1825087;10410
6266375;2882319;29;True;male;3;False;False;1826303;4096
6273894;2885716;23;True;male;4;True;False;1828735;18146
6274052;2885790;55;True;male;3;True;False;1828787;5687
6274053;2885790;55;True;female;4;True;False;1828788;2365
6274054;2885790;25;True;female;3;True;False;1828789;1196
6274055;2885790;19;False;female;8;False;True;1828790;10414
6275430;2886389;5;False;male;8;False;False;1829200;11280
6275431;2886389;39;True;female;3;True;False;1829201;5301
6275432;2886389;39;True;male;3;True;False;1829202;4106
6275433;2886389;8;False;male;8;False;False;1829203;4231
6279872;2888385;59;True;male;3;True;True;1830573;4451
6279873;2888385;31;True;male;5;True;True;1830574;6972
6279874;2888385;57;True;female;3;True;False;1830575;11154
6279875;2888385;25;True;male;3;True;True;1830576;4104
6282612;2889607;65;True;female;4;True;True;1831439;15224
6282978;2889770;62;True;male;3;True;False;1831541;14447
6284174;2890313;6;False;female;8;False;False;1831917;5042
6284175;2890313;10;False;female;8;False;False;1831918;2579
6284176;2890313;40;True;female;3;True;False;1831919;5141
6284177;2890313;41;True;male;3;True;False;1831920;5209
6284178;2890313;8;False;female;8;False;True;1831921;1775
6285466;2890882;57;True;male;3;True;False;1832299;8505
6285467;2890882;61;False;female;7;True;False;1832300;3974
6285806;2891026;88;False;male;7;True;False;1832406;17430
6295279;2895149;8;False;male;8;False;False;1835322;7893
6295280;2895149;42;True;female;5;True;True;1835323;7548
6295281;2895149;5;False;female;8;False;False;1835324;2988
6295282;2895149;45;True;male;2;True;False;1835325;8756
6295283;2895149;9;False;male;8;False;False;1835326;10912
6296452;2895678;38;True;male;4;True;False;1835680;7844
6296453;2895678;38;True;female;5;True;False;1835681;10905
6301958;2898074;65;True;female;4;True;True;1837878;1954
6301959;2898074;64;True;male;6;True;True;1837879;2104
6302042;2898110;33;True;male;6;True;False;1837905;7994
6302934;2898548;1;False;male;8;False;False;1838197;1524
6302935;2898548;19;False;male;8;False;True;1838198;6058
6302936;2898548;13;False;male;8;False;True;1838199;8455
6302937;2898548;10;False;male;8;False;False;1838200;5170
6302938;2898548;39;True;female;5;True;True;1838201;7929
6308456;2900983;56;True;male;3;True;True;1839938;11235
6308589;2901039;43;True;female;3;True;False;1839983;5301
6308590;2901039;5;False;female;8;False;True;1839984;6674
6308591;2901039;10;False;male;8;False;False;1839985;11650
6308592;2901039;43;True;male;3;True;False;1839986;5006
6312899;2902893;76;False;female;7;False;False;1841349;10979
6313850;2903328;69;False;male;7;True;True;1841695;4902
6315395;2903976;9;False;male;8;False;False;1842177;10200
6315396;2903976;14;False;female;8;False;False;1842178;8553
6315397;2903976;5;False;female;8;False;False;1842179;1966
6315398;2903976;46;True;male;3;True;True;1842180;946
6315399;2903976;36;True;female;2;True;False;1842181;8646
6315400;2903976;11;False;male;8;False;False;1842182;11434
6315401;2903976;12;False;female;8;False;False;1842183;4121
6319383;2905618;61;True;female;5;True;False;1843405;4352
6319384;2905618;68;False;male;7;True;True;1843406;4344
6320888;2906240;57;True;male;4;True;False;1843916;4767
6320889;2906240;56;True;female;5;True;False;1843917;5236
6321911;2906699;29;True;female;3;False;True;1844233;7471
6321912;2906699;1;False;male;8;False;False;1844234;4857
6321913;2906699;33;True;male;3;False;True;1844235;18087
6322461;2906933;15;False;male;8;False;True;1844419;14027
6322462;2906933;52;True;female;4;True;True;1844420;5150
6322463;2906933;51;True;male;6;True;False;1844421;10350
6322464;2906933;96;False;female;7;False;False;1844422;7019
6325352;2908214;15;False;female;8;False;True;1845360;4855
6325353;2908214;42;True;female;3;True;False;1845361;4721
6325354;2908214;10;False;male;8;False;False;1845362;3020
6325355;2908214;48;True;male;3;True;False;1845363;5635
6328204;2909453;66;False;female;7;True;False;1846260;5310
6330273;2910337;72;False;female;7;True;False;1846911;4275
6332422;2911259;62;True;male;3;True;True;1847601;901
6335216;2912539;32;True;female;5;True;False;1848556;14549
6338611;2914038;79;False;female;7;True;False;1849637;11390
6338612;2914038;75;False;male;7;True;True;1849638;18095
6339082;2914251;42;True;male;6;True;False;1849776;6759
6339083;2914251;21;True;male;6;False;True;1849777;6751
6346346;2917231;43;False;male;8;True;False;1851982;2064
6347759;2917804;39;True;male;6;True;False;1852398;14074
6347760;2917804;36;True;male;5;True;True;1852399;6972
6348202;2917998;22;True;female;5;True;True;1852547;896
6348203;2917998;22;True;male;5;False;True;1852548;2339
6348249;2918029;35;True;male;5;False;True;1852566;7096
6349889;2918712;37;True;male;3;True;True;1853093;653
6349890;2918712;35;True;female;3;True;False;1853094;470
6349891;2918712;1;False;male;8;False;False;1853095;6715
6349892;2918712;4;False;female;8;False;False;1853096;1930
6350706;2919072;60;True;female;4;True;True;1853372;6862
6353820;2920424;26;True;female;4;True;True;1854355;5180
6353821;2920424;29;True;male;3;True;True;1854356;686
6362452;2924100;70;False;female;7;True;False;1857090;4383
6362613;2924163;40;True;female;5;True;False;1857140;16268
6362614;2924163;48;True;male;6;True;False;1857141;5456
6365111;2925243;19;False;female;8;False;True;1857951;13347
6365112;2925243;57;True;male;3;True;False;1857952;4015
6365113;2925243;58;True;female;4;True;False;1857953;333
6368277;2926680;66;True;male;3;True;False;1859162;4459
6368278;2926680;59;False;female;8;True;False;1859163;10313
6377803;2931000;50;True;female;5;False;False;1862174;10434
6377804;2931000;13;False;male;8;False;False;1862175;7269
6377805;2931000;14;False;male;8;False;False;1862176;7320
6379874;2931897;51;False;male;8;False;False;1862780;2320
6379875;2931897;71;False;female;7;True;False;1862781;17697
6380033;2931969;57;True;female;3;True;False;1862830;6165
6380034;2931969;21;False;female;8;False;True;1862831;176
6380308;2932082;68;True;male;2;True;False;1862917;17070
6380865;2932353;46;True;female;3;True;True;1863079;1065
6380866;2932353;48;True;male;3;True;True;1863080;8800
6380867;2932353;7;False;female;8;False;False;1863081;10875
6387869;2935590;45;True;male;3;True;True;1865175;17857
6388922;2936110;35;True;male;3;True;False;1865663;4147
6388923;2936110;38;True;female;4;True;False;1865664;14178
6392084;2937521;24;False;male;8;False;False;1866647;8174
6392085;2937521;69;False;male;7;True;True;1866648;5162
6392086;2937521;68;False;female;7;True;False;1866649;4352
6392400;2937654;38;True;female;5;False;False;1866744;5902
6392931;2937884;41;True;female;4;True;False;1866905;10721
6392932;2937884;7;False;female;8;False;False;1866906;10875
6392933;2937884;39;True;male;3;True;False;1866907;5086
6392934;2937884;9;False;female;8;False;False;1866908;1827
6396173;2939255;48;True;male;3;False;True;1867925;1107
6401280;2941513;56;True;male;3;True;True;1869480;2318
6403198;2942419;71;False;male;7;True;False;1870100;4431
6403199;2942419;71;False;female;7;True;False;1870101;4352
6404460;2942968;69;False;female;7;True;False;1870474;5310
6405493;2943411;80;False;male;7;True;True;1870803;4073
6405494;2943411;79;False;female;7;True;False;1870804;1467
6405515;2943418;28;True;male;3;True;False;1870809;6683
6405516;2943418;30;True;female;4;True;False;1870810;10721
6411029;2945868;50;True;female;3;True;False;1872495;1572
6411030;2945868;18;False;female;8;True;True;1872496;2538
6411783;2946210;49;True;female;3;True;False;1872722;2423
6411784;2946210;14;False;male;8;False;False;1872723;14503
6411785;2946210;63;True;male;5;True;True;1872724;574
6413650;2947038;45;True;female;3;True;True;1873287;5247
6413651;2947038;17;False;female;8;False;False;1873288;13520
6413652;2947038;13;False;male;8;False;False;1873289;14697
6413714;2947064;88;False;female;7;True;False;1873308;3158
6415117;2947699;80;False;female;7;False;False;1873733;16912
6415777;2948003;4;False;male;8;False;False;1873938;4024
6415778;2948003;36;True;male;3;True;False;1873939;4144
6415779;2948003;36;True;female;4;True;True;1873940;7583
6415780;2948003;6;False;male;8;False;True;1873941;7512
6417992;2948961;80;False;male;7;True;True;1874632;7971
6418197;2949038;82;False;female;7;False;False;1874689;1757
6419147;2949474;29;True;male;5;True;False;1874995;6536
6423821;2951611;66;False;male;7;True;False;1876500;4368
6423822;2951611;65;False;female;7;True;False;1876501;4116
6424938;2952158;77;False;female;7;True;True;1876854;5000
6425901;2952586;51;False;female;8;True;False;1877152;8489
6425902;2952586;53;True;male;3;True;False;1877153;3442
6425903;2952586;7;False;male;8;False;False;1877154;10912
6425904;2952586;12;False;male;8;False;False;1877155;15948
6425905;2952586;15;False;female;8;True;True;1877156;2350
6426328;2952755;81;False;male;7;True;False;1877281;14145
6426329;2952755;74;False;female;7;True;True;1877282;4988
6435013;2956648;15;False;female;8;False;True;1879962;14151
6435014;2956648;12;False;male;8;False;False;1879963;874
6435015;2956648;43;True;female;5;True;False;1879964;3579
6435016;2956648;38;False;male;8;True;False;1879965;6241
6436480;2957323;28;True;female;5;False;True;1880392;5868
6436481;2957323;34;True;male;6;True;False;1880393;14074
6438216;2958086;67;False;female;7;True;False;1880927;4116
6445891;2961489;64;False;female;7;True;False;1883246;4275
6445892;2961489;63;True;male;3;True;False;1883247;4459
6448879;2962814;73;False;male;7;True;True;1884131;5119
6448880;2962814;66;False;female;8;True;False;1884132;10931
6452710;2964505;22;True;male;4;True;False;1885296;14415
6452711;2964505;52;True;female;3;True;True;1885297;1348
6452712;2964505;66;False;male;7;True;False;1885298;4368
6458242;2966922;32;True;male;4;True;False;1887006;10172
6458243;2966922;6;False;female;8;False;True;1887007;3327
6458244;2966922;28;False;female;8;False;False;1887008;1533
6465444;2970071;22;False;male;8;False;True;1889230;3428
6465445;2970071;59;True;male;6;True;False;1889231;13439
6465446;2970071;62;True;female;4;False;False;1889232;8487
6469805;2971987;1;False;female;8;False;False;1890551;10875
6469806;2971987;38;True;female;5;True;False;1890552;16268
6469807;2971987;35;True;male;4;True;False;1890553;17634
6469949;2972065;30;True;male;3;True;False;1890588;4512
6470847;2972450;1;False;female;8;False;False;1890861;7289
6470848;2972450;27;False;female;8;False;True;1890862;449
6470849;2972450;32;True;male;3;True;False;1890863;5086
6472563;2973233;30;False;male;8;True;False;1891662;1255
6472564;2973233;60;True;female;5;True;False;1891663;1596
6473764;2973778;29;True;female;4;False;True;1892005;1866
6473765;2973778;55;True;female;2;True;False;1892006;212
6478894;2976267;26;True;male;4;False;True;1893572;6600
6478895;2976267;26;False;female;8;False;True;1893573;2075
6481052;2977314;53;True;female;3;True;False;1894167;2423
6481053;2977314;17;False;male;8;True;False;1894168;3332
6481054;2977314;48;True;male;3;True;False;1894169;2552
6481055;2977314;15;False;female;8;False;True;1894170;601
6483488;2978527;48;True;male;3;True;False;1894900;8155
6484441;2978960;79;False;female;7;True;False;1895170;3681
6492495;2982758;47;True;female;4;True;False;1897604;3379
6492496;2982758;13;False;female;8;False;False;1897605;2041
6492497;2982758;43;False;male;8;True;True;1897606;13762
6492498;2982758;21;True;male;5;True;True;1897607;7042
6492499;2982758;14;False;male;8;False;False;1897608;11819
6494777;2983809;25;True;male;5;False;False;1898283;5058
6497721;2985297;43;False;male;8;True;False;1899133;4045
6499062;2985902;27;True;female;4;True;True;1899511;5727
6499063;2985902;27;True;male;3;True;False;1899512;3631
6501290;2986887;12;False;male;8;False;False;1900197;5421
6501291;2986887;52;True;male;4;True;False;1900198;703
6503597;2988058;47;True;male;3;True;True;1900878;1597
6503598;2988058;44;True;female;3;False;True;1900879;2087
6503599;2988058;5;False;male;8;False;False;1900880;6994
6503600;2988058;11;False;female;8;False;False;1900881;4545
6503718;2988121;80;False;female;7;False;True;1900916;1023
6504199;2988355;30;True;male;4;True;True;1901061;2032
6504569;2988544;33;False;male;8;False;True;1901185;1204
6505365;2988937;20;False;female;8;True;True;1901417;2982
6505366;2988937;49;True;male;3;True;False;1901418;1363
6505367;2988937;18;False;female;8;False;True;1901419;5582
6505368;2988937;50;True;female;3;True;True;1901420;3911
6506403;2989391;36;True;male;3;True;False;1901709;4207
6507885;2990143;13;False;female;8;False;False;1902138;1930
6507886;2990143;3;False;male;8;False;False;1902139;7269
6507887;2990143;36;False;female;8;False;True;1902140;7866
6508833;2990600;39;True;female;5;True;True;1902404;14459
6508834;2990600;39;True;male;3;True;False;1902405;4512
6509311;2990835;18;False;female;8;False;True;1902554;10414
6509312;2990835;23;True;female;5;True;False;1902555;2840
6509313;2990835;47;True;male;6;True;False;1902556;16256
6509314;2990835;48;True;female;4;True;True;1902557;1401
6509315;2990835;14;False;male;8;False;False;1902558;16318
6509474;2990919;29;True;male;5;False;False;1902611;255
6509475;2990919;29;True;female;3;True;False;1902612;18199
6526140;2998873;64;False;female;7;True;False;1907547;5186
6526141;2998873;66;False;male;7;True;False;1907548;4370
6528708;3000100;68;False;female;7;True;False;1908309;4529
6529986;3000724;40;True;male;6;True;False;1908705;14074
6532888;3002092;37;True;male;2;True;False;1909766;1221
6532889;3002092;5;False;female;8;False;True;1909767;8739
6532890;3002092;35;True;female;3;True;True;1909768;4525
6535839;3003422;63;True;female;3;False;False;1910696;10226
6535840;3003422;65;True;male;3;True;True;1910697;9027
6536015;3003501;81;False;male;7;True;True;1910750;6791
6536016;3003501;73;False;female;8;True;False;1910751;14544
6537403;3004128;77;False;female;7;False;False;1911193;2973
6537404;3004128;44;True;female;4;True;False;1911194;10610
6537405;3004128;40;True;male;3;True;False;1911195;4781
6537406;3004128;7;False;male;8;False;False;1911196;11819
6538082;3004456;46;True;female;3;True;False;1911412;16333
6538083;3004456;48;True;male;3;True;False;1911413;4789
6538084;3004456;19;False;female;8;False;False;1911414;13733
6538739;3004759;88;False;female;7;True;False;1911637;1175
6539483;3005096;21;True;male;5;True;True;1911855;3107
6539484;3005096;61;True;female;5;True;False;1911856;3974
6541499;3005983;70;False;female;8;True;False;1912519;6221
6541500;3005983;88;False;male;7;True;False;1912520;8642
6543183;3006762;22;True;female;5;True;True;1913050;14531
6543569;3006924;32;True;male;3;True;True;1913181;5439
6543570;3006924;32;True;female;3;True;False;1913182;4889
6546057;3008166;71;False;male;7;True;True;1913964;4669
6546058;3008166;64;False;female;7;True;False;1913965;4116
6549458;3009744;28;True;male;3;False;True;1915046;7088
6550025;3009984;3;False;male;8;False;True;1915222;5841
6550026;3009984;56;True;female;6;True;True;1915223;1586
6550027;3009984;4;False;female;8;False;False;1915224;1930
6552982;3011302;60;True;female;5;True;True;1916141;1111
6553282;3011437;14;False;male;8;False;False;1916220;15948
6553283;3011437;16;True;female;6;False;True;1916221;4467
6553284;3011437;41;False;male;8;True;False;1916222;323
6553285;3011437;12;False;female;8;False;False;1916223;13312
6553286;3011437;40;True;female;5;False;True;1916224;1868
6553800;3011684;24;True;female;4;True;True;1916398;4222
6553801;3011684;31;True;male;4;True;False;1916399;6047
6556544;3012913;1;False;female;8;False;False;1917273;3188
6556545;3012913;41;True;female;3;True;False;1917274;5398
6556546;3012913;44;True;male;3;True;False;1917275;5164
6556547;3012913;8;False;male;8;False;False;1917276;14503
6560728;3014931;11;False;female;8;False;False;1918614;5042
6560729;3014931;51;True;female;4;True;True;1918615;2711
6560730;3014931;48;True;male;3;True;False;1918616;4661
6560731;3014931;7;False;female;8;False;False;1918617;3514
6566531;3017556;48;True;male;3;True;False;1920478;6900
6571943;3019981;75;False;female;7;True;True;1922186;1296
6576197;3021914;74;False;female;7;True;False;1923518;5186
6576198;3021914;79;False;male;7;True;False;1923519;7055
6581038;3024109;64;False;male;7;True;False;1925026;5082
6582789;3024895;73;False;male;7;True;False;1925592;4431
6582790;3024895;61;True;female;6;True;False;1925593;3569
6583086;3025047;48;True;female;5;True;False;1925691;1437
6583885;3025447;55;False;male;8;True;False;1925946;3781
6585448;3026174;85;False;female;7;False;False;1926423;6814
6586473;3026662;54;True;male;3;True;False;1926760;8809
6587951;3027347;5;False;female;8;False;False;1927207;10875
6587952;3027347;36;True;male;3;True;False;1927208;5411
6587953;3027347;1;False;male;8;False;False;1927209;7346
6587954;3027347;36;True;female;3;True;False;1927210;5285
6591771;3029135;72;False;male;7;False;False;1928399;4340
6591772;3029135;69;False;female;7;False;False;1928400;4268
6592322;3029382;16;False;male;8;False;True;1928577;10953
6592323;3029382;50;True;female;4;True;True;1928578;2711
6592324;3029382;12;False;male;8;False;True;1928579;1659
6592325;3029382;48;True;male;3;True;False;1928580;11592
6594710;3030475;71;False;male;7;False;False;1929320;4340
6594711;3030475;68;False;female;7;True;False;1929321;4352
6594903;3030571;27;True;male;4;True;True;1929366;643
6594904;3030571;26;True;female;4;False;False;1929367;10862
6595826;3030981;47;True;male;5;True;False;1929642;8413
6595827;3030981;44;False;female;8;True;False;1929643;3485
6595828;3030981;5;False;male;8;False;False;1929644;16231
6595829;3030981;7;False;female;8;False;True;1929645;5667
6595830;3030981;3;False;male;8;False;True;1929646;1659
6598707;3032287;54;True;female;4;True;False;1930552;5587
6598708;3032287;55;True;male;5;True;False;1930553;1261
6598709;3032287;23;False;male;8;False;False;1930554;3069
6598710;3032287;20;False;male;8;False;True;1930555;2228
6600023;3032903;65;False;female;7;True;False;1930964;17697
6601282;3033435;6;False;female;8;False;False;1931349;2284
6601283;3033435;43;True;female;4;True;True;1931350;5239
6601284;3033435;45;True;male;3;True;True;1931351;946
6602455;3034016;49;True;male;5;False;True;1931756;1107
6610496;3037667;61;True;male;5;False;False;1934236;1027
6610497;3037667;40;False;female;8;False;True;1934237;7396
6610498;3037667;6;False;female;8;False;False;1934238;14607
6610499;3037667;2;False;male;8;False;True;1934239;8054
6610531;3037687;43;True;male;3;True;True;1934248;5439
6610532;3037687;41;True;female;3;True;False;1934249;4688
6610533;3037687;16;False;female;8;False;False;1934250;244
6610534;3037687;12;False;male;8;False;False;1934251;7704
6613755;3039167;70;False;female;7;True;False;1935291;4352
6613756;3039167;69;True;male;3;True;False;1935292;4459
6613757;3039167;32;True;female;3;True;False;1935293;5250
6623649;3043880;65;True;female;5;False;True;1938721;1529
6626460;3045212;7;False;male;8;False;False;1939662;8522
6626461;3045212;37;False;female;8;True;False;1939663;2687
6626462;3045212;2;False;female;8;False;False;1939664;7016
6626463;3045212;5;False;male;8;False;False;1939665;14503
6626464;3045212;36;False;male;8;True;False;1939666;3740
6627593;3045713;31;True;female;4;True;True;1939994;2926
6629848;3046787;58;True;male;3;True;False;1940737;1852
6630085;3046891;52;True;female;4;False;False;1940802;2012
6633070;3048323;63;False;male;7;False;False;1941745;5074
6633459;3048533;30;True;female;3;True;True;1941868;708
6633781;3048687;24;True;male;4;True;False;1941957;1695
6633782;3048687;16;False;female;8;False;True;1941958;4467
6633783;3048687;49;False;female;8;True;False;1941959;221
6633784;3048687;47;True;male;6;True;True;1941960;15069
6633785;3048687;22;True;male;6;True;False;1941961;4684
6633786;3048687;18;False;female;8;False;True;1941962;17653
6633787;3048687;17;False;female;8;False;False;1941963;13520
6633788;3048687;11;False;male;8;False;True;1941964;10183
6635992;3049707;5;False;male;8;False;False;1942656;14688
6635993;3049707;46;True;male;3;True;True;1942657;5434
6635994;3049707;9;False;female;8;False;False;1942658;16800
6636597;3049985;51;True;female;5;True;True;1942845;4862
6640538;3051882;80;False;female;7;True;False;1944075;4348
6649311;3056103;25;False;female;8;True;True;1946896;1780
6649372;3056137;77;False;male;7;True;False;1946910;10416
6649373;3056137;77;False;female;7;True;False;1946911;5111
6651997;3057447;49;True;female;4;False;True;1947767;2536
6652096;3057501;57;False;male;8;True;False;1947802;17880
6654013;3058410;43;True;female;5;True;True;1948385;2146
6654014;3058410;44;True;male;6;False;True;1948386;2196
6654015;3058410;20;False;female;8;False;True;1948387;6757
6654016;3058410;17;False;male;8;False;True;1948388;5682
6657588;3060052;30;False;female;8;False;True;1949531;14598
6659102;3060794;67;False;female;8;False;False;1950022;1501
6659103;3060794;31;False;female;8;True;True;1950023;2311
6659104;3060794;43;True;female;3;True;True;1950024;2434
6659105;3060794;41;False;female;8;False;True;1950025;2354
6660384;3061393;6;False;male;8;False;False;1950443;561
6660385;3061393;39;True;female;3;True;False;1950444;4688
6660386;3061393;38;False;male;8;True;True;1950445;1430
6660387;3061393;1;False;female;8;False;False;1950446;3514
6663031;3062590;41;False;female;8;True;True;1951296;2219
6666596;3064281;30;True;female;3;True;True;1952404;889
6672628;3067243;24;True;male;5;True;True;1954300;17340
6672878;3067351;46;True;male;5;True;True;1954372;870
6674421;3068084;62;False;male;8;True;False;1954885;3665
6675780;3068765;44;True;female;3;True;False;1955311;5206
6675781;3068765;45;True;male;3;True;False;1955312;1363
6675782;3068765;12;False;female;8;False;False;1955313;13312
6675783;3068765;12;False;female;8;False;False;1955314;9080
6676438;3069078;23;True;female;5;True;False;1955515;17210
6676439;3069078;12;False;male;8;False;False;1955516;3020
6676440;3069078;16;False;female;8;True;True;1955517;2546
6676441;3069078;46;True;female;4;True;True;1955518;6076
6676442;3069078;9;False;female;8;False;False;1955519;11661
6676528;3069113;33;True;female;3;True;True;1955542;1449
6682195;3071852;5;False;female;8;False;False;1957547;9869
6682196;3071852;40;True;female;3;True;False;1957548;4801
6682197;3071852;6;False;female;8;False;True;1957549;15188
6682198;3071852;38;True;male;3;True;False;1957550;4147
6682780;3072133;23;True;female;5;True;False;1957722;2840
6682781;3072133;31;True;male;6;True;False;1957723;15134
6686728;3073973;10;False;male;8;False;False;1958916;4874
6686729;3073973;45;True;male;3;True;True;1958917;5517
6686730;3073973;40;True;female;4;True;False;1958918;4923
6686731;3073973;1;False;male;8;False;False;1958919;15948
6686732;3073973;6;False;male;8;False;True;1958920;10099
6687890;3074531;53;True;female;4;True;False;1959273;4937
6688695;3074935;41;True;female;4;True;True;1959529;7561
6690153;3075621;24;False;male;8;False;False;1959989;15930
6690154;3075621;16;False;female;8;False;True;1959990;4467
6690155;3075621;57;True;female;3;True;False;1959991;8440
6690156;3075621;27;False;female;8;True;True;1959992;6119
6694173;3077508;54;True;female;4;True;False;1961160;2365
6694174;3077508;15;False;female;8;False;True;1961161;6513
6694175;3077508;53;True;male;3;True;True;1961162;10971
6694176;3077508;17;False;male;8;False;True;1961163;8070
6695487;3078067;22;False;male;8;False;False;1961548;15930
6695488;3078067;55;True;female;3;True;True;1961549;14463
6695537;3078083;2;False;female;8;False;False;1961559;13281
6695538;3078083;39;False;female;8;True;False;1961560;18032
6695539;3078083;12;False;female;8;False;False;1961561;8406
6695540;3078083;57;False;male;8;True;True;1961562;15109
6695803;3078210;25;True;female;3;True;True;1961644;1274
6697873;3079212;56;True;male;5;True;False;1962276;8034
6698901;3079727;78;False;female;7;True;True;1962584;307
6700049;3080229;81;False;male;7;True;True;1962932;277
6700050;3080229;82;False;female;7;False;False;1962933;18079
6701501;3080918;46;False;male;7;True;False;1963399;6325
6701502;3080918;10;False;female;8;False;False;1963400;3514
6701503;3080918;14;False;female;8;False;False;1963401;16322
6701504;3080918;44;True;female;5;True;False;1963402;17392
6703053;3081615;88;False;female;7;True;False;1963861;3421
6703054;3081615;88;False;male;7;True;True;1963862;277
6708364;3084140;18;False;female;8;False;True;1965477;11702
6708365;3084140;48;True;male;6;True;True;1965478;5874
6708366;3084140;48;True;female;5;False;True;1965479;5177
6708367;3084140;12;False;male;8;False;True;1965480;10099
6708368;3084140;21;False;male;8;False;True;1965481;5937
6708369;3084140;16;False;female;8;True;True;1965482;2613
6709571;3084696;49;True;male;2;True;False;1965846;3984
6710625;3085209;54;True;female;3;True;False;1966185;10604
6710626;3085209;25;True;male;6;True;False;1966186;3337
6714178;3086811;17;False;male;8;False;True;1967275;2228
6714179;3086811;47;True;female;3;True;True;1967276;5247
6714180;3086811;51;True;male;3;True;False;1967277;17457
6714453;3086940;40;True;female;5;False;False;1967381;1794
6714454;3086940;40;False;male;8;True;False;1967382;436
6721705;3090474;21;False;male;8;True;True;1969589;515
6721706;3090474;50;True;male;3;True;False;1969590;4125
6721707;3090474;46;True;female;3;True;False;1969591;11154
6721708;3090474;11;False;female;8;False;False;1969592;4202
6723548;3091397;59;True;female;5;True;False;1970133;4668
6723549;3091397;62;False;male;7;True;True;1970134;5308
6723550;3091397;21;False;male;8;False;True;1970135;14266
6723954;3091578;84;False;male;7;True;False;1970253;11793
6723998;3091611;27;True;female;3;True;True;1970272;5163
6726479;3092831;17;False;female;8;False;False;1971046;6607
6732546;3095666;52;True;male;3;True;True;1972917;2529
6734390;3096548;6;False;male;8;False;False;1973490;8469
6734391;3096548;10;False;male;8;False;False;1973491;3276
6734392;3096548;41;True;male;3;True;False;1973492;4147
6734468;3096584;23;True;female;4;False;False;1973513;10862
6735783;3097207;22;False;male;8;True;True;1973902;854
6736035;3097316;68;False;female;7;True;False;1973989;4597
6736036;3097316;40;False;male;8;True;True;1973990;2337
6738236;3098371;51;True;male;2;True;False;1974768;1130
6738237;3098371;40;False;female;8;True;False;1974769;8246
6738238;3098371;7;False;female;8;False;False;1974770;11775
6739148;3098780;41;True;female;5;True;False;1975036;1390
6739149;3098780;13;False;male;8;False;False;1975037;6592
6739150;3098780;16;False;male;8;False;True;1975038;6518
6739151;3098780;51;True;male;4;True;False;1975039;2817
6740825;3099579;44;True;male;3;True;False;1975506;5230
6741170;3099746;57;False;female;8;False;True;1975615;5970
6742259;3100341;82;False;male;7;True;False;1975956;5314
6744697;3101497;62;True;male;3;True;False;1976677;2359
6744698;3101497;61;True;male;3;True;True;1976678;2633
6746144;3102237;53;True;female;4;True;False;1977110;2302
6746554;3102444;26;True;female;4;True;False;1977243;17213
6747675;3103003;4;False;male;8;False;False;1977566;5170
6747676;3103003;9;False;male;8;False;False;1977567;3020
6747677;3103003;11;False;female;8;False;True;1977568;2914
6747678;3103003;39;True;female;3;True;False;1977569;4801
6747679;3103003;42;True;male;3;True;False;1977570;4106
6748658;3103488;32;True;male;4;True;False;1977850;16983
6753998;3106130;31;False;male;8;True;False;1979391;5321
6753999;3106130;31;True;female;3;True;False;1979392;5294
6755271;3106736;35;True;male;4;True;True;1979756;1377
6756927;3107565;78;False;female;7;False;True;1980259;1959
6756928;3107565;80;False;male;7;True;True;1980260;6015
6759388;3108742;21;False;female;8;False;True;1980960;3374
6759389;3108742;26;False;male;8;True;True;1980961;11381
6759390;3108742;56;True;female;5;False;False;1980962;4394
6759610;3108856;46;True;female;3;True;True;1981039;2202
6762368;3110234;34;True;female;3;True;False;1981904;5250
6762369;3110234;40;True;male;3;True;False;1981905;4133
6766841;3112423;51;True;female;5;True;False;1983160;4620
6769416;3113679;27;True;female;3;True;True;1983908;14965
6769417;3113679;28;True;male;3;True;False;1983909;5051
6778661;3118275;33;True;male;4;True;True;1986602;7310
6779945;3118874;53;False;male;8;True;True;1986988;1925
6779946;3118874;45;False;female;8;False;False;1986989;1749
6782794;3120219;25;True;male;6;True;False;1987991;14694
6782795;3120219;24;False;male;8;False;True;1987992;2228
6782796;3120219;64;False;female;8;True;False;1987993;6221
6782797;3120219;81;False;male;7;True;False;1987994;4057
6784828;3120922;9;False;male;8;False;False;1988608;3020
6784829;3120922;37;True;female;4;True;False;1988609;4518
6790026;3122843;7;False;female;8;False;False;1990130;17865
6790027;3122843;35;False;female;8;True;True;1990131;3349
6790028;3122843;44;True;male;4;True;False;1990132;4698
6790029;3122843;10;False;female;8;False;False;1990133;6829
6790030;3122843;11;False;female;8;False;False;1990134;11775
6792382;3123746;81;False;male;7;True;False;1990863;1538
6792383;3123746;78;False;female;8;False;False;1990864;2269
6796277;3125220;21;False;male;8;False;True;1992067;3902
6796278;3125220;51;True;male;4;True;False;1992068;8073
6796279;3125220;19;False;male;8;False;False;1992069;14702
6796280;3125220;13;False;male;8;False;False;1992070;5068
6797175;3125573;5;False;female;8;False;False;1992341;11775
6797176;3125573;30;False;female;8;True;False;1992342;5628
6797177;3125573;38;True;male;2;True;False;1992343;7229
6797178;3125573;8;False;female;8;False;False;1992344;10337
6798666;3126142;57;False;female;8;True;True;1992792;4862
6798667;3126142;33;True;female;4;True;False;1992793;501
6798668;3126142;9;False;male;8;False;True;1992794;8054
6800606;3126953;75;False;male;7;True;False;1993432;2539
6800607;3126953;68;False;female;7;True;True;1993433;4900
6810193;3130824;43;True;female;5;False;True;1996416;1909
6810194;3130824;16;False;female;8;False;False;1996417;3123
6810195;3130824;18;False;male;8;False;True;1996418;1122
6810196;3130824;12;False;male;8;False;False;1996419;2141
6811966;3131498;6;False;female;8;False;False;1996954;13742
6811967;3131498;4;False;female;8;False;False;1996955;7484
6811968;3131498;37;True;male;6;True;True;1996956;2123
6811969;3131498;8;False;female;8;False;False;1996957;13742
6811970;3131498;37;False;female;8;True;False;1996958;1120
6811971;3131498;72;False;male;7;False;False;1996959;15067
6811972;3131498;69;False;female;7;False;False;1996960;4986
6816075;3133015;69;False;female;7;True;True;1998145;4547
6821429;3135113;54;False;female;8;True;False;1999752;1275
6821430;3135113;21;True;male;5;False;False;1999753;4725
6821431;3135113;22;False;male;8;False;True;1999754;15076
6821432;3135113;58;False;male;8;True;True;1999755;4323
6824833;3136421;19;False;male;8;False;True;2000831;6736
6824834;3136421;54;True;female;5;True;True;2000832;5458
6824835;3136421;17;False;female;8;False;False;2000833;1533
6824836;3136421;57;True;male;6;True;False;2000834;5704
6824837;3136421;22;False;male;8;False;False;2000835;1238
6827895;3137557;30;True;male;3;True;True;2001758;4648
6833115;3139569;6;False;male;8;False;False;2003325;4874
6833116;3139569;32;True;female;3;True;False;2003326;5250
6833498;3139744;55;False;female;8;False;True;2003444;5470
6835801;3140643;44;False;female;8;True;True;2004139;2101
6835802;3140643;61;True;male;6;True;True;2004140;7272
6835803;3140643;8;False;male;8;False;False;2004141;3982
6835804;3140643;7;False;female;8;False;False;2004142;1966
6835805;3140643;13;False;male;8;False;True;2004143;13437
6839062;3141952;49;True;male;3;True;True;2005153;2118
6839063;3141952;22;True;male;4;True;True;2005154;728
6840343;3142472;71;False;female;7;True;True;2005555;4900
6840344;3142472;73;False;male;7;True;False;2005556;4680
6842324;3143263;5;False;male;8;False;False;2006136;8469
6842325;3143263;6;False;female;8;False;True;2006137;16819
6842326;3143263;32;False;female;8;True;False;2006138;18032
6842327;3143263;8;False;male;8;False;False;2006139;7893
6842930;3143502;44;True;male;6;True;False;2006333;4757
6842931;3143502;33;True;male;6;True;False;2006334;7452
6848802;3145754;73;False;female;8;False;True;2008156;18201
6848803;3145754;30;True;male;6;True;True;2008157;17218
6849113;3145867;49;True;female;3;True;True;2008263;14569
6855910;3148549;37;False;male;8;True;False;2010327;6848
6856495;3148746;40;True;female;5;True;False;2010471;2646
6856496;3148746;21;False;male;8;False;False;2010472;11713
6856497;3148746;17;False;female;8;True;False;2010473;1711
6857063;3148969;4;False;female;8;False;True;2010631;8739
6857064;3148969;37;True;male;6;True;True;2010632;17185
6857065;3148969;1;False;male;8;False;False;2010633;10490
6857066;3148969;32;False;female;8;False;False;2010634;17422
6857839;3149295;22;True;male;5;True;True;2011162;5605
6859878;3150297;56;True;male;4;False;False;2011807;420
6859879;3150297;57;True;female;4;True;False;2011808;2849
6859880;3150297;28;True;female;4;True;False;2011809;17028
6865451;3152978;59;True;female;4;True;False;2013558;8064
6867004;3153734;39;True;male;4;True;False;2014036;4663
6867005;3153734;33;True;female;4;True;False;2014037;6799
6871903;3156046;13;False;female;8;False;True;2015551;1447
6871904;3156046;44;True;female;3;True;False;2015552;4889
6877107;3158608;88;False;female;7;False;False;2017247;419
6878487;3159265;63;False;male;7;True;True;2017667;4883
6878488;3159265;69;False;male;7;True;True;2017668;4902
6878527;3159296;44;True;male;4;True;False;2017684;239
6878528;3159296;10;False;male;8;False;False;2017685;11507
6878529;3159296;45;True;female;4;True;False;2017686;14882
6878530;3159296;8;False;female;8;False;False;2017687;4121
6878947;3159506;63;True;female;3;True;False;2017807;15822
6883957;3161913;26;True;female;3;True;True;2019356;1369
6884584;3162198;41;True;male;4;True;True;2019548;5460
6884585;3162198;33;True;female;4;True;True;2019549;7903
6884586;3162198;1;False;female;8;False;True;2019550;6135
6884587;3162198;3;False;male;8;False;False;2019551;7346
6889092;3164398;8;False;male;8;False;False;2020919;5835
6889093;3164398;24;False;female;8;False;True;2020920;723
6889094;3164398;16;False;male;8;False;False;2020921;4096
6889095;3164398;46;True;female;3;True;False;2020922;7051
6889096;3164398;20;False;female;8;False;True;2020923;8676
6889097;3164398;18;False;male;8;False;True;2020924;17361
6896415;3168021;30;True;female;4;False;True;2023182;1119
6897360;3168419;31;True;male;3;False;False;2023465;4505
6897361;3168419;2;False;female;8;False;False;2023466;13742
6897362;3168419;30;True;female;3;True;True;2023467;508
6901342;3170312;34;True;male;3;True;True;2024683;2361
6903256;3171177;29;True;male;6;False;False;2025309;14489
6903257;3171177;61;True;male;4;False;False;2025310;4340
6910693;3174692;62;False;male;8;False;False;2027636;789
6913957;3176308;42;True;female;4;True;False;2028666;4238
6913958;3176308;38;True;female;3;True;False;2028667;4688
6917983;3178234;76;False;female;7;False;False;2029872;2973
6917984;3178234;83;False;male;7;True;False;2029873;11793
6919730;3179043;64;True;female;4;False;False;2030446;8049
6920466;3179441;42;True;male;3;True;True;2030681;1416
6929337;3183627;30;False;female;8;True;False;2033832;2687
6929338;3183627;57;True;female;5;False;True;2033833;3988
6933575;3185653;83;False;female;7;True;False;2035251;3421
6933576;3185653;39;True;male;3;True;False;2035252;4144
6934840;3186277;73;False;female;7;True;False;2035669;5310
6938550;3188122;39;True;male;3;True;False;2036949;4106
6938551;3188122;1;False;female;8;False;False;2036950;4226
6938552;3188122;40;True;female;3;True;False;2036951;4801
6938892;3188282;84;False;male;7;True;False;2037054;11129
6949997;3193774;29;True;female;4;False;True;2040674;5883
6949998;3193774;29;True;male;5;True;False;2040675;6536
6951815;3194585;57;True;female;3;True;False;2041251;2500
6951816;3194585;66;True;male;3;True;True;2041252;1299
6951817;3194585;23;True;male;3;True;False;2041253;14255
6952164;3194741;26;True;female;4;True;True;2041362;2377
6952165;3194741;32;True;female;4;False;False;2041363;4943
6953414;3195319;40;True;male;3;True;True;2041776;514
6954118;3195695;55;True;male;4;True;True;2042015;2211
6954119;3195695;61;True;female;3;True;True;2042016;7640
6954226;3195740;3;False;male;8;False;False;2042056;4755
6954227;3195740;5;False;female;8;False;False;2042057;7673
6954228;3195740;38;True;male;4;True;True;2042058;11121
6954229;3195740;37;True;female;3;True;False;2042059;5187
6954230;3195740;8;False;male;8;False;False;2042060;10031
6956838;3197047;54;True;male;3;True;False;2042930;14873
6956839;3197047;12;False;male;8;False;False;2042931;3276
6956840;3197047;10;False;male;8;False;True;2042932;6233
6956841;3197047;8;False;female;8;False;True;2042933;8739
6956842;3197047;46;True;female;3;True;True;2042934;13766
6956853;3197050;34;True;female;4;False;False;2042935;4943
6961745;3199397;35;True;male;3;True;False;2044550;5164
6961746;3199397;34;True;female;3;True;True;2044551;4990
6961747;3199397;2;False;female;8;False;False;2044552;11661
6964667;3200866;39;True;male;3;True;True;2045467;17494
6967579;3202309;22;False;female;8;True;False;2046419;11444
6968701;3202877;44;False;female;8;False;False;2046766;6987
6972397;3204630;27;True;female;3;False;True;2047883;4155
6974456;3205638;32;True;female;4;True;False;2048583;1399
6974457;3205638;33;True;male;3;True;True;2048584;2448
6976327;3206503;57;True;male;6;False;True;2049209;7462
6976328;3206503;46;False;female;8;False;True;2049210;2487
6977689;3207217;75;False;female;7;True;False;2049659;11791
6979176;3208014;24;True;male;3;True;True;2050178;1379
6981414;3209113;23;True;female;3;True;False;2050861;18083
6981415;3209113;16;True;male;2;True;True;2050862;4134
6981416;3209113;20;True;female;5;True;True;2050863;3638
6981417;3209113;54;True;male;3;True;True;2050864;2188
6981418;3209113;51;True;female;5;True;True;2050865;5458
6984583;3210627;36;True;male;3;True;True;2051943;1100
6988780;3212741;45;True;male;2;True;False;2053317;17739
6988781;3212741;8;False;female;8;False;True;2053318;3028
6988782;3212741;11;False;female;8;False;False;2053319;4121
6988783;3212741;51;True;female;3;True;False;2053320;6466
6991575;3214090;42;True;female;5;True;True;2054215;5154
6991992;3214289;66;False;male;7;True;True;2054466;4883
6992260;3214398;5;False;female;8;False;True;2054549;10737
6992261;3214398;8;False;female;8;False;False;2054550;13742
6992262;3214398;34;True;male;4;True;False;2054551;3605
6992263;3214398;1;False;male;8;False;True;2054552;17892
6992264;3214398;36;True;female;5;True;True;2054553;995
6992265;3214398;6;False;female;8;False;False;2054554;14607
6992871;3214648;49;True;female;3;True;False;2054739;1489
6992872;3214648;17;False;male;8;False;False;2054740;8174
6992873;3214648;14;False;male;8;False;False;2054741;10490
6992874;3214648;54;True;male;3;True;True;2054742;17147
6995829;3215991;50;True;female;3;True;True;2055626;1109
6995830;3215991;47;True;male;3;True;False;2055627;11668
6995831;3215991;8;False;male;8;False;False;2055628;3730
6996212;3216166;36;False;male;8;True;True;2055740;2192
6996213;3216166;74;False;male;7;True;True;2055741;4344
6996214;3216166;70;False;female;7;False;False;2055742;4268
6998479;3217189;25;True;male;6;False;False;2056451;3120
6998480;3217189;72;False;female;7;False;True;2056452;8175
6998481;3217189;76;False;male;7;True;True;2056453;1393
7000155;3217942;29;False;male;8;False;True;2056963;5937
7000156;3217942;25;False;female;8;False;True;2056964;265
7001369;3218537;40;True;female;4;True;True;2057348;14963
7005227;3220290;70;False;male;7;False;False;2058482;5328
7005228;3220290;70;False;female;7;True;True;2058483;17479
7005543;3220451;78;False;female;7;False;True;2058582;5115
7006652;3220939;19;True;female;5;True;True;2058912;4556
7006653;3220939;18;False;male;8;False;False;2058913;3069
7006654;3220939;62;True;male;6;True;False;2058914;4680
7007970;3221544;68;False;male;7;True;False;2059304;4368
7008496;3221786;11;False;female;8;False;True;2059471;17704
7008497;3221786;53;True;male;3;True;False;2059472;8505
7008498;3221786;9;False;female;8;False;False;2059473;6527
7008499;3221786;21;False;female;8;False;False;2059474;11556
7008500;3221786;49;True;female;3;True;False;2059475;3840
7009295;3222148;46;True;female;3;True;False;2059732;3975
7009296;3222148;16;False;female;8;False;True;2059733;17874
7009297;3222148;45;True;male;4;True;False;2059734;15906
7009298;3222148;10;False;female;8;False;False;2059735;8240
7009911;3222432;43;True;female;6;False;False;2059927;8289
7009912;3222432;11;False;male;8;False;False;2059928;5757
7009913;3222432;15;False;female;8;False;False;2059929;5989
7012759;3223742;18;False;male;8;True;True;2060785;10038
7014001;3224321;11;False;male;8;False;False;2061176;8762
7014002;3224321;8;False;female;8;False;False;2061177;11661
7014003;3224321;45;True;female;3;True;False;2061178;6165
7014525;3224555;22;False;male;8;False;False;2061333;11713
7014526;3224555;57;True;female;3;True;False;2061334;6937
7015269;3224878;91;False;female;7;False;False;2061565;5697
7015270;3224878;91;False;male;7;True;True;2061566;445
7015504;3224980;62;True;male;4;True;False;2061637;2307
7015505;3224980;56;True;female;5;True;False;2061638;4616
7019323;3226839;71;False;female;7;False;True;2062831;2345
7021928;3227978;61;True;female;4;True;False;2063612;18028
7022335;3228184;40;True;male;6;True;True;2063754;18020
7022472;3228249;53;True;male;5;True;False;2063797;7241
7023777;3228763;48;True;male;3;True;True;2064158;11235
7024608;3229162;61;True;female;5;True;True;2064426;15224
7024609;3229162;69;False;male;7;True;False;2064427;4827
7028081;3230813;30;True;male;3;True;True;2065506;5439
7028622;3231066;5;False;female;8;False;False;2065677;7673
7028623;3231066;38;False;female;8;True;False;2065678;10795
7028624;3231066;39;True;male;3;True;False;2065679;4133
7033246;3233178;32;True;male;4;True;False;2067143;8266
7037982;3235385;75;False;female;7;True;False;2068603;2742
7037983;3235385;85;False;male;7;True;False;2068604;6034
7042087;3237236;87;False;female;7;False;True;2069879;2407
7042169;3237283;83;False;female;7;False;False;2069905;2973
7042170;3237283;57;True;male;2;True;False;2069906;759
7043957;3238117;78;False;male;7;True;True;2070462;4073
7043958;3238117;79;False;female;7;False;False;2070463;10979
7044066;3238161;92;False;female;7;True;False;2070492;4866
7044167;3238199;43;True;female;5;True;True;2070523;6210
7058589;3244938;37;True;male;3;True;False;2075183;4286
7059531;3245396;98;False;male;7;True;True;2075484;5731
7059889;3245568;26;True;female;4;True;True;2075589;5180
7064686;3248057;52;True;male;5;False;True;2077095;8371
7064687;3248057;80;False;male;7;True;False;2077096;5246
7065062;3248247;73;True;male;3;True;True;2077219;8830
7065063;3248247;69;False;female;7;True;False;2077220;5661
7066029;3248721;31;True;male;3;True;True;2077507;653
7066030;3248721;31;True;female;3;False;True;2077508;2459
7070397;3251005;67;False;female;7;False;True;2078906;5197
7073396;3252508;18;False;male;8;False;True;2079833;1352
7073397;3252508;17;False;male;8;False;False;2079834;14702
7073398;3252508;20;True;female;4;True;False;2079835;16969
7073399;3252508;42;True;female;4;True;False;2079836;2466
7075078;3253408;28;False;female;8;False;True;2080349;5098
7075079;3253408;31;True;male;3;True;True;2080350;15108
7076081;3253951;21;False;male;8;True;True;2080675;17010
7078194;3254991;51;False;male;8;True;True;2081355;17089
7084628;3258178;29;False;female;8;True;True;2083359;1227
7088767;3260260;23;True;male;3;False;True;2084654;4868
7088802;3260287;3;False;male;8;False;False;2084666;3759
7088803;3260287;6;False;female;8;False;False;2084667;6558
7088804;3260287;10;False;female;8;False;True;2084668;7341
7088805;3260287;41;True;female;4;True;False;2084669;2675
7088806;3260287;40;True;male;3;True;True;2084670;5017
7089197;3260466;27;True;female;3;False;True;2084778;668
7089198;3260466;27;True;male;3;False;True;2084779;1888
7089311;3260521;18;False;male;8;True;False;2084809;6700
7089312;3260521;21;False;male;8;False;True;2084810;7851
7089313;3260521;49;True;male;2;True;False;2084811;8756
7089314;3260521;14;False;female;8;False;False;2084812;2276
7089315;3260521;49;True;female;4;True;True;2084813;1505
7089689;3260692;29;True;female;5;False;True;2084924;17312
7089690;3260692;28;True;female;4;True;True;2084925;15129
7089806;3260754;64;True;female;4;True;False;2084961;14582
7089807;3260754;22;True;female;4;True;True;2084962;8076
7090473;3261092;55;True;female;3;True;False;2085161;435
7096459;3264208;22;True;male;5;False;False;2087081;5058
7097507;3264760;23;True;female;4;False;True;2087423;756
7097988;3265015;54;True;male;5;True;False;2087577;15052
7105119;3268646;90;False;female;7;False;False;2089824;7019
7105120;3268646;97;False;male;7;True;False;2089825;10416
7105854;3269016;75;False;female;7;False;True;2090034;3348
7105855;3269016;81;False;male;7;True;True;2090035;7971
7106575;3269399;23;True;female;6;True;False;2090240;826
7106576;3269399;23;True;female;6;True;True;2090241;896
7111056;3271749;58;True;female;4;True;True;2091691;14098
7114287;3273445;82;False;female;7;False;False;2092690;419
7114545;3273561;81;False;male;7;True;False;2092758;11102
7114546;3273561;81;False;female;7;True;False;2092759;11390
7116910;3274773;53;True;male;3;True;False;2093506;3781
7120771;3276738;81;False;female;7;False;True;2094718;3348
7120772;3276738;78;False;male;7;True;True;2094719;3150
7126040;3279371;39;True;female;5;False;True;2096379;6739
7127177;3279945;62;True;female;4;False;True;2096724;956
7128692;3280714;30;True;female;5;True;False;2097193;10295
7128693;3280714;29;False;male;8;False;False;2097194;3069
7129850;3281309;48;True;female;5;True;False;2097563;4527
7129851;3281309;21;False;female;8;False;True;2097564;5582
7130954;3281864;34;False;female;8;True;False;2097914;15084
7130955;3281864;33;True;male;3;True;False;2097915;4641
7132028;3282433;92;False;female;7;False;False;2098248;10979
7132029;3282433;90;False;male;7;True;True;2098249;7971
7134412;3283609;78;False;male;7;True;False;2099195;17430
7134413;3283609;79;False;female;7;True;False;2099196;9223
7134791;3283772;49;True;female;5;False;False;2099317;5465
7140514;3286417;85;False;female;7;False;False;2101100;1170
7140592;3286455;22;True;male;4;True;False;2101127;18146
7140593;3286455;52;True;female;4;True;False;2101128;8839
7140594;3286455;58;True;male;4;True;False;2101129;866
7145415;3288664;6;False;male;8;False;True;2102698;1659
7145416;3288664;9;False;female;8;False;False;2102699;8240
7145417;3288664;41;True;male;6;True;False;2102700;16945
7145418;3288664;37;True;female;4;True;False;2102701;10463
7145419;3288664;11;False;male;8;False;False;2102702;16976
7145420;3288664;16;False;female;8;False;False;2102703;4294
7153709;3292355;47;True;female;2;True;False;2105351;15190
7153710;3292355;49;True;male;5;True;False;2105352;10203
7153711;3292355;16;False;male;8;False;False;2105353;8546
7153712;3292355;13;False;female;8;False;False;2105354;6558
7154184;3292537;23;False;male;8;True;True;2105506;854
7154185;3292537;49;True;female;5;False;True;2105507;3764
7157869;3294173;29;True;male;2;True;False;2106658;7573
7157870;3294173;64;True;male;5;True;False;2106659;10648
7158019;3294236;39;True;male;3;True;True;2106697;1100
7158020;3294236;8;False;female;8;False;False;2106698;7408
7158021;3294236;37;True;female;3;True;True;2106699;1685
7158022;3294236;3;False;male;8;False;False;2106700;1803
7161723;3295895;33;True;female;5;False;True;2107914;6478
7166467;3298041;1;False;female;8;False;False;2109330;8553
7166468;3298041;4;False;male;8;False;False;2109331;7893
7166469;3298041;35;True;male;3;True;False;2109332;4207
7166470;3298041;37;True;female;3;True;False;2109333;5187
7166592;3298097;78;False;female;7;True;False;2109379;4391
7168640;3299072;12;False;female;8;False;True;2110027;16819
7168641;3299072;53;True;male;3;True;True;2110028;3783
7168642;3299072;16;False;male;8;False;False;2110029;3069
7168643;3299072;47;True;female;3;True;False;2110030;16352
7169067;3299272;12;False;male;8;False;False;2110170;16231
7169068;3299272;49;False;female;8;True;False;2110171;3259
7169069;3299272;65;False;male;8;True;False;2110172;18052
7176356;3302637;42;True;male;3;False;False;2112507;4505
7176357;3302637;29;True;male;5;True;True;2112508;4232
7183545;3306017;70;False;female;8;True;False;2114923;5310
7183546;3306017;74;False;male;7;True;True;2114924;4669
7183840;3306175;38;True;male;2;True;False;2115017;6290
7184689;3306624;1;False;female;8;False;True;2115297;1447
7184690;3306624;41;True;female;3;True;True;2115298;4926
7184792;3306673;39;True;male;4;True;False;2115326;14675
7184793;3306673;11;False;male;8;False;False;2115327;15948
7184794;3306673;5;False;male;8;False;False;2115328;10950
7184795;3306673;39;True;female;5;True;False;2115329;13717
7184796;3306673;10;False;female;8;False;False;2115330;6406
7185054;3306786;87;False;male;7;True;True;2115413;4073
7185055;3306786;85;False;female;7;False;True;2115414;4358
7188508;3308430;52;True;female;3;True;True;2116450;4456
7188509;3308430;48;True;male;5;True;False;2116451;10203
7188876;3308617;70;False;male;7;True;False;2116551;4631
7188877;3308617;58;False;female;8;True;False;2116552;344
7189564;3308985;40;True;male;3;True;True;2116761;2448
7196200;3312185;60;True;female;5;False;False;2118771;14147
7198277;3313205;59;True;male;3;True;True;2119412;2495
7198278;3313205;65;True;female;5;True;False;2119413;17209
7202818;3315481;58;True;male;3;True;False;2120802;4015
7202819;3315481;21;False;female;8;False;False;2120803;13520
7202820;3315481;52;True;female;2;True;False;2120804;1820
7202966;3315547;32;False;female;8;True;True;2120857;2092
7202967;3315547;61;False;female;8;True;False;2120858;5661
7203837;3315991;54;True;female;3;True;False;2121141;4774
7203838;3315991;54;True;male;3;True;True;2121142;946
7203839;3315991;23;True;female;5;True;False;2121143;824
7204558;3316307;58;False;male;8;False;False;2121347;2435
7205972;3317002;85;False;female;7;False;True;2121778;831
7205976;3317006;91;False;male;7;True;False;2121780;10236
7205977;3317006;79;False;female;7;False;False;2121781;6926
7207830;3317927;67;False;female;7;True;True;2122352;4900
7207831;3317927;69;False;male;7;True;True;2122353;4902
7210734;3319355;70;False;male;8;False;True;2123250;1413
7212123;3320041;93;False;male;7;True;False;2123694;5246
7212124;3320041;88;False;female;7;False;True;2123695;5717
7213836;3320855;51;True;female;3;True;False;2124202;1572
7213837;3320855;18;False;male;8;False;True;2124203;6834
7213838;3320855;15;False;male;8;False;True;2124204;16314
7213839;3320855;57;True;male;4;True;True;2124205;16359
7213840;3320855;15;False;female;8;False;True;2124206;11203
7219909;3323751;86;False;female;7;False;False;2126069;2046
7221068;3324320;42;True;female;5;True;False;2126410;7254
7221069;3324320;17;False;male;8;False;False;2126411;14653
7221070;3324320;23;False;male;8;False;False;2126412;8546
7221564;3324573;38;True;male;2;True;False;2126577;1637
7221565;3324573;1;False;male;8;False;False;2126578;17809
7221566;3324573;44;True;female;3;True;False;2126579;5294
7221567;3324573;6;False;female;8;False;False;2126580;8553
7225176;3326398;84;False;female;7;True;False;2127719;3421
7225177;3326398;89;False;male;7;True;True;2127720;6315
7229055;3328277;87;False;male;7;True;False;2128917;17760
7229282;3328377;27;True;male;3;True;True;2128997;1148
7229992;3328708;85;False;female;7;True;False;2129235;454
7230408;3328905;80;False;male;7;True;False;2129365;1538
7230409;3328905;95;False;female;7;False;False;2129366;419
7230493;3328939;30;True;male;3;True;True;2129389;4162
7236239;3331860;79;False;female;7;True;False;2131185;14661
7236253;3331869;73;False;female;7;True;False;2131188;4275
7236254;3331869;90;False;male;7;True;True;2131189;4338
7237946;3332762;94;False;male;7;False;True;2131721;7513
7239103;3333323;84;True;male;3;True;False;2132089;11793
7239949;3333765;67;True;male;3;True;False;2132345;7688
7241885;3334693;23;True;female;4;False;True;2133278;1866
7241886;3334693;29;True;male;5;True;False;2133279;7933
7242266;3334825;43;True;female;3;True;False;2133383;1427
7246452;3336734;69;False;male;7;False;False;2134673;468
7256007;3341020;67;False;female;7;True;True;2137616;4988
7256008;3341020;75;False;male;7;True;False;2137617;4429
7256019;3341026;47;True;female;3;True;False;2137618;8787
7256020;3341026;54;True;male;3;True;False;2137619;13302
7257353;3341648;47;True;female;3;True;False;2138064;469
7257995;3341952;57;True;female;3;True;True;2138264;14457
7257996;3341952;65;True;male;4;True;True;2138265;5119
7265337;3345300;53;True;female;3;True;True;2140481;1109
7265338;3345300;30;True;male;4;True;False;2140482;4150
7265339;3345300;62;False;male;8;True;False;2140483;10901
7267874;3346459;12;False;female;8;False;False;2141233;2177
7267875;3346459;48;True;male;3;True;False;2141234;7917
7267876;3346459;15;False;female;8;True;True;2141235;6119
7267877;3346459;43;True;female;3;True;False;2141236;4889
7271797;3348137;61;False;male;7;True;True;2142423;4261
7271798;3348137;73;False;female;7;True;False;2142424;4383
7273038;3348679;50;True;male;3;True;False;2142769;1668
7274816;3349490;54;True;female;3;True;True;2143317;7502
7276942;3350402;26;True;female;4;True;False;2143964;11810
7276943;3350402;24;True;male;3;True;False;2143965;2691
7278032;3350878;61;True;male;3;True;False;2144292;4459
7278033;3350878;61;True;female;4;True;False;2144293;2730
7282121;3352656;50;True;female;3;True;False;2145561;16333
7282122;3352656;22;False;male;8;True;False;2145562;5778
7282123;3352656;53;True;male;3;True;False;2145563;2484
7282124;3352656;15;False;male;8;False;False;2145564;1374
7283601;3353320;43;True;female;4;True;False;2146036;11478
7284822;3353863;27;True;female;4;True;True;2146410;1370
7284823;3353863;37;False;male;8;True;True;2146411;2204
7285990;3354398;60;True;male;3;True;True;2146759;8830
7285991;3354398;54;True;female;3;True;False;2146760;472
7287352;3354955;31;True;female;5;False;True;2147153;6430
7287726;3355144;63;False;female;7;True;False;2147268;4597
7289185;3355807;23;True;female;3;False;True;2147754;4155
7291186;3356708;76;False;male;7;True;False;2148386;2793
7291187;3356708;78;False;female;7;True;False;2148387;8720
7292152;3357152;34;False;female;8;True;False;2148730;18102
7292153;3357152;4;False;male;8;False;False;2148731;7990
7292154;3357152;36;True;male;3;True;False;2148732;4195
7292155;3357152;2;False;male;8;False;False;2148733;16337
7300185;3360668;9;False;female;8;False;True;2151097;3618
7300186;3360668;1;False;male;8;False;False;2151098;16246
7300187;3360668;29;False;female;8;False;False;2151099;4294
7300188;3360668;31;True;male;5;True;False;2151100;10668
7300189;3360668;3;False;female;8;False;False;2151101;5042
7302882;3361867;49;True;female;3;True;True;2151882;8188
7302883;3361867;51;True;male;3;True;False;2151883;11691
7307292;3363889;26;False;male;8;True;False;2153212;4019
7307293;3363889;65;True;male;3;True;True;2153213;1626
7307294;3363889;64;True;female;3;True;False;2153214;11245
7307546;3364012;62;False;male;7;True;False;2153291;3993
7307618;3364052;38;True;female;5;False;False;2153316;3239
7307619;3364052;39;True;male;2;True;False;2153317;3005
7307620;3364052;5;False;male;8;False;False;2153318;7361
7307621;3364052;7;False;female;8;False;False;2153319;8183
7311677;3365876;33;True;male;4;True;True;2154542;4212
7312179;3366091;62;True;male;2;True;True;2154689;1337
7312180;3366091;66;False;female;7;True;False;2154690;4401
7312439;3366203;56;True;male;4;True;False;2154771;7082
7314918;3367297;40;True;male;3;True;False;2155518;4985
7314919;3367297;4;False;male;8;False;False;2155519;8042
7314920;3367297;32;True;female;4;True;False;2155520;3885
7314921;3367297;1;False;male;8;False;True;2155521;8455
7317780;3368610;68;False;female;7;False;False;2156398;4268
7317781;3368610;65;False;male;7;True;False;2156399;4367
7318069;3368728;52;True;female;6;False;True;2156486;2398
7318986;3369144;68;False;female;7;True;False;2156769;4116
7321961;3370477;43;True;female;4;True;True;2157892;2738
7322227;3370596;41;True;male;3;True;True;2157977;5017
7322638;3370776;65;False;male;7;True;False;2158089;4059
7322780;3370842;55;True;female;3;True;False;2158137;16333
7322781;3370842;55;True;male;3;True;True;2158138;3783
7325056;3371843;17;False;female;8;False;True;2158821;14212
7325057;3371843;15;False;female;8;False;True;2158822;3374
7325058;3371843;50;True;female;3;True;False;2158823;4938
7328627;3373398;72;False;female;7;True;False;2159844;4116
7328628;3373398;75;False;male;7;True;True;2159845;277
7330721;3374339;67;True;male;3;True;True;2160426;2633
7330722;3374339;56;True;female;2;True;False;2160427;14987
7330723;3374339;21;False;male;8;False;True;2160428;6834
7332324;3375078;54;True;female;3;True;True;2160904;17373
7332325;3375078;23;True;female;5;True;False;2160905;17210
7332885;3375337;26;True;female;4;True;False;2161059;17213
7332886;3375337;31;True;male;5;True;False;2161060;17102
7333137;3375473;61;False;male;7;True;True;2161133;2598
7333281;3375533;62;True;female;3;True;False;2161174;2804
7333282;3375533;63;True;male;3;True;False;2161175;14447
7333342;3375564;84;False;female;7;False;False;2161192;6174
7334343;3376032;47;False;female;8;False;False;2161508;8122
7334344;3376032;56;True;male;3;True;True;2161509;2256
7340255;3378752;52;True;female;5;False;False;2163307;1749
7340256;3378752;15;False;female;8;False;True;2163308;1752
7340636;3378941;35;False;male;8;True;False;2163415;619
7346665;3381551;27;True;male;3;True;True;2165142;794
7346770;3381606;56;True;male;3;True;False;2165177;1852
7347943;3382144;25;True;female;3;True;False;2165532;17181
7354937;3385252;44;False;female;8;True;True;2167567;5179
7356571;3385979;10;False;male;8;False;False;2168035;6309
7356572;3385979;47;True;male;3;True;False;2168036;3685
7356573;3385979;4;False;male;8;False;False;2168037;7518
7356574;3385979;42;False;female;8;True;False;2168038;2687
7356575;3385979;7;False;female;8;False;False;2168039;8211
7356576;3385979;11;False;female;8;False;False;2168040;16800
7357365;3386329;79;False;male;7;True;False;2168264;1561
7357731;3386499;80;False;female;7;False;False;2168365;7370
7358757;3386956;94;False;female;8;True;False;2168663;3170
7359053;3387084;65;False;female;7;True;True;2168750;4900
7364762;3389688;104;False;female;7;False;False;2170430;6436
7365286;3389947;11;False;male;8;False;False;2170595;5170
7365287;3389947;16;False;male;8;False;True;2170596;6736
7365288;3389947;50;True;female;3;True;True;2170597;14463
7365376;3389984;38;True;male;3;True;True;2170619;17494
7368788;3391449;31;True;female;3;True;False;2171591;4688
7368789;3391449;36;True;male;6;True;False;2171592;2600
7368790;3391449;2;False;female;8;False;False;2171593;3549
7369636;3391800;1;False;female;8;False;False;2171824;10452
7369637;3391800;37;True;female;3;True;False;2171825;5250
7369638;3391800;30;True;male;3;True;False;2171826;4195
7372711;3393123;89;False;male;7;True;True;2172708;18095
7372712;3393123;80;False;female;7;True;False;2172709;3681
7373917;3393659;49;True;female;5;False;False;2173077;555
7378791;3395752;26;True;male;6;False;True;2174495;5929
7378792;3395752;57;True;male;6;True;False;2174496;17189
7378793;3395752;55;True;female;5;True;False;2174497;4616
7379903;3396301;52;True;male;3;True;True;2174833;3875
7379904;3396301;15;False;female;8;False;True;2174834;7752
7379905;3396301;53;True;female;5;True;True;2174835;4250
7379906;3396301;18;False;male;8;True;False;2174836;4019
7379907;3396301;24;False;male;8;False;True;2174837;1893
7380728;3396680;33;True;male;3;True;False;2175062;4286
7380960;3396794;38;False;male;8;True;True;2175133;2123
7387214;3399633;75;False;male;7;True;True;2177007;289
7387215;3399633;53;True;female;4;True;False;2177008;1247
7388013;3399989;48;False;male;8;False;True;2177509;7462
7388694;3400260;14;False;female;8;False;False;2177713;5849
7388695;3400260;48;True;male;4;True;True;2177714;4984
7388696;3400260;47;False;female;8;False;True;2177715;7023
7388697;3400260;12;False;male;8;False;False;2177716;1803
7389187;3400488;33;True;female;3;True;True;2177872;2254
7390392;3401005;29;False;female;8;False;False;2178252;2131
7392577;3401960;22;False;male;8;False;True;2178948;15972
7392578;3401960;55;False;female;8;False;False;2178949;6678
7392579;3401960;24;False;female;8;False;False;2178950;2680
7392580;3401960;56;True;male;3;True;True;2178951;2126
7393978;3402549;36;True;male;3;True;True;2179402;1100
7393979;3402549;36;True;female;3;True;False;2179403;1427
7396499;3403691;72;False;female;7;True;False;2180251;4597
7396500;3403691;75;False;male;7;True;False;2180252;4429
7397933;3404280;70;False;male;7;False;False;2180665;4340
7397934;3404280;68;False;female;7;True;False;2180666;3974
7399396;3404925;1;False;male;8;False;False;2181134;3508
7399397;3404925;30;True;female;3;True;False;2181135;5187
7399398;3404925;31;True;male;3;True;True;2181136;4179
7400031;3405226;64;False;female;7;True;False;2181323;5186
7400032;3405226;38;True;female;5;False;False;2181324;11424
7401852;3406066;49;True;female;5;True;False;2181903;4616
7401853;3406066;19;False;male;8;False;False;2181904;3069
7402949;3406582;47;True;male;3;True;False;2182258;4548
7402950;3406582;47;True;female;3;False;True;2182259;2150
7404017;3407078;77;False;female;7;True;False;2182622;9287
7404937;3407478;82;False;female;7;False;False;2182920;5697
7405191;3407597;27;True;female;4;True;True;2183015;909
7410776;3410190;31;True;female;5;True;False;2184788;10905
7410777;3410190;32;True;male;4;True;True;2184789;13993
7410801;3410206;83;False;female;7;True;False;2184796;4391
7410889;3410255;69;False;female;8;False;False;2184819;1188
7410890;3410255;76;False;male;7;True;False;2184820;7438
7411214;3410380;75;False;female;7;True;False;2184912;4391
7411215;3410380;77;False;male;7;True;True;2184913;4338
7412312;3410940;47;True;female;2;True;False;2185275;17678
7430192;3418883;29;True;female;3;False;True;2191052;668
7433357;3420267;46;True;male;3;True;True;2192080;3783
7433358;3420267;43;True;female;3;True;False;2192081;4889
7433359;3420267;10;False;male;8;False;False;2192082;5068
7433360;3420267;14;False;female;8;False;False;2192083;6558
7433361;3420267;4;False;female;8;False;False;2192084;10970
7435381;3421199;10;False;female;8;False;False;2192730;6406
7435382;3421199;52;True;male;6;True;False;2192731;10234
7435383;3421199;16;False;female;8;False;True;2192732;13347
7435384;3421199;43;True;female;6;True;False;2192733;5693
7436278;3421590;54;False;female;8;True;True;2193006;733
7436279;3421590;66;False;male;8;False;False;2193007;14383
7436946;3421901;40;True;male;6;False;True;2193211;7324
7439452;3423089;68;False;female;7;True;False;2194023;4383
7439453;3423089;76;False;male;7;True;False;2194024;11102
7441372;3423976;56;True;male;3;True;True;2194613;10870
7441373;3423976;15;False;male;8;False;True;2194614;6834
7441374;3423976;46;True;female;3;True;True;2194615;14587
7441375;3423976;17;False;female;8;False;True;2194616;10197
7441396;3423982;37;True;female;4;True;True;2194617;6348
7446638;3426274;39;True;male;3;True;True;2196287;1185
7446639;3426274;25;True;male;4;True;True;2196288;1105
7446640;3426274;42;True;male;4;False;True;2196289;6981
7448252;3426996;2;False;male;8;False;False;2196802;6628
7448253;3426996;32;True;female;5;True;True;2196803;995
7448403;3427067;12;False;male;8;False;False;2196856;14813
7448404;3427067;35;True;female;4;True;False;2196857;6799
7448405;3427067;34;True;male;3;True;False;2196858;5209
7448406;3427067;5;False;female;8;False;True;2196859;8739
7456423;3430731;17;False;female;8;False;True;2199437;3374
7456424;3430731;20;False;male;8;False;True;2199438;7280
7456425;3430731;52;True;male;3;True;True;2199439;7578
7456426;3430731;53;True;female;3;True;False;2199440;14361
7456920;3430941;54;True;male;4;True;False;2199592;17439
7458057;3431463;26;True;male;4;True;True;2199951;851
7458058;3431463;54;True;male;3;True;True;2199952;946
7458059;3431463;22;True;female;5;True;True;2199953;17077
7458060;3431463;56;True;female;5;True;False;2199954;5236
7459550;3432171;41;True;male;3;True;False;2200445;5191
7459551;3432171;3;False;male;8;False;False;2200446;4949
7459552;3432171;7;False;female;8;False;False;2200447;9904
7459553;3432171;44;True;female;3;True;True;2200448;4396
7459805;3432304;39;True;male;3;True;True;2200536;1339
7461579;3433098;19;True;male;4;True;False;2201126;5216
7463315;3433845;49;True;male;6;True;True;2201711;5485
7463316;3433845;11;False;female;8;False;False;2201712;15171
7463317;3433845;4;False;female;8;False;False;2201713;13742
7463318;3433845;37;False;female;8;False;True;2201714;14633
7463319;3433845;7;False;female;8;False;False;2201715;13742
7465697;3434882;24;True;female;4;True;False;2202477;17028
7465698;3434882;15;False;male;8;False;False;2202478;8817
7465699;3434882;50;True;female;5;False;True;2202479;3988
7466817;3435342;24;False;female;8;False;True;2202824;601
7466818;3435342;58;False;female;8;True;True;2202825;4446
7467750;3435722;36;True;female;5;False;False;2203098;5902
7470244;3436808;38;True;male;4;True;False;2203852;8266
7470245;3436808;33;True;female;4;True;True;2203853;3865
7471507;3437369;26;True;female;3;True;True;2204269;2373
7471988;3437595;61;False;male;8;True;False;2204421;7637
7471989;3437595;59;False;female;8;False;False;2204422;14048
7473236;3438163;34;False;female;8;True;True;2204786;2387
7473237;3438163;38;True;male;4;True;True;2204787;2506
7473294;3438189;51;True;male;5;True;False;2204800;8410
7475165;3438997;66;False;female;7;True;False;2205427;5002
7475166;3438997;85;False;male;7;True;True;2205428;7971
7475167;3438997;42;False;female;8;True;True;2205429;3917
7475168;3438997;36;True;male;3;True;False;2205430;4207
7475910;3439317;55;True;female;3;True;False;2205669;14361
7475911;3439317;27;True;female;5;False;False;2205670;6976
7475912;3439317;57;True;male;2;True;False;2205671;11490
7475913;3439317;19;False;female;8;False;False;2205672;4294
7477742;3440182;51;False;female;8;True;True;2206254;1970
7478798;3440660;33;False;female;8;True;True;2206781;3917
7483785;3443356;66;True;female;3;True;True;2208325;14748
7483786;3443356;80;False;male;7;True;False;2208326;1549
7489904;3446378;76;False;male;7;True;True;2210253;277
7489905;3446378;72;False;female;7;True;False;2210254;5123
7493328;3448060;23;False;female;8;False;True;2211325;2216
7493329;3448060;63;True;female;3;False;False;2211326;6985
7493467;3448126;21;True;female;4;False;False;2211377;10500
7493468;3448126;23;False;female;8;False;False;2211378;13520
7493469;3448126;51;True;female;3;True;False;2211379;16333
7495652;3449265;76;False;female;7;False;False;2212065;5599
7496946;3449901;42;False;female;8;True;False;2212477;8246
7496947;3449901;46;True;male;3;True;False;2212478;16850
7498301;3450643;36;True;male;4;False;False;2212902;2033
7498382;3450704;44;True;female;3;True;True;2212929;5353
7498958;3450987;8;False;male;8;False;True;2213113;3577
7498959;3450987;37;True;male;3;True;False;2213114;5135
7498960;3450987;37;True;female;5;False;False;2213115;17350
7498961;3450987;5;False;male;8;False;False;2213116;3437
7498970;3450992;34;True;male;4;True;False;2213117;7954
7498971;3450992;35;True;female;3;True;False;2213118;5141
7500187;3451624;60;True;female;4;True;True;2213508;3104
7500188;3451624;22;False;male;8;True;False;2213509;6700
7500189;3451624;63;False;male;8;True;False;2213510;6808
7501200;3452140;93;False;female;7;False;True;2213839;381
7501958;3452543;71;False;male;7;True;True;2214082;4883
7501959;3452543;70;False;female;7;True;False;2214083;4597
7501960;3452543;27;True;male;4;True;True;2214084;11466
7503045;3453058;36;True;female;3;True;True;2214416;907
7503046;3453058;37;True;male;3;True;True;2214417;6439
7509774;3456512;26;True;female;5;True;False;2216576;8083
7509775;3456512;42;False;female;8;True;False;2216577;15236
7509776;3456512;33;True;male;4;True;False;2216578;14006
7511184;3457228;56;True;female;3;True;True;2217035;8388
7512615;3457967;86;False;male;7;True;False;2217500;2117
7512616;3457967;82;False;female;7;True;False;2217501;3361
7512617;3457967;50;False;male;8;True;True;2217502;2473
7513297;3458260;34;True;female;3;True;False;2217703;5141
7513298;3458260;6;False;female;8;False;False;2217704;10875
7513299;3458260;1;False;male;8;False;False;2217705;5421
7513300;3458260;38;True;male;3;True;True;2217706;4255
7513301;3458260;3;False;male;8;False;False;2217707;10516
7513777;3458489;30;True;male;3;True;True;2217870;17823
7514344;3458784;88;False;male;7;True;False;2218041;8124
7514345;3458784;83;False;female;7;True;True;2218042;5000
7518242;3460669;58;True;female;3;True;True;2219251;7729
7520319;3461670;60;False;male;8;True;False;2219870;7926
7520320;3461670;60;True;female;4;True;False;2219871;14799
7524650;3463848;48;True;female;3;True;False;2221200;1572
7524651;3463848;14;False;male;8;False;False;2221201;16804
7524652;3463848;17;False;male;8;True;False;2221202;4019
7524653;3463848;49;True;male;3;True;True;2221203;14035
7524736;3463889;29;True;male;5;True;False;2221224;2594
7525030;3464037;41;True;female;3;True;False;2221323;5294
7525031;3464037;9;False;female;8;False;False;2221324;2519
7525032;3464037;15;False;male;8;False;False;2221325;11713
7525033;3464037;50;True;male;3;True;False;2221326;1668
7526053;3464559;6;False;male;8;False;False;2221639;874
7526054;3464559;41;False;female;8;True;False;2221640;10454
7526055;3464559;39;True;male;6;True;False;2221641;619
7526334;3464707;97;False;female;7;True;True;2221738;2268
7528132;3465606;57;True;female;3;True;True;2222298;1586
7528919;3465944;49;True;female;6;True;False;2222523;10992
7528920;3465944;53;True;male;6;True;True;2222524;7056
7528921;3465944;14;False;male;8;False;False;2222525;14503
7528922;3465944;21;False;male;8;False;False;2222526;8715
7534761;3468890;14;False;male;8;False;False;2224418;16356
7534762;3468890;48;True;male;2;True;False;2224419;759
7534763;3468890;14;False;male;8;False;False;2224420;13247
7534764;3468890;17;False;female;8;False;False;2224421;7739
7534765;3468890;48;True;female;5;True;False;2224422;4668
7534791;3468903;23;False;male;8;True;False;2224432;4019
7534792;3468903;55;False;female;8;True;False;2224433;1820
7534793;3468903;16;False;male;8;True;True;2224434;3311
7536573;3469840;18;False;male;8;False;True;2225020;1352
7536574;3469840;51;True;male;5;True;False;2225021;1261
7536575;3469840;13;False;male;8;False;False;2225022;16318
7536576;3469840;45;True;female;4;True;False;2225023;4420
7537888;3470523;40;True;female;5;False;False;2225424;4043
7538126;3470642;47;True;female;4;True;True;2225491;6914
7538127;3470642;8;False;male;8;False;False;2225492;16246
7538128;3470642;12;False;female;8;False;False;2225493;5042
7538129;3470642;52;True;male;6;True;False;2225494;3315
7538130;3470642;5;False;male;8;False;False;2225495;16346
7540555;3471769;33;True;female;6;True;False;2226245;6928
7540556;3471769;2;False;female;8;False;False;2226246;17032
7542799;3472936;10;False;male;8;False;True;2226942;14371
7542800;3472936;11;False;female;8;False;False;2226943;6657
7542801;3472936;49;False;male;8;False;True;2226944;2125
7542802;3472936;47;False;female;8;True;True;2226945;879
7542803;3472936;5;False;male;8;False;True;2226946;8054
7543803;3473430;17;False;female;8;False;False;2227230;1708
7543804;3473430;49;True;female;3;True;False;2227231;2423
7543805;3473430;14;False;female;8;False;True;2227232;1447
7544209;3473628;46;True;female;3;True;False;2227366;6362
7544210;3473628;18;False;male;8;False;False;2227367;625
7544211;3473628;16;False;female;8;False;True;2227368;4895
7544212;3473628;50;True;male;4;True;False;2227369;7160
7547117;3475183;89;False;female;7;True;False;2228272;1343
7559921;3481668;65;False;male;7;True;True;2232280;4902
7559922;3481668;60;True;female;3;True;False;2232281;7216
7559923;3481668;19;False;female;8;False;True;2232282;449
7568936;3486088;16;True;female;5;False;False;2235161;2930
7568937;3486088;54;True;male;6;True;False;2235162;973
7568938;3486088;43;True;female;5;True;True;2235163;7494
7568939;3486088;8;False;male;8;False;False;2235164;3730
7570110;3486711;90;False;male;7;True;True;2235532;445
7571859;3487609;72;True;male;2;True;True;2236115;10817
7573086;3488170;33;True;female;3;True;False;2236481;4801
7578898;3491115;6;False;female;8;False;False;2238273;7484
7578899;3491115;36;True;female;3;False;False;2238274;4560
7578900;3491115;39;True;male;3;False;True;2238275;18087
7578901;3491115;3;False;male;8;False;False;2238276;7269
7579231;3491283;59;False;female;8;False;True;2238372;4531
7579232;3491283;24;False;female;8;False;True;2238373;2216
7579663;3491506;57;True;female;4;True;False;2238501;8839
7579664;3491506;58;True;male;3;True;False;2238502;5047
7579665;3491506;25;False;male;8;False;True;2238503;5292
7583204;3493261;49;True;male;4;True;False;2239587;2884
7583205;3493261;7;False;female;8;False;False;2239588;3514
7583206;3493261;11;False;male;8;False;True;2239589;2451
7583207;3493261;10;False;female;8;False;False;2239590;5042
7583208;3493261;47;True;female;6;True;False;2239591;14135
7583722;3493497;36;True;male;3;True;True;2239740;1891
7585397;3494337;1;False;male;8;False;False;2240291;7990
7585398;3494337;30;True;female;3;True;False;2240292;4688
7585399;3494337;2;False;female;8;False;False;2240293;3549
7585400;3494337;29;True;male;3;True;True;2240294;1350
7586906;3495101;53;False;male;7;True;True;2240760;3199
7586907;3495101;46;False;female;7;True;False;2240761;11708
7586937;3495116;46;True;female;2;True;False;2240766;10313
7586938;3495116;15;False;female;8;False;False;2240767;4294
7586939;3495116;15;False;female;8;False;True;2240768;11702
7586940;3495116;48;True;male;2;True;False;2240769;759
7586941;3495116;18;False;male;8;False;True;2240770;7280
7588607;3495985;54;True;female;4;True;True;2241315;1505
7588608;3495985;59;True;male;3;True;True;2241316;8295
7588728;3496062;61;True;male;6;False;False;2241360;2231
7590662;3497046;22;True;female;3;False;True;2241963;4155
7591107;3497256;64;True;female;3;True;False;2242113;319
7591108;3497256;64;True;male;3;True;True;2242114;1701
7591585;3497465;42;False;female;8;True;False;2242278;7913
7592883;3498144;25;True;female;4;True;True;2242685;909
7595513;3499576;80;False;male;7;True;False;2243520;7756
7596732;3500190;39;True;male;5;True;True;2244376;13984
7600883;3501936;2;False;female;8;False;True;2245803;6674
7600884;3501936;33;False;female;8;True;False;2245804;5628
7600885;3501936;11;False;female;8;False;False;2245805;8334
7600886;3501936;2;False;female;8;False;False;2245806;6829
7604058;3503247;23;True;male;4;True;False;2246827;16530
7604078;3503256;46;True;male;6;True;False;2246833;5132
7604585;3503508;35;True;female;4;False;True;2247020;14782
7604586;3503508;7;False;female;8;False;False;2247021;8329
7604587;3503508;3;False;male;8;False;False;2247022;7518
7604588;3503508;38;False;male;8;True;True;2247023;14923
7607322;3504640;40;False;female;8;False;True;2247929;10819
7609493;3505511;41;True;male;4;True;True;2248639;1377
7611916;3506494;45;True;male;3;True;False;2249423;8037
7618104;3509075;70;False;female;7;True;False;2251582;5345
7620989;3510263;54;True;female;6;False;False;2252539;14557
7620990;3510263;26;True;male;5;False;True;2252540;2339
7621775;3510566;72;False;female;7;True;False;2252801;4275
7624680;3511818;61;True;female;5;True;False;2253787;546
7624681;3511818;69;False;male;7;False;False;2253788;4340
7626028;3512383;59;False;male;8;True;True;2254239;1770
7626029;3512383;71;False;male;7;True;False;2254240;5099
7626787;3512727;69;False;female;7;True;False;2254480;4356
7630304;3514265;23;True;female;4;True;False;2255647;7714
7630305;3514265;59;True;male;3;True;False;2255648;5806
7630306;3514265;53;True;female;3;True;False;2255649;4938
7644529;3520201;28;False;male;8;True;True;2260289;17009
7644530;3520201;58;True;female;5;False;True;2260290;6895
7645236;3520509;38;True;female;3;True;False;2260522;5187
7645256;3520526;26;True;female;5;True;False;2260525;15241
7645257;3520526;26;True;male;5;True;True;2260526;7042
7646868;3521152;69;False;female;7;False;True;2261063;5197
7648468;3521864;18;False;male;8;False;True;2261581;3428
7648469;3521864;49;True;male;3;True;False;2261582;14439
7648470;3521864;15;False;male;8;False;True;2261583;14027
7648471;3521864;49;True;female;3;True;False;2261584;10653
7650134;3522625;37;True;male;3;True;True;2262136;4649
7650135;3522625;35;True;female;3;True;False;2262137;4801
7650136;3522625;4;False;male;8;False;False;2262138;15144
7655348;3524828;35;False;female;8;False;False;2263845;4806
7655349;3524828;11;False;female;8;False;False;2263846;7399
7656218;3525192;39;True;female;3;True;True;2264170;508
7656555;3525334;23;False;female;8;True;True;2264308;8669
7667496;3529798;62;False;female;8;False;False;2267715;6843
7667497;3529798;70;True;male;2;True;True;2267716;1701
7667858;3529937;48;True;male;6;False;True;2267819;7101
7670772;3531133;3;False;male;8;False;False;2268762;11650
7670773;3531133;36;False;female;8;True;True;2268763;2101
7670774;3531133;37;False;male;8;True;True;2268764;13993
7670775;3531133;6;False;male;8;False;False;2268765;16337
7671298;3531356;97;False;male;7;True;False;2268934;1538
7672034;3531705;41;True;male;5;True;False;2269177;436
7672890;3532050;9;False;male;8;False;True;2269452;13403
7672891;3532050;6;False;male;8;False;False;2269453;8846
7672892;3532050;44;True;male;4;True;True;2269454;4030
7672893;3532050;43;True;female;4;True;False;2269455;2675
7678629;3534317;55;True;female;5;False;True;2271256;3988
7678630;3534317;18;False;female;8;False;True;2271257;601
7678631;3534317;15;False;male;8;False;False;2271258;3069
7678673;3534336;15;False;female;8;False;False;2271267;11722
7678674;3534336;47;True;male;3;True;True;2271268;11235
7678675;3534336;50;True;female;3;True;False;2271269;916
7678855;3534429;25;True;female;5;False;True;2271328;10909
7692632;3540628;40;True;male;2;True;False;2276054;11138
7692633;3540628;8;False;male;8;False;True;2276055;1659
7692634;3540628;37;False;female;8;True;True;2276056;2101
7692635;3540628;10;False;female;8;False;True;2276057;1447
7693827;3541236;5;False;male;8;False;False;2276401;874
7693828;3541236;9;False;female;8;False;False;2276402;8183
7693829;3541236;49;True;male;3;True;False;2276403;7047
7693830;3541236;42;True;female;3;True;False;2276404;5187
7693831;3541236;5;False;male;8;False;False;2276405;6592
7697996;3543266;52;False;female;8;True;False;2277702;10977
7697997;3543266;52;True;male;3;True;False;2277703;4967
7697998;3543266;17;False;female;8;False;True;2277704;17874
7698281;3543393;50;True;male;5;False;True;2277788;725
7698282;3543393;4;False;male;8;False;True;2277789;5841
7698283;3543393;37;True;female;5;False;True;2277790;14598
7702753;3545638;81;False;female;7;False;False;2279194;6488
7705046;3546737;73;False;female;7;False;False;2279917;7930
7706288;3547351;52;True;male;6;True;False;2280303;7020
7706289;3547351;12;False;male;8;False;False;2280304;16318
7706290;3547351;8;False;male;8;False;False;2280305;16905
7706291;3547351;52;True;female;5;True;True;2280306;4250
7706343;3547366;81;False;female;7;False;False;2280314;3668
7706344;3547366;83;False;male;7;True;False;2280315;14378
7706997;3547716;45;True;male;3;True;False;2280525;1320
7710311;3549399;67;False;male;7;True;True;2281579;4883
7711813;3550153;61;True;female;5;False;False;2282050;1501
7711814;3550153;28;True;male;5;False;True;2282051;6751
7711815;3550153;32;True;male;5;True;True;2282052;7084
7713219;3550836;24;True;female;3;True;True;2282497;5163
7715364;3551861;13;False;female;8;False;False;2283134;17774
7715365;3551861;50;True;male;4;True;False;2283135;2884
7715366;3551861;47;True;female;4;True;False;2283136;4570
7715367;3551861;16;False;male;8;False;False;2283137;16841
7715402;3551875;64;False;female;7;True;False;2283144;4597
7715403;3551875;66;False;male;7;True;False;2283145;3993
7718290;3553228;37;True;male;3;True;True;2284054;4649
7718291;3553228;36;True;female;4;True;False;2284055;17111
7718292;3553228;3;False;female;8;False;True;2284056;1775
7724542;3556292;68;True;female;3;False;False;2286075;7930
7727810;3557887;52;True;female;3;True;False;2287132;7051
7727811;3557887;17;False;male;8;False;False;2287133;4096
7730130;3558991;71;False;female;7;True;False;2287835;4356
7730131;3558991;40;True;male;5;True;False;2287836;10668
7736131;3561885;26;True;male;3;True;True;2289729;8540
7736945;3562269;54;False;male;8;True;False;2289992;7141
7737970;3562770;46;True;female;4;True;True;2290298;1401
7737971;3562770;19;False;male;8;False;True;2290299;15972
7737972;3562770;11;False;male;8;False;False;2290300;3982
7737973;3562770;21;True;female;5;False;False;2290301;3405
7737974;3562770;48;True;male;4;True;False;2290302;2817
7737975;3562770;15;False;female;8;True;False;2290303;14092
7738685;3563095;33;True;male;6;True;False;2290552;14536
7738686;3563095;42;True;female;5;True;False;2290553;13717
7738687;3563095;3;False;male;8;False;False;2290554;11400
7738819;3563152;59;False;female;8;False;True;2290591;7120
7738820;3563152;64;False;male;7;True;False;2290592;652
7741723;3564570;27;True;male;5;True;True;2291531;1917
7741724;3564570;60;False;female;8;False;False;2291532;18106
7741725;3564570;59;False;male;8;True;False;2291533;3835
7742008;3564700;65;True;male;3;True;False;2291627;4459
7742009;3564700;60;True;female;2;True;True;2291628;17926
7742202;3564791;44;True;male;3;True;False;2291690;4207
7747294;3567337;12;False;male;8;False;False;2293284;860
7747295;3567337;15;False;female;8;False;True;2293285;6934
7747296;3567337;16;False;female;8;False;False;2293286;7976
7747297;3567337;50;True;female;5;True;False;2293287;18185
7748183;3567802;29;True;female;3;True;True;2293572;2375
7751194;3569267;67;False;male;7;True;False;2294520;18037
7751941;3569666;75;False;male;7;False;True;2294782;1696
7751942;3569666;90;False;female;7;False;True;2294783;5059
7752418;3569881;65;False;female;7;True;False;2294929;4352
7753345;3570366;40;True;female;6;True;False;2295225;10659
7753346;3570366;50;True;male;3;True;False;2295226;2552
7753347;3570366;15;False;female;8;False;False;2295227;10484
7753348;3570366;12;False;male;8;False;False;2295228;10424
7753349;3570366;16;False;male;8;True;True;2295229;10038
7754502;3570930;28;False;female;8;False;False;2295601;7976
7756080;3571728;60;True;female;3;False;True;2296109;2271
7756081;3571728;32;True;male;3;True;False;2296110;5209
7756332;3571852;13;False;male;8;False;False;2296187;8469
7756333;3571852;46;False;female;8;True;False;2296188;2795
7756334;3571852;16;False;male;8;True;False;2296189;4019
7756335;3571852;47;True;male;6;True;False;2296190;9094
7758417;3572965;39;True;male;3;True;False;2296867;687
7758454;3572978;21;False;male;8;True;True;2296878;15101
7758455;3572978;52;True;male;2;True;False;2296879;8775
7758456;3572978;19;False;female;8;False;True;2296880;1168
7758457;3572978;12;False;male;8;False;False;2296881;8042
7759460;3573500;39;True;female;4;False;False;2297196;3650
7759461;3573500;5;False;female;8;False;False;2297197;3514
7759462;3573500;7;False;male;8;False;False;2297198;680
7759463;3573500;55;True;male;3;True;True;2297199;2256
7764956;3576203;13;False;male;8;False;False;2298997;7908
7764957;3576203;51;True;male;3;True;True;2298998;4795
7764958;3576203;10;False;male;8;False;False;2298999;1157
7770580;3578785;59;False;female;8;True;True;2300957;8388
7771809;3579298;83;False;male;7;True;False;2301344;10236
7773165;3579855;49;True;female;5;True;False;2301767;4616
7773166;3579855;15;False;female;8;True;True;2301768;14994
7773167;3579855;13;False;female;8;False;False;2301769;3424
7777039;3581538;13;False;female;8;False;False;2303006;4226
7777040;3581538;9;False;male;8;False;False;2303007;16318
7777041;3581538;59;True;male;3;True;False;2303008;8505
7777042;3581538;40;True;female;6;True;False;2303009;16868
7781182;3583303;58;True;female;6;False;True;2304373;14058
7786861;3585672;26;False;female;8;False;True;2306130;17321
7786862;3585672;7;False;male;8;False;False;2306131;1803
7786863;3585672;29;True;male;5;False;False;2306132;5058
7786864;3585672;1;False;female;8;False;True;2306133;10737
7786865;3585672;3;False;male;8;False;False;2306134;860
7787109;3585747;52;True;male;3;True;True;2306192;2693
7787110;3585747;8;False;female;8;False;False;2306193;3549
7787111;3585747;48;True;female;3;True;False;2306194;14682
7787112;3585747;16;False;female;8;False;True;2306195;13617
7787113;3585747;13;False;female;8;False;False;2306196;17865
7788446;3586334;31;True;female;3;True;False;2306651;5206
7788447;3586334;29;True;male;5;True;False;2306652;3469
7794569;3588930;56;True;female;5;True;False;2308558;1263
7795197;3589204;23;True;female;5;True;True;2308753;3503
7797576;3590268;61;True;male;6;True;False;2309504;3099
7797577;3590268;63;True;female;5;True;True;2309505;17926
7798279;3590555;31;True;male;3;True;True;2309734;8367
7798280;3590555;43;True;male;4;True;False;2309735;694
7800088;3591317;26;True;male;3;False;False;2310303;6661
7800089;3591317;26;True;female;5;False;True;2310304;10909
7806096;3593902;32;True;male;6;True;False;2312187;5972
7806400;3594016;27;True;female;3;True;True;2312283;4281
7806401;3594016;27;True;female;3;True;True;2312284;4281
7808034;3594773;77;False;male;7;True;False;2312773;6282
7809263;3595334;49;True;male;6;True;False;2313167;6900
7809264;3595334;50;False;male;8;True;False;2313168;8034
7809265;3595334;73;False;female;7;True;False;2313169;11329
7811935;3596526;42;False;male;8;True;True;2313992;15108
7813333;3597117;35;True;female;5;False;True;2314409;17317
7813334;3597117;14;False;female;8;False;False;2314410;633
7813335;3597117;9;False;male;8;False;True;2314411;8054
7813336;3597117;39;False;male;8;False;True;2314412;1613
7819979;3599994;36;True;male;6;True;False;2316474;2294
7819980;3599994;4;False;female;8;False;False;2316475;4728
7819981;3599994;5;False;male;8;False;False;2316476;4949
7819982;3599994;27;False;female;8;False;False;2316477;15182
7823591;3601512;33;False;female;8;True;True;2317635;4112
7823592;3601512;37;False;male;8;True;True;2317636;11112
7823593;3601512;8;False;female;8;False;False;2317637;1966
7823594;3601512;6;False;male;8;False;False;2317638;3020
7829151;3603913;66;False;female;7;True;False;2319372;1890
7829152;3603913;68;False;male;7;True;True;2319373;7784
7829876;3604203;47;True;male;4;True;False;2319569;17994
7829877;3604203;38;False;female;8;True;True;2319570;3917
7830835;3604646;68;False;female;7;True;True;2319896;14945
7832477;3605413;33;True;female;3;True;False;2320428;5234
7833365;3605755;38;True;female;4;True;False;2320699;5761
7833366;3605755;68;False;male;7;True;True;2320700;4902
7833367;3605755;65;False;female;7;True;False;2320701;4116
7838525;3608173;79;False;female;7;True;False;2322380;3158
7839078;3608440;45;True;male;6;False;True;2322551;7101
7844248;3610619;69;False;female;7;True;True;2324121;813
7844678;3610811;33;True;male;3;True;False;2324236;4133
7844679;3610811;2;False;female;8;False;True;2324237;1544
7844680;3610811;31;False;female;8;True;False;2324238;3485
7850097;3613177;57;True;female;3;True;False;2325907;8214
7850098;3613177;65;True;male;3;True;False;2325908;1234
7852277;3614082;48;True;female;4;True;False;2326603;16981
7852278;3614082;7;False;male;8;False;True;2326604;6233
7852279;3614082;49;True;male;4;True;False;2326605;16535
7853121;3614455;28;True;male;3;True;True;2326875;5817
7853122;3614455;27;True;male;5;False;True;2326876;6751
7853123;3614455;29;True;male;3;False;True;2326877;2339
7858413;3616783;48;True;male;3;True;True;2328503;5517
7858414;3616783;35;True;female;5;True;True;2328504;16280
7858844;3616974;11;False;male;8;False;False;2328624;3020
7858845;3616974;7;False;female;8;False;False;2328625;14391
7858846;3616974;40;True;female;5;False;False;2328626;5330
7858847;3616974;67;False;male;7;True;False;2328627;4827
7866226;3619878;62;True;female;5;True;True;2331794;1415
7866227;3619878;18;False;female;8;False;False;2331795;7976
7866228;3619878;18;False;female;8;True;True;2331796;2143
7866229;3619878;20;False;male;8;True;True;2331797;1284
7867976;3620568;26;False;female;8;False;True;2332310;11702
7873023;3622607;63;False;male;8;False;True;2333926;1413
7873124;3622664;40;True;male;6;False;False;2333958;6038
7873125;3622664;10;False;female;8;False;False;2333959;6280
7876647;3623990;12;False;male;8;False;False;2334996;8304
7876648;3623990;53;False;male;8;True;False;2334997;7558
7876649;3623990;43;True;female;5;True;True;2334998;6258
7877432;3624290;71;False;female;7;True;True;2335232;3084
7880846;3625621;25;True;male;4;True;False;2336219;10803
7884724;3627330;69;False;male;7;True;True;2337389;2104
7884869;3627405;52;True;female;4;False;True;2337441;2487
7887110;3628304;43;False;male;8;True;False;2338103;1276
7887111;3628304;40;True;female;5;False;True;2338104;6922
7887112;3628304;3;False;male;8;False;False;2338105;6715
7887113;3628304;2;False;female;8;False;False;2338106;1410
7887114;3628304;5;False;female;8;False;False;2338107;1410
7889771;3629371;44;True;male;5;True;False;2338889;3821
7889772;3629371;44;True;female;5;True;False;2338890;6463
7889773;3629371;70;False;male;7;True;False;2338891;6123
7889774;3629371;18;False;female;8;False;False;2338892;11722
7889775;3629371;68;False;female;7;True;False;2338893;6980
7889776;3629371;21;True;male;5;False;True;2338894;2940
7893183;3630722;3;False;male;8;False;False;2339935;6715
7893184;3630722;23;True;female;4;False;True;2339936;14611
7893185;3630722;26;True;male;6;True;True;2339937;1237
7899841;3633309;32;True;male;4;True;False;2341912;10894
7901804;3634112;33;True;female;4;False;True;2342523;17698
7901805;3634112;0;False;female;8;False;False;2342524;14607
7901806;3634112;42;True;male;3;True;True;2342525;572
7903484;3634742;44;True;female;5;False;True;2343034;7155
7903485;3634742;12;False;female;8;False;False;2343035;6406
7907329;3636310;21;False;male;8;True;False;2344223;11162
7911197;3637907;57;True;male;5;False;True;2345364;725
7911198;3637907;57;True;female;5;False;True;2345365;2504
7915715;3639643;69;False;female;7;False;True;2346725;5703
7915716;3639643;75;True;male;5;True;False;2346726;10329
7915717;3639643;39;True;male;5;True;False;2346727;4085
7921254;3641900;37;False;female;8;False;True;2348420;3658
7921255;3641900;35;True;male;4;False;True;2348421;6719
7921715;3642057;65;False;female;7;True;False;2348544;5765
7921716;3642057;23;False;female;8;True;True;2348545;6119
7923478;3642836;31;True;male;4;True;False;2349072;3825
7923479;3642836;32;True;female;3;True;False;2349073;5250
7924337;3643221;23;True;male;4;True;True;2349340;686
7924338;3643221;49;True;female;5;False;True;2349341;15115
7924339;3643221;57;True;male;5;False;True;2349342;725
7929847;3645545;56;True;female;5;True;False;2351087;6500
7931662;3646352;67;False;male;7;True;False;2351641;7270
7934989;3647637;26;True;male;6;False;False;2352704;4725
7935481;3647861;43;False;male;8;True;True;2352861;7405
7935482;3647861;39;True;female;5;True;False;2352862;7079
7935483;3647861;1;False;female;8;False;False;2352863;7016
7935484;3647861;7;False;female;8;False;False;2352864;6527
7936021;3648087;56;True;female;5;False;True;2353028;7185
7936022;3648087;57;True;male;5;True;False;2353029;15052
7937407;3648705;28;True;female;5;False;True;2353453;2709
7937408;3648705;33;True;male;3;False;True;2353454;1204
7937409;3648705;5;False;male;8;False;False;2353455;11349
7937594;3648768;65;True;female;3;False;False;2353505;10487
7937595;3648768;1;False;female;8;False;True;2353506;6135
7937596;3648768;31;False;female;8;True;False;2353507;2687
7937597;3648768;30;True;male;3;True;True;2353508;4649
7937741;3648833;33;False;male;8;True;False;2353554;694
7943024;3651006;26;False;male;8;False;False;2355196;6350
7946869;3652556;9;False;male;8;False;True;2356351;13437
7946870;3652556;39;False;female;8;True;False;2356352;15084
7946871;3652556;5;False;male;8;False;False;2356353;3508
7946872;3652556;47;True;male;5;True;False;2356354;8457
7949737;3653718;24;False;female;8;False;True;2357802;1127
7949738;3653718;3;False;male;8;False;False;2357803;4982
7951750;3654463;61;True;female;6;False;False;2358421;2054
7951751;3654463;27;True;female;5;False;False;2358422;412
7953302;3655025;27;True;female;5;False;True;2358903;14140
7953303;3655025;57;True;female;5;True;False;2358904;6500
7954552;3655471;27;False;male;8;False;True;2359281;6058
7954553;3655471;57;True;female;3;True;True;2359282;5247
7954554;3655471;59;True;male;4;True;False;2359283;6169
7955144;3655713;27;True;female;5;False;False;2359466;5511
7955145;3655713;28;True;male;6;True;False;2359467;11503
7955146;3655713;2;False;female;8;False;True;2359468;7341
7955147;3655713;73;False;male;7;True;False;2359469;6263
7955148;3655713;37;True;female;5;True;True;2359470;5493
7955149;3655713;75;False;female;7;True;False;2359471;7330
7955150;3655713;38;True;female;5;True;False;2359472;6463
7955292;3655763;49;True;female;5;False;False;2359507;2954
7961150;3657961;59;False;female;8;True;True;2361297;8006
7962399;3658396;61;False;male;8;False;False;2361652;5278
7966552;3659914;74;False;male;7;True;True;2362927;2497
7972398;3662115;13;False;female;8;False;False;2364784;6693
7972399;3662115;9;False;male;8;False;False;2364785;15948
7972400;3662115;15;False;female;8;False;False;2364786;4294
7972401;3662115;21;True;female;6;False;True;2364787;10442
7972402;3662115;7;False;male;8;False;True;2364788;10183
7972403;3662115;59;True;male;4;True;False;2364789;4363
7974156;3662755;36;True;female;4;True;False;2365348;14842
7976264;3663528;5;False;male;8;False;False;2365981;10950
7976265;3663528;42;True;male;6;True;True;2365982;5940
7976266;3663528;34;False;female;8;True;False;2365983;8246
7976267;3663528;8;False;female;8;False;False;2365984;6406
7976268;3663528;7;False;male;8;False;False;2365985;5068
7976429;3663588;32;False;male;8;True;True;2366039;4315
7983587;3666219;7;False;female;8;False;False;2368283;6829
7983588;3666219;11;False;male;8;False;False;2368284;7303
7983589;3666219;46;True;male;6;True;True;2368285;7056
7983590;3666219;2;False;female;8;False;False;2368286;6558
7992572;3669413;36;True;female;5;True;True;2371080;7276
7992573;3669413;73;False;female;7;True;False;2371081;5995
7994130;3669931;62;True;female;3;True;False;2371535;17988
7998302;3671416;63;False;female;7;True;True;2372804;4227
8005033;3673875;54;True;female;3;True;True;2374891;5247
8005034;3673875;61;True;male;3;True;False;2374892;17979
8010774;3676014;35;True;male;4;True;True;2376676;4115
8014131;3677167;66;False;female;7;True;False;2377699;6197
8014293;3677230;36;True;female;5;False;True;2377745;7155
8016474;3678031;57;True;male;5;True;False;2378425;15843
8016475;3678031;14;False;male;8;False;False;2378426;3730
8016476;3678031;13;False;female;8;False;False;2378427;6558
8022748;3680341;42;True;female;5;False;True;2380370;14598
8022749;3680341;3;False;male;8;False;True;2380371;14371
8022750;3680341;3;False;female;8;False;False;2380372;1410
8022751;3680341;15;False;female;8;False;False;2380373;4553
8022781;3680356;25;True;male;6;True;False;2380380;7760
8023178;3680537;26;True;female;5;True;False;2380509;11802
8023179;3680537;2;False;male;8;False;False;2380510;3276
8023180;3680537;3;False;male;8;False;True;2380511;6233
8023181;3680537;28;True;male;6;True;False;2380512;7880
8023209;3680546;1;False;male;8;False;True;2380522;407
8023210;3680546;36;True;female;5;False;True;2380523;5770
8023211;3680546;34;True;male;3;True;True;2380524;5017
8026126;3681606;18;False;female;8;False;True;2381395;4895
8026127;3681606;39;True;female;5;True;False;2381396;6463
8027771;3682250;39;True;male;5;True;False;2381918;2880
8027772;3682250;15;False;male;8;True;True;2381919;2575
8027773;3682250;12;False;male;8;False;False;2381920;6457
8027774;3682250;8;False;male;8;False;False;2381921;17672
8027775;3682250;39;True;female;4;True;True;2381922;16276
8028802;3682637;49;True;female;2;False;False;2382252;16303
8029744;3683030;14;False;female;8;False;False;2382576;6527
8029745;3683030;18;False;male;8;False;False;2382577;7010
8029746;3683030;14;False;female;8;False;False;2382578;6880
8029747;3683030;46;True;female;4;True;True;2382579;4705
8030868;3683481;34;True;male;4;True;False;2382915;15012
8030869;3683481;70;False;female;8;True;True;2382916;3104
8030870;3683481;71;False;male;7;True;False;2382917;6437
8032317;3684072;20;False;female;8;True;True;2383375;2658
8032318;3684072;24;False;male;8;False;True;2383376;11524
8032319;3684072;44;True;female;5;True;True;2383377;5698
8032320;3684072;47;False;male;8;True;False;2383378;7175
8035284;3685124;64;False;female;7;False;True;2384541;5703
8035285;3685124;72;False;male;7;True;True;2384542;7272
8035825;3685388;37;True;female;3;True;True;2384736;2568
8035826;3685388;40;True;male;4;True;False;2384737;3605
8036024;3685481;63;False;female;7;True;False;2384800;11329
8037157;3686006;35;True;female;3;True;True;2385153;3305
8037415;3686135;30;True;female;4;True;True;2385234;7430
8041034;3687710;90;False;female;7;False;False;2386380;1170
8043201;3688650;45;True;male;6;True;False;2387056;5456
8043202;3688650;74;False;female;7;False;False;2387057;6621
8043507;3688792;13;False;male;8;False;False;2387147;10950
8043508;3688792;14;False;male;8;False;False;2387148;8846
8043509;3688792;43;True;female;3;True;False;2387149;5187
8043510;3688792;44;True;male;6;True;True;2387150;7044
8043762;3688891;16;False;female;8;False;True;2387224;7752
8043763;3688891;7;False;female;8;False;False;2387225;6558
8043764;3688891;51;False;male;8;True;True;2387226;17147
8043765;3688891;41;True;female;5;True;True;2387227;7276
8043766;3688891;13;False;female;8;False;False;2387228;6829
8050054;3691564;35;True;female;4;True;False;2389109;10721
8056636;3694503;27;True;female;3;False;True;2391162;14542
8057058;3694676;36;True;female;4;True;False;2391281;1673
8057059;3694676;39;True;male;3;True;True;2391282;13762
8057060;3694676;4;False;male;8;False;True;2391283;3409
8057249;3694734;26;False;male;8;True;True;2391348;5475
8062568;3697057;9;False;female;8;False;True;2393062;7341
8062569;3697057;51;True;female;3;True;False;2393063;8787
8062570;3697057;55;True;male;3;True;True;2393064;6539
8062571;3697057;12;False;male;8;False;False;2393065;3759
8065171;3698102;70;False;male;7;True;False;2393880;5782
8065172;3698102;37;True;male;6;True;False;2393881;6332
8065173;3698102;64;False;female;7;True;False;2393882;6570
8066006;3698464;31;True;female;4;True;True;2394146;2094
8068238;3699426;32;True;male;5;True;True;2394846;4581
8068239;3699426;30;True;male;5;True;True;2394847;11467
8068240;3699426;70;False;male;7;True;False;2394848;6995
8068915;3699666;16;False;male;8;False;True;2395037;6101
8068916;3699666;50;False;male;8;False;True;2395038;2125
8069004;3699724;48;True;male;6;True;False;2395065;6853
8074413;3702083;31;True;female;4;True;False;2396721;10610
8076121;3702809;23;False;male;8;False;False;2397224;4096
8087119;3707380;76;False;female;7;True;False;2400646;3421
8087120;3707380;51;True;female;5;True;False;2400647;6453
8093562;3710092;27;True;female;5;True;False;2402637;17644
8093563;3710092;28;True;male;4;True;True;2402638;728
8093805;3710206;39;True;male;4;True;True;2402732;8451
8096988;3711547;48;True;male;5;True;True;2403774;1925
8100872;3713232;16;False;male;8;False;True;2405121;5937
8100873;3713232;50;True;male;4;True;True;2405122;1403
8100874;3713232;47;True;female;3;True;True;2405123;1109
8100883;3713241;89;False;female;7;False;False;2405126;9202
8101542;3713535;21;False;female;8;False;True;2405337;14151
8101543;3713535;54;True;female;5;True;True;2405338;6184
8101544;3713535;24;True;male;5;True;False;2405339;402
8101545;3713535;17;False;female;8;False;False;2405340;1533
8101546;3713535;58;True;male;4;True;True;2405341;4719
8103464;3714392;59;True;female;3;True;False;2405967;16333
8103465;3714392;58;True;male;6;False;False;2405968;11199
8103978;3714619;58;True;female;5;True;False;2406113;5572
8103979;3714619;73;False;male;7;True;True;2406114;7272
8109590;3716965;28;False;male;8;False;True;2407802;6101
8115881;3719717;31;True;male;4;True;False;2409791;13241
8115882;3719717;36;True;female;4;True;False;2409792;11478
8115883;3719717;61;False;female;7;False;True;2409793;5703
8115884;3719717;65;False;male;7;True;True;2409794;7272
8116595;3719992;54;False;female;8;False;False;2410002;6412
8116596;3719992;24;True;female;4;True;True;2410003;640
8116597;3719992;21;False;female;8;False;False;2410004;11465
8116598;3719992;61;True;male;6;True;False;2410005;11103
8122968;3722702;77;False;male;7;True;False;2412143;4429
8122969;3722702;78;False;female;7;True;False;2412144;11791
8128236;3724981;5;False;female;8;False;False;2413875;5790
8128237;3724981;7;False;female;8;False;True;2413876;7341
8128238;3724981;46;True;male;6;True;False;2413877;14397
8128239;3724981;48;False;female;8;True;False;2413878;2648
8130364;3725933;58;True;male;5;True;False;2414616;8457
8135038;3727663;77;False;male;7;True;True;2416482;1011
8139328;3729232;22;True;female;4;True;False;2417841;6795
8139329;3729232;18;False;female;8;True;True;2417842;16989
8139330;3729232;48;True;female;3;True;False;2417843;5313
8140744;3729725;24;True;male;5;True;False;2418294;402
8140745;3729725;61;True;male;4;True;False;2418295;4611
8140746;3729725;18;False;female;8;True;False;2418296;9300
8140747;3729725;28;True;male;6;True;False;2418297;7880
8140748;3729725;54;True;female;5;True;False;2418298;6500
8141246;3729934;44;True;female;4;True;False;2418453;10721
8145830;3731620;47;False;male;8;False;False;2419874;14658
8145831;3731620;20;False;male;8;True;False;2419875;11162
8145832;3731620;46;False;female;8;False;True;2419876;2167
8145833;3731620;13;False;male;8;False;True;2419877;8054
8146252;3731758;44;True;female;6;True;True;2419978;1442
8150406;3733279;31;False;female;8;True;False;2421246;6923
8150407;3733279;70;False;male;7;True;False;2421247;6507
8150408;3733279;69;False;female;7;True;True;2421248;7126
8153215;3734257;34;True;male;4;True;False;2422027;13524
8153216;3734257;3;False;male;8;False;False;2422028;5149
8153217;3734257;30;True;female;4;True;True;2422029;1616
8153218;3734257;6;False;female;8;False;False;2422030;6558
8153793;3734502;9;False;female;8;False;False;2422240;7484
8153794;3734502;43;True;female;5;True;True;2422241;2146
8153795;3734502;46;False;male;8;True;True;2422242;1770
8153796;3734502;20;True;male;6;False;False;2422243;4725
8153797;3734502;18;False;female;8;True;True;2422244;1203
8153798;3734502;18;False;male;8;True;True;2422245;1414
8154748;3734834;60;True;female;4;True;False;2422519;8321
8154749;3734834;10;False;female;8;False;False;2422520;6558
8154750;3734834;38;True;female;4;True;False;2422521;4238
8155157;3734974;61;True;male;4;True;False;2422642;4611
8156161;3735352;22;False;female;8;True;True;2422935;16989
8156162;3735352;44;True;female;5;True;False;2422936;7172
8156163;3735352;10;False;female;8;False;True;2422937;6135
8159649;3736667;22;False;female;8;False;True;2423971;4766
8159650;3736667;47;True;female;4;True;False;2423972;11182
8159701;3736686;89;False;male;7;True;False;2423988;3787
8159702;3736686;37;True;female;5;False;True;2423989;5924
8159703;3736686;55;True;female;5;False;True;2423990;5542
8159704;3736686;76;False;female;7;False;True;2423991;3348
8159705;3736686;7;False;female;8;False;False;2423992;7289
8159706;3736686;39;False;male;8;True;True;2423993;6050
8166249;3739016;12;False;female;8;False;False;2425972;6829
8166250;3739016;56;True;male;3;True;False;2425973;5047
8166251;3739016;44;True;female;3;True;True;2425974;6069
8166252;3739016;16;False;male;8;False;False;2425975;8715
8166806;3739224;28;True;male;2;True;False;2426133;10803
8166807;3739224;29;False;female;8;False;True;2426134;7752
8166808;3739224;2;False;male;8;False;False;2426135;17125
8168935;3740053;34;True;male;6;True;True;2426796;7044
8169612;3740325;85;False;female;7;True;False;2427015;4418
8169613;3740325;84;False;male;7;True;True;2427016;18095
8171691;3741094;33;True;female;3;True;True;2427652;3510
8172555;3741385;50;True;female;2;True;True;2427924;1551
8172556;3741385;49;True;male;2;True;True;2427925;2437
8172557;3741385;17;False;female;8;True;True;2427926;790
8172558;3741385;21;False;female;8;False;True;2427927;1521
8172559;3741385;23;False;male;8;False;True;2427928;17361
8172560;3741385;75;False;female;7;False;False;2427929;6488
8174486;3742073;67;True;male;6;True;False;2428535;10117
8174487;3742073;58;True;female;6;True;False;2428536;4398
8174488;3742073;30;True;male;6;True;True;2428537;5796
8177662;3743133;42;True;male;5;True;False;2429450;6519
8177663;3743133;41;True;female;5;False;True;2429451;5663
8177664;3743133;7;False;male;8;False;True;2429452;1659
8179678;3743832;1;False;male;8;False;False;2430113;15
8179679;3743832;40;True;female;2;True;False;2430114;10610
8179680;3743832;38;True;male;5;True;False;2430115;10261
8181087;3744334;5;False;male;8;False;True;2430557;7445
8181088;3744334;2;False;female;8;False;False;2430558;7092
8181089;3744334;50;False;male;8;False;True;2430559;7101
8181090;3744334;7;False;male;8;False;False;2430560;1803
8181091;3744334;41;True;female;5;True;True;2430561;5154
8181092;3744334;10;False;female;8;False;False;2430562;13742
8183314;3745095;12;False;male;8;False;False;2431273;561
8183315;3745095;13;False;female;8;False;False;2431274;6558
8183316;3745095;50;True;male;4;True;False;2431275;14238
8183317;3745095;47;True;female;4;True;False;2431276;4139
8188145;3746793;72;False;male;7;True;True;2432820;15078
8188209;3746820;46;True;female;4;True;True;2432842;879
8191887;3748157;36;True;female;4;True;True;2433967;2385
8191888;3748157;8;False;male;8;False;False;2433968;5814
8191889;3748157;38;True;male;4;True;False;2433969;10894
8196621;3750026;70;False;male;7;True;False;2435547;5887
8196622;3750026;39;True;female;3;True;False;2435548;4688
8197793;3750484;26;True;male;4;True;True;2435893;842
8197794;3750484;27;True;female;4;True;True;2435894;1096
8199828;3751375;30;False;male;8;True;True;2436523;684
8200667;3751696;38;True;female;5;False;True;2436795;1909
8201623;3752072;25;True;male;6;False;False;2437071;14489
8201624;3752072;54;True;female;4;True;True;2437072;11171
8201625;3752072;55;True;male;6;True;True;2437073;5451
8202817;3752574;28;True;male;3;False;True;2437440;15076
8205203;3753485;70;False;male;7;True;True;2438186;7272
8205204;3753485;31;True;female;4;False;True;2438187;2469
8205205;3753485;25;False;female;8;True;False;2438188;1711
8205206;3753485;64;False;female;8;True;False;2438189;546
8205857;3753733;10;False;female;8;False;True;2438413;7341
8205858;3753733;18;False;female;8;False;True;2438414;176
8205859;3753733;59;False;male;8;True;False;2438415;5456
8205860;3753733;49;True;female;5;True;False;2438416;6453
8206077;3753815;23;False;male;8;False;True;2438483;7851
8206078;3753815;12;False;male;8;False;False;2438484;8522
8206079;3753815;62;True;male;3;True;False;2438485;5203
8206080;3753815;51;True;female;4;True;False;2438486;14135
8206488;3753998;69;False;male;8;False;False;2438624;1027
8206527;3754016;41;True;male;2;True;False;2438635;5321
8206528;3754016;7;False;female;8;False;False;2438636;7289
8206529;3754016;39;False;female;8;True;False;2438637;10644
8206530;3754016;5;False;male;8;False;False;2438638;10424
8207694;3754498;24;False;male;8;True;True;2439025;11461
8208536;3754828;71;False;male;7;True;True;2439275;7272
8212369;3756383;63;False;female;7;False;False;2440440;4986
8216842;3758217;2;False;male;8;False;True;2441837;17892
8216843;3758217;36;False;female;8;False;False;2441838;15226
8217251;3758405;38;True;male;5;False;False;2441997;3474
8217252;3758405;9;False;male;8;False;False;2441998;4934
8217253;3758405;36;True;female;4;False;False;2441999;496
8217254;3758405;7;False;male;8;False;False;2442000;6628
8217255;3758405;13;False;female;8;False;True;2442001;6013
8217256;3758405;5;False;male;8;False;False;2442002;4982
8218993;3759117;25;False;female;8;False;False;2442551;17725
8218994;3759117;33;True;male;3;True;False;2442552;4512
8220158;3759546;5;False;female;8;False;True;2442878;7341
8220159;3759546;39;True;female;5;False;True;2442879;5924
8226256;3761923;35;False;male;8;True;False;2444676;4757
8232699;3764512;39;False;female;8;True;False;2446798;10878
8232700;3764512;3;False;female;8;False;False;2446799;5639
8232701;3764512;8;False;male;8;False;False;2446800;17672
8232702;3764512;39;True;male;4;True;False;2446801;239
8240539;3767626;58;True;male;4;True;False;2449361;14819
8240540;3767626;21;False;male;8;True;False;2449362;4019
8240541;3767626;52;False;female;8;True;True;2449363;18138
8240542;3767626;30;False;male;8;True;False;2449364;8346
8243212;3768720;39;True;male;3;True;True;2450219;649
8243213;3768720;40;True;male;3;True;True;2450220;1185
8244744;3769311;98;False;female;7;False;False;2450715;5697
8245758;3769734;45;True;male;5;True;False;2451034;13987
8245759;3769734;9;False;male;8;False;False;2451035;8846
8245760;3769734;41;True;female;3;True;False;2451036;4801
8245761;3769734;14;False;male;8;False;False;2451037;1141
8246170;3769893;31;True;male;6;True;False;2451153;7371
8247666;3770427;27;False;female;8;True;True;2451606;1780
8247954;3770543;7;False;female;8;False;False;2451695;5639
8247955;3770543;2;False;male;8;False;True;2451696;13403
8247956;3770543;72;False;male;7;True;False;2451697;7270
8247957;3770543;2;False;female;8;False;False;2451698;6527
8247958;3770543;2;False;female;8;False;True;2451699;7341
8248889;3770899;3;False;female;8;False;False;2452005;7016
8248890;3770899;31;True;female;4;True;True;2452006;11304
8250738;3771621;55;False;female;8;False;False;2452568;457
8250739;3771621;11;False;male;8;False;False;2452569;5757
8250740;3771621;9;False;female;8;False;False;2452570;13742
8250741;3771621;31;True;female;6;True;True;2452571;818
8250742;3771621;13;False;female;8;False;False;2452572;5849
8252223;3772191;36;True;female;5;True;False;2453008;5909
8252224;3772191;14;False;female;8;False;False;2453009;5844
8252225;3772191;11;False;male;8;False;False;2453010;6337
8254591;3773150;39;True;male;4;True;False;2453755;17516
8255001;3773320;57;True;female;4;True;True;2453871;14098
8255002;3773320;19;False;male;8;False;True;2453872;2223
8258219;3774574;16;False;male;8;False;False;2454867;625
8258220;3774574;50;True;female;5;False;False;2454868;5651
8258221;3774574;61;False;male;7;True;False;2454869;5821
8261704;3776033;17;False;female;8;False;True;2455966;1938
8261705;3776033;51;False;female;8;False;True;2455967;7120
8261706;3776033;10;False;male;8;False;False;2455968;17606
8261861;3776091;47;True;male;6;True;True;2456021;7056
8262121;3776202;69;False;male;7;True;False;2456095;5804
8262122;3776202;64;True;female;4;True;False;2456096;1591
8263702;3776741;15;False;female;8;False;False;2456581;2680
8263703;3776741;12;False;male;8;False;True;2456582;10183
8263704;3776741;43;True;female;5;False;True;2456583;5663
8266468;3777788;77;False;female;7;False;True;2457418;7508
8266469;3777788;53;False;male;8;True;True;2457419;1104
8273607;3780645;47;True;female;6;True;True;2459589;17487
8273608;3780645;61;True;male;6;False;False;2459590;4535
8273944;3780782;54;True;female;3;True;True;2459690;8686
8276578;3781851;62;True;male;4;True;False;2460526;10144
8276579;3781851;55;True;female;4;True;False;2460527;17062
8278578;3782638;36;True;male;6;True;True;2461123;6385
8278579;3782638;30;True;female;5;True;True;2461124;7276
8278580;3782638;8;False;female;8;False;False;2461125;6406
8280938;3783592;71;False;male;7;True;True;2461889;6730
8280939;3783592;67;False;female;7;False;True;2461890;1289
8282918;3784348;59;True;male;2;True;False;2462471;759
8285024;3785186;66;False;male;7;True;False;2463161;6437
8285025;3785186;61;True;female;4;False;False;2463162;1128
8285059;3785202;32;True;male;5;True;False;2463171;5774
8285060;3785202;59;True;male;5;True;False;2463172;13987
8285061;3785202;66;False;female;7;True;True;2463173;7126
8285062;3785202;29;True;female;5;False;True;2463174;6497
8290178;3787206;58;True;female;6;True;False;2464714;14497
8290179;3787206;24;True;female;5;True;False;2464715;7000
8290180;3787206;20;False;male;8;False;True;2464716;9083
8290315;3787263;44;True;female;5;False;True;2464755;5924
8291564;3787781;41;True;female;3;True;True;2465152;1685
8298291;3790398;34;True;female;5;True;False;2467191;7254
8298292;3790398;13;False;male;8;False;False;2467192;9215
8298293;3790398;9;False;female;8;False;False;2467193;7016
8301049;3791481;36;False;female;8;True;False;2468055;1120
8301050;3791481;16;False;male;8;False;False;2468056;3120
8308425;3794477;49;True;male;5;True;False;2470364;8034
8308426;3794477;70;False;female;7;True;True;2470365;4124
8310145;3795208;40;True;male;6;True;False;2470920;6870
8312740;3796269;56;False;female;8;False;False;2471752;5537
8317040;3797931;18;False;male;8;False;False;2473367;14653
8317041;3797931;17;False;female;8;True;True;2473368;2278
8317042;3797931;48;True;female;5;False;True;2473369;7185
8317043;3797931;54;True;male;6;True;False;2473370;14296
8317539;3798137;40;False;female;8;True;False;2473543;10454
8317540;3798137;46;False;male;8;True;False;2473544;14869
8317541;3798137;3;False;male;8;False;True;2473545;3577
8326696;3801433;76;False;female;7;False;False;2476438;15157
8326697;3801433;69;False;male;7;True;True;2476439;2102
8333113;3803727;51;False;male;8;True;False;2478466;8775
8336936;3805181;72;False;female;7;False;False;2479681;6621
8336937;3805181;46;False;female;8;True;False;2479682;7870
8336938;3805181;23;True;female;5;True;True;2479683;17077
8338072;3805591;17;False;female;8;True;True;2480038;2426
8338073;3805591;35;True;female;6;True;True;2480039;1112
8338074;3805591;35;True;male;5;True;True;2480040;5525
8344798;3808077;49;True;female;4;True;True;2482156;2347
8344799;3808077;16;False;female;8;True;True;2482157;1227
8344800;3808077;10;False;male;8;False;False;2482158;1503
8346451;3808673;40;True;male;3;True;False;2482640;5135
8346452;3808673;6;False;male;8;False;False;2482641;874
8346453;3808673;28;False;female;8;False;False;2482642;7326
8346454;3808673;8;False;female;8;False;False;2482643;7016
8346455;3808673;68;False;female;8;True;False;2482644;5352
8346456;3808673;80;False;male;7;False;True;2482645;10251
8346744;3808781;62;False;male;7;True;True;2482749;7272
8346745;3808781;58;True;female;5;True;False;2482750;6580
8347695;3809144;12;False;male;8;False;False;2483048;11650
8347696;3809144;23;False;female;8;True;False;2483049;14970
8347697;3809144;20;False;male;8;False;True;2483050;5937
8347698;3809144;48;True;female;4;True;False;2483051;2365
8347699;3809144;52;True;male;4;True;False;2483052;4363
8349642;3809860;51;False;female;8;False;True;2483664;5970
8356621;3812470;45;True;male;6;True;True;2485946;2473
8358468;3813108;55;False;male;8;True;False;2486531;781
8358469;3813108;43;True;female;3;True;True;2486532;8723
8358470;3813108;19;False;male;8;False;True;2486533;11471
8358471;3813108;15;False;female;8;False;True;2486534;3374
8358472;3813108;11;False;male;8;False;False;2486535;11643
8359430;3813472;2;False;male;8;False;False;2486850;1524
8359431;3813472;34;True;male;4;True;True;2486851;5460
8359432;3813472;12;False;male;8;False;False;2486852;4874
8359433;3813472;4;False;male;8;False;False;2486853;3020
8359434;3813472;31;False;female;8;True;False;2486854;15236
8359635;3813543;56;True;female;5;True;False;2486930;6424
8359636;3813543;53;True;male;6;True;False;2486931;11207
8359637;3813543;22;False;male;8;False;False;2486932;7390
8359638;3813543;21;False;male;8;False;True;2486933;10953
8367429;3816405;55;False;male;8;True;False;2489388;11490
8367430;3816405;89;False;female;7;True;False;2489389;5221
8368423;3816771;28;True;male;5;False;False;2489715;6048
8369198;3817077;62;False;male;8;True;False;2489962;10018
8369199;3817077;40;False;female;8;False;False;2489963;10480
8369200;3817077;1;False;male;8;False;False;2489964;3759
8374382;3819032;37;True;male;4;True;False;2491605;14288
8374383;3819032;7;False;male;8;False;False;2491606;15
8374384;3819032;30;False;female;8;True;False;2491607;15205
8375383;3819397;18;False;female;8;False;False;2491922;1533
8375384;3819397;48;False;female;8;False;False;2491923;7283
8375385;3819397;57;True;male;6;True;False;2491924;10892
8375386;3819397;19;True;male;4;True;True;2491925;842
8375387;3819397;11;False;male;8;False;True;2491926;10183
8380170;3821246;70;False;female;7;False;False;2493509;8049
8381555;3821747;64;False;female;7;True;False;2493952;6200
8384628;3822764;66;False;female;7;True;False;2494902;5995
8384629;3822764;26;False;male;8;False;True;2494903;15821
8384630;3822764;25;True;male;4;True;True;2494904;4696
8388626;3824229;40;True;male;6;False;True;2496495;7003
8388627;3824229;73;False;female;8;True;False;2496496;18039
8388628;3824229;80;False;male;7;True;False;2496497;1704
8395851;3826945;72;False;female;7;False;False;2498432;6621
8395852;3826945;41;True;female;5;True;True;2498433;5493
8395853;3826945;77;False;male;7;True;False;2498434;4098
8396490;3827173;80;False;female;8;True;False;2498616;11106
8396491;3827173;63;True;male;6;True;False;2498617;10018
8400272;3828619;35;True;female;4;True;True;2499710;3153
8400273;3828619;30;True;male;6;True;False;2499711;6274
8400274;3828619;64;False;female;7;True;False;2499712;6570
8400439;3828669;2;False;male;8;False;False;2499771;188
8400440;3828669;5;False;female;8;False;True;2499772;6135
8400441;3828669;30;False;male;8;True;True;2499773;4030
8400442;3828669;31;True;female;5;True;True;2499774;7276
8400934;3828845;74;True;male;3;True;False;2499898;5946
8407317;3831062;20;False;female;8;False;True;2501584;10414
8407318;3831062;55;True;male;6;True;False;2501585;3362
8407319;3831062;45;True;female;5;True;False;2501586;6963
8407320;3831062;22;False;female;8;False;True;2501587;601
8407321;3831062;14;False;female;8;False;True;2501588;7341
8407322;3831062;4;False;female;8;False;False;2501589;5844
8407323;3831062;23;True;male;6;True;False;2501590;17005
8407324;3831062;16;False;female;8;False;True;2501591;6513
8411550;3832667;47;True;female;4;True;True;2502800;879
8411551;3832667;11;False;male;8;False;True;2502801;8054
8411552;3832667;24;True;male;2;False;True;2502802;2405
8411553;3832667;18;False;female;8;False;False;2502803;2131
8411554;3832667;21;False;male;8;False;False;2502804;4096
8413218;3833278;18;False;female;8;False;True;2503255;176
8413219;3833278;59;False;male;8;True;False;2503256;673
8413220;3833278;26;True;male;5;True;True;2503257;3107
8413221;3833278;10;False;female;8;False;False;2503258;6829
8413222;3833278;13;False;female;8;False;False;2503259;6558
8413223;3833278;14;False;female;8;False;False;2503260;6280
8413224;3833278;49;False;female;8;True;False;2503261;11527
8413225;3833278;28;True;male;6;False;True;2503262;3142
8414560;3833746;44;True;female;4;True;True;2503623;2389
8414561;3833746;17;False;female;8;False;False;2503624;1948
8414562;3833746;47;True;male;6;True;False;2503625;17189
8414563;3833746;13;False;female;8;False;False;2503626;6280
8414564;3833746;16;False;female;8;False;True;2503627;3282
8414565;3833746;10;False;male;8;False;False;2503628;7594
8416120;3834304;22;False;male;8;False;False;2504045;14691
8416121;3834304;19;False;female;8;True;True;2504046;2982
8416122;3834304;55;True;female;5;False;True;2504047;7185
8416123;3834304;57;True;male;6;True;False;2504048;14397
8422447;3836674;33;True;male;6;True;True;2505811;7044
8422448;3836674;33;True;female;5;True;True;2505812;5698
8422449;3836674;2;False;female;8;False;False;2505813;6558
8422450;3836674;7;False;male;8;False;False;2505814;11650
8422451;3836674;11;False;male;8;False;False;2505815;1141
8423081;3836896;26;True;female;5;False;True;2505993;8765
8424538;3837414;44;True;male;6;True;False;2506414;6246
8424539;3837414;39;False;female;8;False;False;2506415;6987
8424540;3837414;22;True;male;4;True;False;2506416;4440
8424541;3837414;22;False;female;8;False;True;2506417;17874
8425251;3837671;14;False;female;8;False;True;2506608;11128
8425252;3837671;43;True;female;4;True;True;2506609;2457
8425413;3837742;70;False;male;7;True;False;2506649;6884
8425414;3837742;64;True;female;5;False;True;2506650;2005
8425631;3837844;4;False;male;8;False;False;2506706;11349
8425632;3837844;1;False;male;8;False;True;2506707;8054
8425633;3837844;23;True;female;5;False;True;2506708;1746
8425634;3837844;46;False;female;8;True;False;2506709;804
8425635;3837844;19;False;male;8;True;False;2506710;11162
8425636;3837844;5;False;male;8;False;False;2506711;4982
8425637;3837844;12;False;male;8;False;False;2506712;7642
8428163;3838764;59;True;female;5;True;True;2507437;6184
8429415;3839212;32;False;male;8;True;False;2507801;6093
8429416;3839212;26;True;male;4;True;False;2507802;1695
8429417;3839212;80;False;male;7;True;False;2507803;4098
8429418;3839212;40;False;male;8;True;True;2507804;2785
8429419;3839212;71;False;female;7;True;False;2507805;6980
8432416;3840337;26;True;female;5;False;False;2508762;6976
8432417;3840337;28;True;male;3;True;True;2508763;8540
8432418;3840337;64;True;male;6;True;False;2508764;4370
8432419;3840337;23;True;female;4;True;False;2508765;8635
8432420;3840337;23;False;female;8;False;False;2508766;13733
8432421;3840337;62;True;female;6;True;False;2508767;2019
8435335;3841546;7;False;male;8;False;False;2509679;5170
8435336;3841546;40;True;male;3;True;False;2509680;11406
8435337;3841546;1;False;female;8;False;True;2509681;6674
8435338;3841546;37;True;female;3;True;True;2509682;2682
8435339;3841546;4;False;female;8;False;False;2509683;7357
8437041;3842191;57;True;male;5;True;False;2510224;8413
8437042;3842191;65;False;female;7;True;False;2510225;7216
8437204;3842245;76;False;female;7;False;True;2510275;5115
8437205;3842245;50;False;male;8;False;True;2510276;8371
8439083;3843042;4;False;female;8;False;False;2510868;6829
8439084;3843042;33;False;female;8;True;False;2510869;15084
8439085;3843042;34;True;male;5;True;False;2510870;3740
8439404;3843160;55;True;female;4;True;False;2510968;1980
8439405;3843160;23;True;female;5;True;False;2510969;1176
8447434;3846363;4;False;male;8;False;False;2513439;5958
8447435;3846363;29;True;male;6;False;True;2513440;15076
8448057;3846619;2;False;female;8;False;False;2513609;11149
8448058;3846619;30;True;female;5;True;True;2513610;5277
8449005;3847007;57;True;male;6;True;False;2513929;10009
8451214;3847885;61;False;female;8;False;True;2514578;5742
8451215;3847885;64;False;male;7;False;False;2514579;14383
8454168;3849044;32;False;male;8;True;False;2515514;4757
8454169;3849044;1;False;male;8;False;False;2515515;4982
8458718;3850834;37;True;male;2;True;False;2516975;6667
8458719;3850834;1;False;female;8;False;False;2516976;6829
8458720;3850834;38;True;female;3;True;False;2516977;15859
8458721;3850834;72;False;female;7;True;False;2516978;7315
8458784;3850870;73;False;male;7;True;False;2517004;5782
8458785;3850870;74;False;female;7;True;False;2517005;5886
8460861;3851721;26;True;male;4;True;False;2517621;3075
8460862;3851721;68;False;male;7;True;False;2517622;5887
8460863;3851721;35;True;female;4;True;False;2517623;6799
8461180;3851852;11;False;female;8;False;False;2517736;5639
8461181;3851852;47;True;male;4;True;True;2517737;17674
8461182;3851852;39;False;female;8;False;False;2517738;16934
8461183;3851852;7;False;male;8;False;True;2517739;1659
8461184;3851852;5;False;female;8;False;False;2517740;6946
8461185;3851852;13;False;male;8;False;True;2517741;5428
8461457;3851958;41;True;female;5;False;True;2517840;5924
8461458;3851958;18;False;male;8;True;False;2517841;5778
8461501;3851976;2;False;female;8;False;False;2517845;5844
8461502;3851976;5;False;male;8;False;False;2517846;9931
8461503;3851976;33;False;female;8;True;True;2517847;3917
8461504;3851976;8;False;male;8;False;False;2517848;5149
8461505;3851976;7;False;male;8;False;False;2517849;5170
8461506;3851976;34;True;male;6;True;True;2517850;6050
8464616;3853168;38;True;male;5;True;True;2518832;1956
8464617;3853168;37;False;female;8;True;True;2518833;5154
8466207;3853751;46;True;female;6;True;False;2519329;8426
8466208;3853751;16;False;male;8;True;False;2519330;3332
8466209;3853751;16;False;male;8;False;True;2519331;5937
8467152;3854127;16;False;male;8;False;False;2519656;16841
8467153;3854127;39;True;female;5;True;False;2519657;7254
8467154;3854127;40;False;male;8;False;False;2519658;13781
8470561;3855432;75;False;male;7;True;False;2520736;11793
8470562;3855432;69;False;female;7;False;False;2520737;5809
8475383;3857340;47;True;female;4;True;False;2522247;7789
8479428;3858955;58;True;female;4;True;False;2523514;18158
8479429;3858955;59;True;male;3;True;False;2523515;1013
8480053;3859200;66;True;female;5;True;False;2523689;6005
8480054;3859200;3;False;female;8;False;False;2523690;7016
8480314;3859304;29;False;female;8;False;False;2523766;4294
8480315;3859304;35;True;male;3;True;False;2523767;4144
8480316;3859304;1;False;female;8;False;False;2523768;6527
8482965;3860306;31;True;male;3;True;False;2524583;2731
8482966;3860306;30;True;female;4;True;False;2524584;10721
8492256;3864038;71;False;female;7;False;False;2527473;1429
8500921;3867487;35;True;female;5;True;True;2530117;7276
8500922;3867487;6;False;male;8;False;False;2530118;16337
8501176;3867562;56;True;female;4;True;False;2530183;5899
8501177;3867562;55;True;male;2;False;True;2530184;709
8508211;3870326;54;True;male;6;False;True;2532380;4825
8508688;3870518;58;True;female;5;True;True;2532535;8566
8510038;3871087;72;False;female;7;True;False;2533119;5571
8510039;3871087;75;False;male;7;True;True;2533120;1519
8511891;3871794;82;False;female;7;False;False;2533656;14063
8518258;3874174;61;True;female;5;True;True;2535584;3623
8518720;3874325;42;False;male;8;True;True;2535734;2026
8521473;3875353;56;False;female;8;True;False;2536568;17842
8521474;3875353;63;False;male;7;True;True;2536569;5600
8521563;3875395;19;False;female;8;False;True;2536597;265
8521564;3875395;45;True;female;5;False;True;2536598;6155
8525140;3876672;52;True;male;6;True;False;2537709;16860
8525141;3876672;50;True;female;5;True;False;2537710;6500
8528423;3877782;29;True;male;4;True;False;2538663;18146
8528424;3877782;64;False;female;7;True;False;2538664;6529
8528425;3877782;65;False;male;7;True;True;2538665;7238
8530208;3878434;1;False;female;8;False;False;2539199;5844
8530209;3878434;34;True;female;5;True;True;2539200;5698
8532937;3879295;71;False;female;7;False;False;2539965;5809
8532938;3879295;74;False;male;7;True;False;2539966;5887
8535020;3880078;51;True;female;5;True;False;2540574;6453
8535021;3880078;17;False;male;8;False;True;2540575;10953
8535022;3880078;19;False;male;8;False;True;2540576;5937
8535023;3880078;47;True;male;5;True;False;2540577;15052
8535786;3880382;19;True;male;6;True;True;2540817;2031
8535787;3880382;57;True;male;5;True;False;2540818;8034
8535788;3880382;48;True;female;5;False;False;2540819;6351
8535789;3880382;22;True;female;6;False;True;2540820;17321
8535790;3880382;14;False;male;8;False;False;2540821;5757
8536081;3880485;87;False;female;7;True;False;2540920;7992
8536783;3880742;58;True;female;5;True;False;2541145;5792
8536784;3880742;30;True;male;3;True;False;2541146;7896
8536785;3880742;60;False;male;7;True;True;2541147;7272
8542275;3882776;9;False;female;8;False;False;2542815;6880
8542276;3882776;32;True;female;4;True;False;2542816;10557
8542277;3882776;11;False;male;8;False;False;2542817;8846
8542918;3883016;11;False;male;8;False;True;2543014;1659
8542919;3883016;7;False;male;8;False;False;2543015;7990
8542920;3883016;4;False;male;8;False;False;2543016;11280
8542921;3883016;46;True;male;6;True;False;2543017;5015
8542922;3883016;43;True;female;5;False;True;2543018;5924
8545047;3883841;69;False;male;7;True;False;2543659;6263
8550417;3885709;13;False;female;8;False;False;2545243;6527
8550418;3885709;24;False;female;8;False;True;2545244;11702
8556128;3887773;86;False;male;7;True;False;2546996;1538
8558007;3888461;68;False;female;7;True;False;2547536;2505
8558008;3888461;34;False;female;8;False;True;2547537;2354
8558009;3888461;77;False;male;7;True;False;2547538;2117
8560007;3889251;41;True;female;4;True;True;2548153;8766
8562676;3890275;64;True;male;4;True;False;2549005;1713
8562677;3890275;58;True;female;5;False;True;2549006;7185
8562678;3890275;25;True;male;6;True;False;2549007;16926
8572191;3893746;38;False;female;8;False;False;2551983;6128
8572192;3893746;16;False;female;8;False;False;2551984;2525
8572193;3893746;6;False;male;8;False;False;2551985;9215
8572194;3893746;44;False;male;8;True;True;2551986;2617
8572195;3893746;13;False;male;8;False;False;2551987;16329
8572672;3893892;62;True;male;6;True;False;2552118;1306
8573227;3894103;37;False;male;8;True;False;2552285;7994
8573228;3894103;62;False;female;8;True;False;2552286;6980
8574913;3894752;71;False;female;7;True;False;2552838;5571
8576009;3895179;30;True;female;4;True;False;2553155;5138
8576784;3895488;71;False;female;7;True;False;2553404;6980
8576785;3895488;71;False;male;7;True;False;2553405;6263
8583976;3898122;46;False;male;8;True;True;2555565;15109
8583977;3898122;48;False;female;8;True;True;2555566;5399
8584883;3898451;1;False;male;8;False;False;2555813;5708
8584884;3898451;3;False;male;8;False;False;2555814;2141
8584885;3898451;35;False;female;8;False;True;2555815;1244
8585456;3898669;59;True;female;4;True;False;2556235;804
8589639;3900485;83;False;female;7;True;True;2557494;7862
8591991;3901462;31;False;female;8;True;False;2558174;7913
8591992;3901462;10;False;female;8;False;False;2558175;6406
8591993;3901462;12;False;male;8;False;True;2558176;7512
8592770;3901828;18;False;female;8;True;True;2558402;790
8597700;3903925;80;False;female;7;False;True;2559881;1625
8605495;3907268;28;True;male;3;True;False;2562368;9160
8613806;3910844;35;False;female;8;True;True;2565043;14355
8613807;3910844;1;False;male;8;False;False;2565044;8651
8613808;3910844;38;True;male;3;True;False;2565045;4144
8617689;3912589;18;False;female;8;False;False;2566262;2680
8617690;3912589;46;True;male;4;True;False;2566263;16811
8627421;3916825;44;True;male;4;True;False;2569310;7437
8629981;3918008;70;False;male;7;True;False;2570165;6602
8629982;3918008;76;False;female;7;True;False;2570166;4054
8633223;3919396;87;False;female;7;True;False;2571273;4404
8633224;3919396;88;False;male;7;True;True;2571274;9974
8638092;3921400;33;True;female;3;True;False;2572670;7823
8638226;3921457;76;False;female;7;False;False;2572722;2973
8640300;3922356;31;False;female;8;True;False;2573337;2327
8640301;3922356;31;True;male;6;True;True;2573338;5796
8641014;3922626;24;False;female;8;True;True;2573537;16989
8641170;3922707;32;True;male;6;True;False;2573579;6246
8641800;3922988;67;False;male;7;True;False;2573768;6263
8644609;3924192;33;False;female;8;True;False;2574634;10795
8644610;3924192;1;False;female;8;False;False;2574635;6527
8644611;3924192;33;True;male;4;True;False;2574636;239
8644612;3924192;3;False;female;8;False;False;2574637;5981
8644613;3924192;5;False;female;8;False;False;2574638;5844
8651125;3927081;61;False;female;8;True;False;2576576;10719
8651126;3927081;64;False;male;8;True;False;2576577;4611
8654503;3928506;4;False;male;8;False;False;2577604;7594
8654504;3928506;33;True;female;5;False;False;2577605;5902
8658392;3930169;17;False;male;8;False;False;2578732;14653
8658393;3930169;1;False;female;8;False;True;2578733;6135
8658394;3930169;1;False;male;8;False;True;2578734;6233
8658395;3930169;44;True;female;5;True;False;2578735;7172
8658396;3930169;14;False;female;8;False;True;2578736;7341
8658425;3930180;69;False;male;7;True;False;2578751;6602
8661881;3931720;35;True;female;5;False;True;2579767;7155
8661882;3931720;38;True;male;3;True;False;2579768;1255
8661883;3931720;12;False;female;8;False;False;2579769;6558
8661884;3931720;10;False;male;8;False;True;2579770;17266
8661885;3931720;6;False;male;8;False;False;2579771;1157
8662955;3932153;82;False;male;7;True;True;2580090;5199
8662956;3932153;73;False;female;7;True;True;2580091;6281
8664625;3932822;20;False;male;8;False;False;2580608;4936
8664626;3932822;54;False;female;8;True;True;2580609;1551
8664627;3932822;18;False;male;8;True;True;2580610;5475
8667973;3934235;45;False;female;8;True;False;2581614;8489
8667974;3934235;21;False;female;8;True;True;2581615;14187
8674433;3936922;73;False;female;7;False;False;2583479;5809
8674434;3936922;85;False;male;7;True;False;2583480;5766
8680869;3939612;40;True;female;4;True;False;2585335;1673
8680870;3939612;21;True;female;5;False;True;2585336;15022
8681635;3939948;77;False;male;7;True;False;2585541;154
8681636;3939948;69;False;female;7;True;False;2585542;6571
8683270;3940644;72;True;female;3;True;False;2586056;5765
8683271;3940644;73;True;male;3;True;False;2586057;1234
8685402;3941545;50;True;female;5;True;False;2586618;6453
8685403;3941545;18;True;female;3;True;False;2586619;4299
8688124;3942727;60;False;female;8;True;True;2587406;14748
8688125;3942727;68;True;male;6;True;False;2587407;17530
8694811;3945559;34;True;female;3;True;False;2589363;4636
8694977;3945628;9;False;female;8;False;False;2589412;633
8694978;3945628;11;False;female;8;False;False;2589413;10410
8694979;3945628;46;True;female;5;False;True;2589414;4486
8705067;3949829;79;False;female;8;True;False;2592403;1470
8706020;3950171;4;False;male;8;False;False;2592664;15948
8706021;3950171;42;True;male;5;False;False;2592665;3396
8706022;3950171;28;False;female;8;True;False;2592666;14277
8706023;3950171;6;False;male;8;False;False;2592667;11280
8708111;3951075;52;True;male;2;True;False;2593315;6223
8708112;3951075;14;False;female;8;False;False;2593316;5981
8708113;3951075;50;True;female;3;True;True;2593317;1017
8708543;3951271;72;False;female;7;False;True;2593437;1289
8708695;3951347;32;True;male;3;True;False;2593486;4846
8709568;3951745;2;False;male;8;False;False;2594002;11507
8709569;3951745;43;True;female;4;True;False;2594003;10616
8709570;3951745;12;False;male;8;False;False;2594004;14428
8710249;3952063;38;True;male;3;True;False;2594229;6414
8710279;3952079;78;False;female;7;True;False;2594238;1615
8712242;3952989;48;True;male;3;True;False;2594888;3599
8712243;3952989;14;False;male;8;False;False;2594889;11507
8712244;3952989;12;False;female;8;False;False;2594890;6406
8712245;3952989;45;True;female;3;True;False;2594891;5317
8712246;3952989;6;False;female;8;False;False;2594892;6527
8713363;3953502;59;False;male;8;False;True;2595266;689
8713364;3953502;22;False;female;8;False;True;2595267;1127
8713365;3953502;51;False;female;8;True;False;2595268;7051
8714768;3954129;43;True;male;3;True;True;2595738;17494
8718234;3955719;10;False;male;8;False;False;2596916;16246
8718235;3955719;46;True;female;3;True;False;2596917;14815
8718236;3955719;12;False;male;8;False;False;2596918;10950
8718237;3955719;49;True;male;3;True;True;2596919;2256
8718506;3955840;24;False;female;8;False;False;2596990;2131
8718507;3955840;1;False;female;8;False;False;2596991;11149
8718508;3955840;27;False;male;8;False;True;2596992;849
8719455;3956333;59;True;female;5;True;True;2597315;6702
8719940;3956563;63;True;female;5;True;False;2597469;18039
8723342;3958029;23;True;female;5;False;False;2598508;1425
8723343;3958029;36;True;male;2;True;False;2598509;10026
8723344;3958029;36;True;male;6;True;False;2598510;6332
8724260;3958441;78;False;male;7;True;False;2598787;8642
8724261;3958441;67;False;female;7;True;True;2598788;6877
8724755;3958652;60;False;female;8;False;False;2598958;6843
8724756;3958652;72;False;male;7;True;True;2598959;15078
8724757;3958652;31;False;female;8;True;False;2598960;6441
8724758;3958652;13;False;female;8;False;False;2598961;14552
8729441;3960702;49;True;female;5;True;False;2600481;6453
8732938;3962299;13;False;male;8;False;True;2601620;3409
8732939;3962299;17;False;male;8;True;True;2601621;11461
8732940;3962299;18;False;female;8;False;True;2601622;3374
8732941;3962299;15;False;male;8;False;False;2601623;8174
8732942;3962299;55;True;male;6;True;False;2601624;17093
8732943;3962299;43;False;female;8;True;True;2601625;3917
8734202;3962847;23;False;male;8;False;True;2602029;14128
8734203;3962847;56;True;female;6;True;False;2602030;2302
8734410;3962943;33;True;male;3;True;True;2602089;684
8734411;3962943;34;True;male;4;True;True;2602090;1004
8742037;3966467;58;True;female;6;False;True;2604553;4531
8742360;3966622;4;False;male;8;False;False;2604649;5030
8742361;3966622;1;False;male;8;False;False;2604650;8846
8742362;3966622;39;True;female;4;True;False;2604651;10610
8742363;3966622;39;True;male;4;True;False;2604652;5021
8744495;3967545;8;False;male;8;False;False;2605332;4934
8744496;3967545;12;False;female;8;False;False;2605333;11149
8744497;3967545;6;False;male;8;False;False;2605334;4861
8744498;3967545;37;True;male;4;True;False;2605335;16983
8744499;3967545;33;True;female;5;True;False;2605336;715
8747060;3968629;75;False;female;7;True;False;2606167;11791
8747061;3968629;83;False;male;7;True;True;2606168;2134
8747251;3968715;44;True;male;3;True;True;2606238;1339
8753283;3971352;59;True;male;6;True;False;2608146;8222
8753284;3971352;58;True;female;5;False;True;2608147;5542
8753285;3971352;23;True;female;5;True;True;2608148;17077
8754041;3971698;44;True;female;3;True;True;2608403;2409
8757489;3973215;5;False;female;8;False;True;2609520;6135
8757490;3973215;25;True;female;5;True;False;2609521;18064
8757491;3973215;27;True;male;4;True;True;2609522;14479
8764606;3976279;74;False;female;7;False;False;2611878;6843
8765573;3976674;77;False;female;8;False;False;2612182;1357
8765574;3976674;84;False;male;7;True;False;2612183;1538
8772706;3979914;2;False;male;8;False;False;2614466;3135
8772707;3979914;5;False;male;8;False;False;2614467;11400
8772708;3979914;38;True;female;2;True;False;2614468;4721
8772709;3979914;41;True;male;3;True;False;2614469;10241
8775550;3981243;25;True;female;4;True;False;2615462;17028
8775551;3981243;22;False;male;8;False;True;2615463;7851
8775552;3981243;5;False;female;8;False;False;2615464;5639
8775553;3981243;7;False;female;8;False;True;2615465;7341
8775554;3981243;18;False;male;8;True;True;2615466;11381
8775555;3981243;16;False;male;8;False;False;2615467;14528
8775556;3981243;60;True;male;4;True;True;2615468;2984
8775557;3981243;46;True;female;6;True;False;2615469;5619
8784426;3985219;72;False;female;7;False;True;2618455;5703
8784427;3985219;32;False;male;8;True;False;2618456;5850
8784428;3985219;78;False;male;7;True;False;2618457;2539
8784429;3985219;28;False;male;8;False;True;2618458;1352
8784813;3985399;51;False;female;8;True;False;2618583;804
8796705;3989675;62;False;male;8;True;False;2622291;4431
8802804;3991777;19;False;female;8;False;False;2624176;7976
8802805;3991777;15;False;male;8;False;False;2624177;13360
8802806;3991777;12;False;male;8;False;False;2624178;1803
8802807;3991777;38;False;female;8;True;True;2624179;8300
8804328;3992318;63;False;female;8;True;False;2624660;17209
8804329;3992318;67;False;male;8;True;False;2624661;10648
8809173;3994067;17;False;male;8;False;True;2626095;15972
8809174;3994067;36;True;female;5;True;True;2626096;6170
8809175;3994067;18;False;male;8;False;True;2626097;1352
8809176;3994067;15;False;female;8;False;False;2626098;4294
8811341;3994859;22;False;female;8;False;True;2626780;7073
8813865;3995795;43;True;male;5;False;True;2627521;7096
8813867;3995797;12;False;female;8;False;False;2627522;6558
8813868;3995797;10;False;female;8;False;False;2627523;6880
8813869;3995797;49;True;female;4;True;False;2627524;18158
8813870;3995797;50;True;male;3;True;False;2627525;1363
8815400;3996334;33;True;male;6;True;False;2627982;7452
8819491;3997820;54;True;male;6;False;True;2629217;7101
8821769;3998644;16;False;female;8;False;False;2629928;6607
8821770;3998644;54;False;female;8;True;False;2629929;1263
8821771;3998644;30;True;male;5;False;True;2629930;2205
8821781;3998649;59;True;male;6;True;False;2629934;14801
8821782;3998649;53;True;female;5;False;True;2629935;5542
8822114;3998763;51;True;male;6;True;True;2630034;6903
8822115;3998763;79;False;male;7;False;False;2630035;731
8822116;3998763;78;False;female;7;True;False;2630036;1824
8822673;3998942;54;True;female;6;False;True;2630194;2487
8822674;3998942;21;False;female;8;True;True;2630195;751
8822675;3998942;20;False;male;8;False;True;2630196;6105
8823857;3999358;23;True;female;4;False;True;2630540;17329
8823858;3999358;43;False;female;8;True;False;2630541;3210
8823940;3999385;13;False;male;8;False;False;2630570;1503
8823941;3999385;58;True;male;5;True;False;2630571;4972
8823942;3999385;15;False;male;8;True;True;2630572;1750
8823943;3999385;45;False;female;8;False;False;2630573;2768
8823944;3999385;11;False;male;8;False;False;2630574;17606
8823945;3999385;17;False;male;8;False;True;2630575;17361
8823946;3999385;8;False;female;8;False;True;2630576;5065
8826782;4000644;54;True;male;3;True;True;2632153;1770
8826783;4000644;55;True;male;3;False;True;2632154;4825
8831668;4002892;65;False;female;8;True;False;2633639;9923
8831669;4002892;10;False;male;8;False;False;2633640;7704
8831670;4002892;7;False;female;8;False;True;2633641;6135
8831671;4002892;16;False;male;8;True;True;2633642;8195
8831672;4002892;39;False;female;8;True;False;2633643;7913
8831673;4002892;45;False;male;8;True;False;2633644;5806
8832471;4003261;16;False;female;8;False;True;2633900;2216
8832472;4003261;14;False;female;8;False;False;2633901;13742
8832473;4003261;50;False;female;8;True;True;2633902;14098
8832474;4003261;12;False;female;8;False;False;2633903;11149
8836213;4004942;45;True;male;3;True;True;2635083;5485
8837453;4005492;30;True;female;3;True;True;2635460;1016
8838994;4006189;20;False;female;8;True;True;2635910;1203
8846068;4009335;37;True;female;6;True;True;2638131;6210
8846069;4009335;68;False;female;8;False;True;2638132;5113
8846528;4009584;69;False;female;8;False;False;2638278;4975
8847108;4009876;47;True;male;5;True;True;2638461;1925
8849344;4010813;8;False;male;8;False;False;2639121;16318
8849345;4010813;5;False;female;8;False;False;2639122;6558
8849346;4010813;43;False;male;8;True;False;2639123;2510
8849347;4010813;9;False;female;8;False;False;2639124;6527
8849348;4010813;44;False;female;8;True;False;2639125;10795
8849349;4010813;2;False;male;8;False;False;2639126;16262
8855221;4013501;26;True;male;6;True;True;2640965;17470
8855222;4013501;44;False;male;8;False;False;2640966;3474
8855223;4013501;50;True;male;2;False;True;2640967;5038
8856503;4014060;48;True;male;3;True;True;2641337;3853
8856504;4014060;43;True;female;5;True;True;2641338;5698
8856650;4014122;36;True;female;3;True;False;2641378;8869
8856651;4014122;6;False;female;8;False;False;2641379;6829
8856652;4014122;72;False;female;7;True;False;2641380;5765
8856653;4014122;75;False;male;7;True;False;2641381;3787
8856777;4014184;41;False;male;8;False;True;2641423;4081
8856778;4014184;3;False;male;8;False;False;2641424;6628
8856779;4014184;57;True;male;6;False;True;2641425;4825
8859968;4015612;22;False;female;8;True;True;2642438;2477
8860175;4015713;35;True;male;3;True;False;2642513;451
8863390;4017139;12;False;female;8;False;False;2643474;7289
8863391;4017139;47;False;female;8;True;False;2643475;8489
8863392;4017139;21;False;male;8;False;True;2643476;1352
8863393;4017139;15;False;male;8;False;False;2643477;16841
8863394;4017139;50;False;male;8;True;False;2643478;17457
8863947;4017417;30;True;male;3;True;False;2643668;4147
8863948;4017417;30;True;female;3;True;False;2643669;8749
8865115;4017953;31;True;female;5;False;True;2644014;5663
8865116;4017953;35;True;male;4;True;False;2644015;17516
8865117;4017953;8;False;male;8;False;False;2644016;1157
8865355;4018071;33;True;male;4;True;False;2644082;17596
8865356;4018071;2;False;female;8;False;False;2644083;5844
8865357;4018071;32;False;female;8;True;False;2644084;17666
8865358;4018071;4;False;female;8;False;False;2644085;5639
8867134;4018886;65;False;male;7;True;False;2644656;6831
8867135;4018886;52;True;female;5;True;False;2644657;5617
8867231;4018933;38;True;male;6;True;False;2644692;6274
8872753;4021392;53;True;male;6;True;True;2646335;2473
8874672;4022330;35;True;male;5;True;True;2646914;13984
8874673;4022330;31;True;female;5;True;True;2646915;7938
8877381;4023527;3;False;male;8;False;True;2647738;3577
8877382;4023527;34;True;male;3;True;False;2647739;9898
8877383;4023527;30;True;female;3;True;False;2647740;5250
8878918;4024207;76;False;male;7;True;True;2648211;3150
8878919;4024207;30;False;female;8;True;False;2648212;6923
8878920;4024207;71;False;female;7;True;False;2648213;6598
8881237;4025250;26;False;male;8;False;True;2648918;5937
8881238;4025250;22;False;female;8;False;False;2648919;7417
8881239;4025250;54;True;female;4;True;True;2648920;8503
8882350;4025762;36;True;female;3;True;False;2649278;4801
8882351;4025762;30;True;female;5;False;True;2649279;5924
8882681;4025921;1;False;male;8;False;False;2649395;3276
8882682;4025921;36;True;female;3;True;True;2649396;387
8885217;4027055;29;True;female;3;False;True;2650187;1007
8885218;4027055;29;True;male;3;True;True;2650188;910
8888894;4028425;68;False;male;7;True;False;2651411;5631
8888895;4028425;78;False;female;7;False;False;2651412;10979
8890515;4029023;81;False;male;7;True;True;2651943;4073
8890516;4029023;80;False;female;7;True;False;2651944;8619
8898526;4031882;41;False;female;8;True;False;2654412;523
8898527;4031882;3;False;male;8;False;False;2654413;4982
8898528;4031882;45;True;male;4;True;True;2654414;6616
8898529;4031882;5;False;female;8;False;False;2654415;7092
8898965;4032055;25;False;female;8;False;False;2654546;13733
8898966;4032055;37;True;male;2;True;False;2654547;7229
8898967;4032055;1;False;female;8;False;False;2654548;6558
8899726;4032297;36;True;male;6;True;True;2654782;6385
8899727;4032297;70;True;female;4;False;False;2654783;5809
8904881;4034045;86;False;male;7;True;False;2656323;7690
8904882;4034045;87;False;female;7;True;False;2656324;7682
8908057;4035127;25;True;female;5;False;True;2657266;8806
8908971;4035453;2;False;male;8;False;False;2657559;16337
8908972;4035453;32;True;male;6;True;False;2657560;6060
8908973;4035453;33;False;female;8;True;False;2657561;1649
8908974;4035453;4;False;male;8;False;False;2657562;10133
8914091;4037200;26;True;male;6;True;False;2659190;7760
8914092;4037200;26;True;female;4;False;True;2659191;11123
8917200;4038235;32;True;female;4;True;False;2660104;6799
8917762;4038419;23;False;female;8;False;True;2660294;711
8917763;4038419;31;False;male;8;True;True;2660295;1339
8917764;4038419;3;False;male;8;False;True;2660296;1292
8918154;4038563;85;False;male;7;True;False;2660422;17584
8918155;4038563;90;False;female;7;True;False;2660423;11791
8918156;4038563;56;True;male;3;True;False;2660424;1363
8918157;4038563;52;True;female;4;True;True;2660425;7180
8921229;4039620;29;True;male;6;True;False;2661417;3013
8922072;4039941;15;False;male;8;False;True;2661688;14027
8922073;4039941;45;True;female;6;True;False;2661689;17081
8922074;4039941;52;True;male;6;True;False;2661690;5456
8931594;4043279;68;False;male;7;True;False;2664646;6602
8935030;4044454;65;True;female;5;True;False;2665727;17586
8935031;4044454;68;False;male;7;True;False;2665728;6338
8936954;4045144;18;False;male;8;False;True;2666352;6518
8936955;4045144;20;False;female;8;False;False;2666353;6139
8936956;4045144;53;False;male;8;True;False;2666354;6664
8936957;4045144;55;True;female;5;True;False;2666355;5684
8936958;4045144;17;False;male;8;False;True;2666356;1352
8938033;4045545;53;True;male;6;False;True;2666671;4825
8938739;4045807;3;False;female;8;False;False;2666884;1930
8938740;4045807;6;False;female;8;False;False;2666885;7399
8938741;4045807;9;False;male;8;False;False;2666886;4934
8938742;4045807;13;False;female;8;False;False;2666887;14607
8938743;4045807;34;False;female;8;True;True;2666888;962
8938744;4045807;11;False;female;8;False;False;2666889;7408
8939728;4046169;23;False;female;8;False;True;2667197;17653
8939729;4046169;56;True;male;2;True;False;2667198;17739
8939730;4046169;27;False;male;8;False;True;2667199;7792
8939731;4046169;51;False;female;8;False;False;2667200;5537
8943194;4047336;11;False;female;8;False;False;2668235;13742
8943195;4047336;43;True;female;4;False;False;2668236;4771
8946406;4048444;40;True;female;3;True;False;2669257;8279
8946407;4048444;5;False;male;8;False;False;2669258;5335
8946408;4048444;4;False;male;8;False;False;2669259;16329
8946409;4048444;34;True;male;5;True;False;2669260;17102
8946410;4048444;20;False;female;8;False;False;2669261;4294
8946500;4048478;4;False;male;8;False;False;2669283;14813
8946501;4048478;21;False;female;8;True;False;2669284;9912
8946502;4048478;40;False;female;8;True;False;2669285;15236
8946503;4048478;46;True;male;6;True;False;2669286;11576
8946504;4048478;17;False;male;8;False;False;2669287;15930
8946505;4048478;12;False;female;8;False;False;2669288;6527
8948672;4049233;6;False;male;8;False;False;2669968;5030
8948673;4049233;44;False;female;8;False;False;2669969;6987
8948674;4049233;3;False;female;8;False;False;2669970;6829
8948675;4049233;39;True;male;5;True;True;2669971;6972
8948676;4049233;15;False;female;8;False;False;2669972;1533
8950161;4049736;12;False;male;8;False;False;2670423;680
8950162;4049736;8;False;female;8;False;True;2670424;5667
8950163;4049736;14;False;female;8;False;True;2670425;7341
8950164;4049736;41;True;female;4;True;False;2670426;13590
8950165;4049736;43;False;male;8;True;False;2670427;3740
8950431;4049832;35;False;male;8;True;False;2670522;4045
8950432;4049832;32;True;female;5;False;False;2670523;4634
8950989;4050013;36;True;male;3;True;False;2670676;4512
8952566;4050564;61;True;female;5;False;False;2671190;8030
8952567;4050564;31;True;male;4;True;True;2671191;670
8952568;4050564;28;True;male;3;False;True;2671192;6105
8954043;4051057;56;True;male;2;True;False;2671622;759
8954044;4051057;21;False;female;8;False;True;2671623;16306
8954045;4051057;50;True;female;5;True;False;2671624;5792
8954046;4051057;25;True;male;5;True;True;2671625;6686
8954047;4051057;17;False;male;8;True;False;2671626;6700
8954048;4051057;13;False;female;8;False;False;2671627;6558
8957279;4052126;79;False;female;7;False;True;2672673;4358
8957280;4052126;25;True;male;5;False;True;2672674;2940
8969752;4056440;41;True;male;5;True;True;2676658;11195
8974059;4057957;13;False;female;8;False;True;2678041;6135
8974060;4057957;18;False;female;8;False;False;2678042;1948
8974061;4057957;43;False;female;8;False;False;2678043;17422
8974062;4057957;47;True;male;3;True;False;2678044;17545
8974063;4057957;14;False;female;8;False;True;2678045;7341
8979883;4060119;65;True;female;5;False;False;2680232;6843
8979884;4060119;72;False;male;7;True;True;2680233;1937
8982129;4060923;89;False;female;7;False;False;2680888;7439
8990791;4064151;58;True;male;6;True;False;2683463;9094
8992014;4064573;31;True;male;5;True;False;2683816;3983
8993277;4065040;6;False;male;8;False;True;2684196;5720
8993278;4065040;36;True;female;5;False;True;2684197;7396
8993279;4065040;37;True;male;6;True;False;2684198;7371
8994552;4065540;52;False;female;8;False;False;2684577;14048
8994943;4065670;69;False;female;7;False;False;2684694;6621
8994944;4065670;73;False;male;7;True;False;2684695;5694
8997411;4066586;48;True;male;6;True;False;2685405;7873
8997412;4066586;56;True;female;5;False;False;2685406;5651
8998707;4067038;12;False;male;8;False;False;2685776;10158
8998708;4067038;44;True;male;6;True;True;2685777;6050
8998709;4067038;40;True;female;4;True;True;2685778;14638
8999412;4067299;22;True;female;5;False;True;2685975;8806
8999413;4067299;57;False;female;7;False;True;2685976;7023
8999414;4067299;20;False;female;8;False;True;2685977;6934
8999415;4067299;25;False;female;8;False;False;2685978;5509
9000395;4067660;18;False;female;8;False;True;2686248;3081
9000396;4067660;22;False;male;8;True;False;2686249;4019
9000397;4067660;56;True;male;3;True;False;2686250;735
9000398;4067660;13;False;female;8;False;False;2686251;7357
9003339;4068735;63;False;female;7;True;False;2687090;5765
9003340;4068735;60;True;male;5;True;False;2687091;14384
9003341;4068735;42;True;female;5;False;True;2687092;5924
9006685;4069964;17;False;female;8;False;False;2688083;17609
9006686;4069964;45;True;male;3;True;False;2688084;3173
9006687;4069964;42;True;female;3;True;False;2688085;16348
9006688;4069964;14;False;male;8;False;False;2688086;6457
9006930;4070048;61;True;male;6;True;True;2688163;1676
9006931;4070048;62;True;female;5;True;True;2688164;14748
9006940;4070055;54;True;male;4;False;True;2688167;5038
9007211;4070181;36;True;female;4;False;False;2688256;4943
9007212;4070181;14;False;male;8;False;False;2688257;6031
9007213;4070181;42;True;male;4;True;False;2688258;757
9007214;4070181;8;False;male;8;False;False;2688259;860
9007215;4070181;12;False;male;8;False;True;2688260;8054
9010259;4071344;30;True;male;5;True;True;2689154;4837
9017705;4074192;11;False;female;8;False;False;2691381;6829
9017706;4074192;17;False;male;8;False;True;2691382;9193
9017707;4074192;8;False;male;8;False;False;2691383;6337
9017708;4074192;14;False;male;8;False;False;2691384;3730
9017709;4074192;36;True;female;5;True;False;2691385;7254
9020998;4075409;30;False;female;8;False;False;2692315;16934
9020999;4075409;5;False;female;8;False;False;2692316;6406
9021000;4075409;50;False;female;8;True;False;2692317;10313
9021001;4075409;14;False;female;8;False;False;2692318;5844
9024281;4076617;81;False;male;7;True;False;2693264;14145
9024282;4076617;48;True;female;5;True;False;2693265;7384
9024283;4076617;79;False;female;7;True;False;2693266;10729
9026706;4077508;82;False;female;7;True;False;2693955;7967
9026707;4077508;87;False;male;7;True;False;2693956;1561
9028497;4078150;14;False;male;8;False;True;2694516;6233
9028498;4078150;58;False;male;7;True;False;2694517;7348
9028499;4078150;53;False;female;7;True;True;2694518;1312
9030890;4079002;70;False;female;7;True;False;2695258;7078
9030891;4079002;66;True;male;3;True;False;2695259;1234
9032924;4079737;12;False;female;8;False;False;2695849;6880
9032925;4079737;37;False;female;8;True;False;2695850;15084
9032926;4079737;13;False;male;8;False;False;2695851;10200
9032927;4079737;11;False;male;8;False;False;2695852;11280
9034051;4080150;29;True;female;3;True;True;2696179;2373
9034425;4080283;66;False;male;7;True;True;2696293;7100
9034426;4080283;68;False;female;7;True;False;2696294;6203
9034885;4080441;53;True;female;5;False;True;2696418;5542
9034886;4080441;54;True;male;6;True;False;2696419;3515
9034887;4080441;17;False;female;8;False;True;2696420;265
9034888;4080441;19;False;male;8;False;False;2696421;6889
9044340;4084071;25;False;female;8;False;False;2699270;45
9044341;4084071;54;True;male;4;True;False;2699271;5914
9044342;4084071;29;True;male;4;True;True;2699272;851
9050465;4086333;60;True;male;3;True;True;2701051;2633
9050466;4086333;56;False;female;8;True;False;2701052;11735
9054135;4087586;17;False;male;8;False;False;2702603;17521
9054136;4087586;18;True;male;5;True;True;2702604;7042
9054137;4087586;19;True;male;5;True;False;2702605;3469
9054138;4087586;39;True;female;3;True;False;2702606;5294
9054139;4087586;40;False;male;8;True;False;2702607;14074
9054541;4087778;92;False;male;7;False;True;2702745;6676
9055082;4088042;8;False;male;8;False;False;2702914;14688
9055083;4088042;40;True;male;4;True;True;2702915;3166
9055084;4088042;11;False;male;8;False;False;2702916;7893
9055085;4088042;37;True;female;4;True;False;2702917;13255
9055976;4088445;46;True;male;2;True;False;2703198;7968
9056677;4088760;56;True;female;2;True;True;2703421;1505
9056678;4088760;62;True;male;3;True;False;2703422;1234
9060091;4090195;29;False;male;8;False;True;2704482;6834
9060092;4090195;23;True;female;4;False;True;2704483;1866
9063639;4091725;38;True;male;6;False;True;2705576;7003
9063640;4091725;3;False;male;8;False;False;2705577;10490
9063641;4091725;9;False;female;8;False;False;2705578;7289
9063642;4091725;42;True;female;4;True;False;2705579;5138
9070775;4094837;58;True;male;3;True;False;2707787;3599
9073110;4095857;35;True;male;5;True;False;2708536;13541
9073923;4096224;31;False;female;8;True;False;2708775;10989
9073924;4096224;45;True;male;5;True;True;2708776;6474
9076620;4097409;59;True;male;6;True;False;2709634;17189
9076621;4097409;63;True;female;4;False;False;2709635;15221
9077499;4097791;29;False;female;8;False;False;2709925;5989
9077500;4097791;9;False;female;8;False;False;2709926;5849
9077501;4097791;6;False;male;8;False;False;2709927;5500
9079580;4098706;48;True;female;4;True;False;2710618;804
9079581;4098706;18;False;male;8;True;True;2710619;8803
9082404;4099896;40;True;male;6;True;False;2711459;7371
9083198;4100266;30;False;female;8;True;False;2711710;10644
9083199;4100266;3;False;male;8;False;False;2711711;16318
9083200;4100266;27;True;male;6;True;False;2711712;7880
9087812;4102323;31;True;female;3;True;True;2713182;8753
9094320;4105190;35;True;male;3;True;False;2715194;6754
9094321;4105190;31;True;female;3;True;True;2715195;9274
9094327;4105192;23;False;female;8;False;True;2715196;10197
9094328;4105192;13;False;female;8;False;False;2715197;6558
9094329;4105192;47;False;male;8;True;True;2715198;10083
9094330;4105192;45;True;female;5;False;True;2715199;5542
9094331;4105192;21;False;female;8;False;False;2715200;4294
9095409;4105680;37;True;male;2;True;False;2715551;6876
9095609;4105758;45;True;female;5;False;True;2715610;6155
9095610;4105758;53;True;male;5;True;True;2715611;17183
9100696;4107993;92;False;female;7;True;True;2717164;7764
9106876;4110639;50;True;male;3;True;False;2719095;17880
9106877;4110639;11;False;male;8;False;False;2719096;17677
9106878;4110639;49;True;female;2;False;False;2719097;6941
9106879;4110639;16;False;female;8;False;False;2719098;4294
9107753;4111059;78;False;female;7;True;True;2719372;7862
9109097;4111650;84;False;female;7;False;True;2719773;1023
9109098;4111650;85;False;female;7;True;True;2719774;8763
9110352;4112190;38;True;female;4;True;True;2720152;15183
9114584;4114054;32;True;male;3;True;False;2721499;323
9114585;4114054;31;True;female;3;True;False;2721500;4721
9116610;4114955;25;True;female;5;True;True;2722125;17410
9117120;4115199;35;True;female;5;True;True;2722287;2146
9118578;4115856;30;False;female;8;True;False;2722727;2687
9118579;4115856;60;True;male;3;True;False;2722728;2359
9120545;4116622;42;False;male;8;True;True;2723588;2204
9120546;4116622;66;False;female;7;False;True;2723589;1682
9120547;4116622;37;False;male;8;True;True;2723590;1956
9121922;4117180;58;True;male;4;True;False;2724056;4972
9122562;4117394;1;False;female;8;False;False;2724264;6880
9122563;4117394;35;True;female;6;True;False;2724265;10878
9122564;4117394;34;False;male;8;True;False;2724266;267
9122565;4117394;1;False;female;8;False;True;2724267;7341
9133841;4121335;87;True;male;6;False;False;2727901;731
9134735;4121655;46;True;male;6;False;False;2728211;2320
9134736;4121655;56;True;male;6;False;True;2728212;7462
9134737;4121655;43;True;male;6;False;True;2728213;2196
9136198;4122150;65;False;female;7;False;True;2728649;7662
9137311;4122618;21;True;male;4;False;False;2729002;1818
9137312;4122618;50;True;male;5;False;True;2729003;1107
9137313;4122618;52;True;female;5;True;True;2729004;14295
9137314;4122618;24;True;female;5;False;True;2729005;10909
9137315;4122618;1;False;male;8;False;False;2729006;7395
9143178;4124777;48;True;female;5;False;True;2730918;2167
9143179;4124777;16;False;male;8;False;True;2730919;5565
9143180;4124777;14;False;female;8;False;False;2730920;1410
9143181;4124777;20;False;male;8;False;False;2730921;4936
9143182;4124777;15;False;male;8;True;True;2730922;5475
9143183;4124777;17;False;female;8;True;True;2730923;790
9143184;4124777;82;False;male;7;True;True;2730924;6355
9144847;4125329;24;True;female;5;False;False;2731447;4157
9145135;4125456;9;False;female;8;False;False;2731552;6406
9145136;4125456;7;False;female;8;False;False;2731553;6527
9145137;4125456;40;True;male;6;True;True;2731554;5940
9146320;4125860;72;False;male;7;False;False;2731899;15067
9146321;4125860;63;True;female;5;False;False;2731900;17330
9146689;4125990;22;False;male;8;True;True;2732023;8016
9146690;4125990;20;False;female;8;False;True;2732024;2216
9146808;4126027;43;False;female;8;False;True;2732066;7115
9146809;4126027;8;False;female;8;False;False;2732067;4545
9146810;4126027;57;False;male;8;True;True;2732068;2473
9146811;4126027;5;False;male;8;False;True;2732069;5841
9146812;4126027;11;False;male;8;False;False;2732070;16940
9147084;4126135;48;True;male;6;True;False;2732169;4624
9149090;4126876;34;False;male;8;True;True;2732772;610
9149091;4126876;9;False;male;8;False;False;2732773;6470
9149092;4126876;5;False;male;8;False;False;2732774;8081
9153418;4128461;44;True;male;6;True;True;2734256;6050
9155742;4129345;76;False;male;7;False;True;2735033;6377
9157867;4130122;67;False;male;7;False;True;2735705;18204
9168023;4133827;25;False;female;8;False;False;2738951;6139
9168024;4133827;57;False;female;8;True;False;2738952;6250
9168025;4133827;59;True;male;2;True;False;2738953;759
9172664;4135467;63;False;male;8;True;True;2740421;1305
9173145;4135615;41;True;male;4;True;False;2740548;4150
9173146;4135615;5;False;male;8;False;True;2740549;5428
9173147;4135615;3;False;male;8;False;False;2740550;14813
9173148;4135615;63;True;male;6;True;False;2740551;13579
9173149;4135615;61;False;female;8;True;False;2740552;8542
9173150;4135615;24;False;male;8;False;True;2740553;11471
9175915;4136725;85;False;female;7;True;True;2741863;1165
9175916;4136725;86;False;male;7;True;False;2741864;154
9178640;4137793;68;False;female;7;True;False;2742688;7078
9178641;4137793;15;False;male;8;True;False;2742689;3345
9178642;4137793;25;True;female;5;True;True;2742690;17077
9178643;4137793;10;False;male;8;False;False;2742691;17672
9178644;4137793;17;False;male;8;False;True;2742692;3902
9178645;4137793;46;False;male;8;True;False;2742693;4125
9178646;4137793;16;False;male;8;True;False;2742694;5778
9187474;4141239;54;False;female;8;True;False;2745435;6250
9187475;4141239;20;False;female;8;False;True;2745436;13617
9189924;4142242;39;True;male;4;True;False;2746259;17830
9191482;4142848;67;False;female;7;True;False;2746739;5998
9191483;4142848;77;False;male;7;True;False;2746740;17008
9193048;4143419;60;True;female;3;True;False;2747234;2478
9193049;4143419;63;False;male;8;True;True;2747235;574
9193050;4143419;26;True;female;5;True;False;2747236;17239
9193051;4143419;21;False;female;8;True;True;2747237;2658
9195879;4144539;46;True;male;3;True;True;2748109;15211
9195880;4144539;47;True;male;4;True;False;2748110;17525
9197849;4145382;33;True;female;5;False;False;2748750;5902
9197850;4145382;3;False;male;8;False;False;2748751;3221
9197851;4145382;40;False;male;8;True;False;2748752;4203
9201359;4146825;55;True;male;5;True;False;2749827;4699
9201413;4146845;21;False;male;8;False;True;2749839;2661
9201414;4146845;50;True;male;5;True;False;2749840;13987
9201921;4147030;36;True;male;4;True;False;2749999;7954
9204395;4147990;22;False;female;8;False;False;2750744;2131
9204396;4147990;2;False;male;8;False;False;2750745;860
9204397;4147990;1;False;female;8;False;False;2750746;1410
9204398;4147990;23;False;male;8;False;True;2750747;7088
9204609;4148076;37;True;male;6;False;True;2750804;14085
9204610;4148076;22;False;female;8;False;True;2750805;8676
9205913;4148601;34;True;male;5;True;False;2751205;17580
9205914;4148601;30;True;female;5;False;True;2751206;7155
9205915;4148601;1;False;male;8;False;True;2751207;407
9207312;4149170;43;True;male;5;True;False;2751645;14283
9207313;4149170;72;False;male;7;True;True;2751646;7272
9207314;4149170;68;False;female;7;True;False;2751647;5886
9211056;4150723;16;False;male;8;False;True;2752831;9083
9211057;4150723;49;True;male;6;True;False;2752832;7020
9211058;4150723;20;False;male;8;False;True;2752833;5937
9211059;4150723;34;False;female;8;True;True;2752834;2101
9211060;4150723;14;False;male;8;False;False;2752835;9215
9211061;4150723;7;False;male;8;False;False;2752836;874
9213281;4151534;45;False;male;8;True;False;2753501;781
9213282;4151534;38;False;female;8;False;True;2753502;8826
9213283;4151534;5;False;male;8;False;False;2753503;16356
9213284;4151534;10;False;female;8;False;False;2753504;5981
9213285;4151534;8;False;female;8;False;False;2753505;5844
9213286;4151534;5;False;male;8;False;False;2753506;114
9216031;4152648;61;True;male;2;True;False;2754315;7838
9216032;4152648;56;True;female;4;True;True;2754316;548
9216033;4152648;25;True;female;3;True;True;2754317;917
9216034;4152648;20;False;male;8;False;True;2754318;6736
9216035;4152648;19;False;female;8;True;True;2754319;6119
9218152;4153537;79;False;male;7;True;False;2754974;7756
9218153;4153537;77;False;female;7;False;False;2754975;10979
9218798;4153812;73;False;male;7;True;False;2755184;6437
9222474;4155301;22;False;female;8;True;False;2756304;14277
9222475;4155301;64;True;male;4;True;False;2756305;682
9222476;4155301;59;False;female;8;False;False;2756306;14048
9222477;4155301;24;True;female;3;True;True;2756307;3802
9229109;4157914;40;False;female;8;True;False;2758306;2327
9229110;4157914;41;True;male;5;True;True;2758307;7405
9229111;4157914;9;False;female;8;False;False;2758308;6946
9229112;4157914;5;False;female;8;False;False;2758309;6880
9230566;4158453;87;False;male;7;True;True;2758746;6841
9232387;4159170;14;False;male;8;False;True;2759332;2516
9232388;4159170;2;False;female;8;False;False;2759333;6558
9232389;4159170;38;False;male;8;True;True;2759334;6972
9232390;4159170;38;False;female;8;True;False;2759335;15084
9242006;4162951;62;False;female;8;True;False;2762288;591
9245108;4164200;39;True;male;6;True;False;2763350;7452
9246633;4164786;29;True;female;6;False;True;2763817;10442
9252724;4167209;31;False;male;8;True;False;2765729;5304
9252725;4167209;58;False;female;8;True;False;2765730;8409
9252726;4167209;3;False;female;8;False;False;2765731;6880
9252727;4167209;61;False;male;7;True;False;2765732;5887
9252728;4167209;28;False;female;8;False;False;2765733;1948
9253056;4167320;32;False;female;8;True;False;2765834;7913
9253057;4167320;18;False;female;8;True;True;2765835;2587
9253058;4167320;10;False;male;8;False;False;2765836;16329
9253059;4167320;34;True;male;5;True;True;2765837;11467
9253060;4167320;68;False;male;7;True;False;2765838;6123
9253061;4167320;26;False;female;8;False;False;2765839;4294
9253879;4167617;40;True;female;3;True;True;2766083;1685
9253880;4167617;8;False;female;8;False;False;2766084;13742
9253881;4167617;14;False;male;8;False;False;2766085;5500
9255831;4168365;28;True;male;3;True;False;2766677;17316
9256071;4168448;70;False;male;7;True;False;2766745;6825
9257676;4169037;47;False;male;8;True;False;2767222;2704
9262511;4170906;24;False;male;8;False;True;2768670;11496
9262512;4170906;26;True;male;5;False;True;2768671;2339
9270978;4174142;28;False;female;8;True;True;2771291;2477
9278941;4177223;29;True;male;5;True;False;2773704;11210
9278942;4177223;55;True;female;5;True;False;2773705;6963
9278943;4177223;25;False;female;8;False;True;2773706;5582
9280646;4177895;27;False;male;8;False;True;2774191;15076
9282119;4178465;76;False;male;7;True;True;2774666;1393
9284940;4179560;52;False;female;8;True;False;2775531;2153
9284941;4179560;80;False;male;7;True;False;2775532;11102
9285763;4179854;24;True;male;5;False;True;2775771;2940
9285846;4179883;21;False;female;8;True;False;2775801;11196
9285847;4179883;60;False;female;8;True;True;2775802;3104
9286290;4180076;91;False;female;7;False;True;2775938;5059
9293149;4182751;26;True;male;5;True;False;2778094;7933
9294271;4183196;53;True;female;5;True;True;2778429;17487
9296055;4183868;57;True;female;4;True;False;2779005;8578
9296056;4183868;59;True;male;6;False;False;2779006;11199
9296061;4183871;95;False;female;7;False;False;2779007;14063
9297409;4184391;60;False;female;8;True;False;2779448;1199
9297410;4184391;23;True;male;6;True;False;2779449;3337
9297411;4184391;66;False;male;8;True;False;2779450;18052
9297412;4184391;25;False;male;8;False;False;2779451;8817
9297413;4184391;32;True;male;6;True;True;2779452;6050
9297414;4184391;32;True;male;6;False;False;2779453;6038
9297826;4184553;26;True;female;5;True;True;2779657;896
9298631;4184939;18;False;female;8;False;False;2779907;6139
9298632;4184939;50;True;male;5;True;False;2779908;8457
9298633;4184939;20;False;male;8;False;False;2779909;3069
9298634;4184939;14;False;male;8;False;False;2779910;7990
9298635;4184939;47;False;female;8;True;True;2779911;4446
9299173;4185229;52;False;male;8;False;False;2780108;2435
9299174;4185229;21;False;female;8;False;False;2780109;16552
9299175;4185229;17;False;female;8;True;True;2780110;3106
9299176;4185229;53;True;female;2;True;False;2780111;804
9302755;4186833;78;False;female;7;True;False;2781245;17852
9304898;4187881;44;True;male;4;True;False;2781936;16983
9307184;4188945;62;True;female;3;True;False;2782687;14584
9307185;4188945;62;True;male;6;True;False;2782688;14447
9307186;4188945;28;False;male;8;False;True;2782689;6286
9308045;4189339;17;False;female;8;False;True;2782968;176
9308046;4189339;51;True;male;6;True;False;2782969;10234
9308047;4189339;19;True;male;3;True;True;2782970;3914
9308048;4189339;10;False;female;8;False;False;2782971;6558
9308049;4189339;45;True;female;6;True;False;2782972;4938
9308050;4189339;5;False;female;8;False;True;2782973;6135
9308051;4189339;13;False;female;8;False;False;2782974;7289
9309067;4189798;25;False;female;8;False;True;2783280;4766
9310769;4190568;89;False;female;7;True;True;2783800;1862
9311985;4191149;83;False;female;7;False;False;2784168;7439
9312073;4191187;43;True;female;5;True;True;2784194;6258
9313259;4191748;79;False;male;7;True;True;2784564;1302
9313535;4191890;51;True;male;3;True;True;2784656;2399
9314711;4192421;34;True;male;6;False;True;2785018;7003
9314712;4192421;39;False;female;8;True;False;2785019;3905
9320325;4195037;11;False;male;8;False;False;2786763;8081
9320326;4195037;45;True;male;3;False;True;2786764;7462
9320330;4195040;52;True;female;5;True;False;2786766;5572
9320331;4195040;89;False;female;7;False;False;2786767;10979
9320410;4195089;80;False;female;7;True;False;2786797;9297
9323622;4196457;33;True;male;5;True;False;2787787;4436
9323623;4196457;28;False;female;8;False;True;2787788;8676
9324138;4196719;26;True;male;3;True;True;2787973;3121
9324139;4196719;54;True;female;3;True;False;2787974;8284
9324140;4196719;20;True;male;5;False;True;2787975;2940
9324141;4196719;28;False;female;8;False;True;2787976;10414
9324821;4197047;32;True;male;6;False;True;2788174;2196
9325276;4197292;36;True;male;3;True;True;2788332;2192
9326165;4197700;4;False;male;8;False;False;2788599;7395
9326166;4197700;43;True;female;3;True;True;2788600;5173
9326167;4197700;12;False;female;8;False;False;2788601;1930
9326168;4197700;15;False;female;8;False;True;2788602;1521
9326169;4197700;42;True;male;3;False;False;2788603;4505
9327005;4198029;31;True;female;3;True;False;2788858;5301
9327006;4198029;5;False;female;8;False;True;2788859;7341
9327007;4198029;65;True;male;5;True;False;2788860;5082
9327008;4198029;53;True;female;5;True;False;2788861;6424
9332193;4200348;31;False;female;8;True;True;2790482;3917
9332194;4200348;8;False;male;8;False;False;2790483;3727
9332195;4200348;24;True;female;5;False;True;2790484;5868
9332196;4200348;33;True;male;5;True;False;2790485;14901
9332197;4200348;28;True;male;2;True;False;2790486;6364
9332198;4200348;20;False;male;8;False;False;2790487;8715
9332199;4200348;65;True;male;6;True;True;2790488;5308
9332200;4200348;60;True;female;5;True;False;2790489;9181
9338537;4203207;38;True;male;5;False;True;2792463;10705
9341877;4204726;66;False;female;7;False;False;2793500;13389
9342613;4205032;44;True;female;5;True;False;2793732;639
9343181;4205340;30;True;female;4;True;False;2793904;6799
9343182;4205340;59;True;female;5;True;False;2793905;7410
9343183;4205340;59;True;male;5;True;True;2793906;4455
9343184;4205340;27;True;male;3;True;True;2793907;8540
9345100;4206135;53;True;male;6;False;True;2794492;7462
9347084;4207062;69;False;female;8;True;False;2795131;10268
9349672;4208301;53;True;female;5;True;False;2795986;5617
9349673;4208301;24;True;male;4;True;False;2795987;4440
9349674;4208301;27;True;male;5;True;True;2795988;7135
9350501;4208716;87;False;female;7;False;True;2796245;1625
9351295;4209061;30;True;female;5;False;True;2796511;5663
9351296;4209061;60;True;female;5;True;True;2796512;4123
9351297;4209061;21;True;female;5;False;True;2796513;14140
9354384;4210401;63;True;female;5;False;True;2797489;2461
9355379;4210832;37;True;male;3;True;False;2797798;10366
9355380;4210832;5;False;female;8;False;False;2797799;6829
9355756;4210995;31;False;male;8;True;False;2797907;11744
9355757;4210995;36;False;female;8;True;False;2797908;3485
9355758;4210995;62;False;female;8;True;False;2797909;163
9355759;4210995;70;False;male;7;True;False;2797910;6263
9355760;4210995;32;True;female;4;True;False;2797911;17902
9356164;4211147;34;False;female;8;False;True;2798023;11225
9356165;4211147;28;False;male;8;False;True;2798024;1578
9356166;4211147;42;False;male;8;True;False;2798025;4045
9356757;4211412;28;True;male;3;True;True;2798208;1918
9356758;4211412;25;False;female;8;False;False;2798209;4633
9356832;4211440;94;False;female;7;False;True;2798230;1459
9356833;4211441;42;True;male;3;True;False;2798231;4286
9360081;4212977;46;True;female;3;True;True;2799260;2391
9360242;4213054;39;True;male;6;True;True;2799323;5940
9362751;4214208;88;False;female;7;False;False;2800096;2046
9364377;4214918;80;False;male;7;True;True;2800576;5731
9364378;4214918;70;True;female;6;True;False;2800577;10478
9365162;4215285;44;False;female;8;True;True;2800838;1449
9366068;4215676;1;False;female;8;False;True;2801130;7341
9366069;4215676;34;True;male;3;True;False;2801131;323
9366070;4215676;33;True;female;3;True;False;2801132;7684
9368125;4216588;34;True;male;3;False;False;2801779;4505
9371294;4218067;15;False;male;8;False;False;2802823;17649
9371295;4218067;40;False;male;8;True;False;2802824;7887
9371296;4218067;43;True;female;5;True;True;2802825;5698
9372300;4218557;39;True;female;6;True;True;2803149;11304
9372301;4218557;41;True;male;6;True;False;2803150;7233
9373940;4219333;86;False;female;7;True;False;2803690;660
9379673;4222056;22;False;female;8;False;True;2805496;1521
9380139;4222268;33;True;male;4;True;False;2805652;17814
9380925;4222672;81;True;male;3;True;False;2805915;15158
9382494;4223403;12;False;female;8;False;False;2806413;6880
9382495;4223403;17;False;male;8;False;True;2806414;10953
9382496;4223403;12;False;female;8;False;True;2806415;7341
9382497;4223403;52;True;female;5;True;False;2806416;7384
9382498;4223403;60;False;male;8;True;False;2806417;10431
9382499;4223403;25;True;male;6;False;True;2806418;3142
9383299;4223750;13;False;male;8;False;False;2806652;2141
9383300;4223750;17;False;female;8;False;False;2806653;6607
9383301;4223750;11;False;male;8;False;False;2806654;860
9383302;4223750;9;False;male;8;False;False;2806655;2248
9383303;4223750;34;False;female;8;False;True;2806656;5907
9384730;4224381;31;True;male;3;True;True;2807112;5017
9384731;4224381;31;True;female;3;True;True;2807113;14917
9388960;4226268;68;True;male;5;True;False;2808399;15127
9388961;4226268;37;True;male;2;True;False;2808400;1637
9388962;4226268;66;False;female;7;True;False;2808401;6306
9389910;4226674;44;False;male;8;True;False;2808701;4045
9389911;4226674;6;False;male;8;False;False;2808702;4857
9389912;4226674;9;False;male;8;False;False;2808703;4982
9391292;4227280;61;False;female;8;True;False;2809137;163
9391512;4227367;51;False;female;8;False;False;2809212;3417
9391513;4227367;53;True;male;6;True;False;2809213;14397
9393170;4228118;30;True;female;3;True;True;2809757;889
9393171;4228118;32;True;female;3;True;False;2809758;486
9394854;4228911;63;False;female;7;True;False;2810284;5765
9396831;4229855;80;False;female;7;True;True;2810905;5000
9397976;4230403;17;False;female;8;True;True;2811261;2658
9397977;4230403;65;True;male;4;True;False;2811262;2359
9398594;4230664;39;True;male;6;True;False;2811451;6870
9399362;4231002;7;False;male;8;False;False;2811685;2248
9399363;4231002;34;False;female;8;True;True;2811686;5277
9399364;4231002;41;False;male;8;False;True;2811687;2196
9400464;4231487;71;False;female;7;False;False;2812025;714
9403588;4232932;59;True;female;4;True;False;2813014;1642
9403589;4232932;21;False;male;8;True;True;2813015;8195
9403590;4232932;65;True;male;3;True;False;2813016;14241
9403591;4232932;27;False;male;8;False;True;2813017;3902
9404864;4233498;59;True;male;6;True;False;2813423;9094
9404865;4233498;71;False;female;7;False;False;2813424;5809
9408859;4235113;62;True;female;5;False;False;2815138;17020
9408860;4235113;67;False;male;7;True;True;2815139;15078
9412510;4236638;27;True;male;4;True;False;2816267;748
9413965;4237184;52;True;male;3;True;False;2816740;735
9418205;4238853;77;False;female;7;True;False;2818051;2783
9419019;4239189;68;True;female;3;True;False;2818305;2826
9419474;4239376;29;True;male;3;True;False;2818428;5051
9419475;4239376;31;True;male;3;True;True;2818429;11116
9419476;4239376;30;False;male;8;True;False;2818430;8266
9419685;4239466;10;False;male;8;False;False;2818509;561
9419686;4239466;30;True;female;4;True;False;2818510;11536
9419687;4239466;5;False;female;8;False;True;2818511;6674
9419688;4239466;1;False;female;8;False;False;2818512;7016
9420574;4239830;36;True;male;5;True;False;2818771;8153
9420654;4239882;4;False;female;8;False;False;2818794;633
9420655;4239882;40;True;male;3;False;True;2818795;1204
9420656;4239882;6;False;female;8;False;False;2818796;14552
9420657;4239882;2;False;female;8;False;False;2818797;5849
9420658;4239882;41;True;female;3;True;True;2818798;818
9421358;4240203;30;True;male;6;True;True;2819056;14044
9421442;4240229;28;False;female;8;False;False;2819079;16552
9421443;4240229;8;False;female;8;False;False;2819080;7484
9421444;4240229;6;False;female;8;False;False;2819081;15171
9421445;4240229;2;False;male;8;False;True;2819082;17892
9421446;4240229;18;False;male;8;False;True;2819083;14128
9421447;4240229;48;True;male;5;True;True;2819084;870
9422295;4240612;41;True;female;3;True;True;2819335;1241
9424856;4241713;70;False;male;7;True;True;2820154;8830
9426364;4242389;29;True;male;5;True;True;2820644;17340
9427867;4242979;52;False;male;8;True;False;2821089;14801
9429395;4243582;16;False;female;8;True;True;2821550;8669
9429396;4243582;10;False;male;8;False;True;2821551;13403
9429397;4243582;17;False;female;8;False;False;2821552;7417
9429398;4243582;41;True;female;3;True;False;2821553;1265
9429399;4243582;12;False;male;8;False;False;2821554;680
9429400;4243582;8;False;female;8;False;False;2821555;7016
9430221;4243922;22;False;female;8;False;True;2821817;7073
9430222;4243922;27;True;male;6;True;True;2821818;1237
9430223;4243922;1;False;female;8;False;False;2821819;14607
9430946;4244250;42;True;male;4;True;True;2822020;5460
9433536;4245368;63;True;male;5;True;False;2822837;14190
9434953;4245998;19;True;female;5;True;True;2823289;11386
9434954;4245998;47;True;female;3;True;False;2823290;5183
9434955;4245998;45;True;male;3;True;False;2823291;4622
9434956;4245998;16;False;female;8;False;True;2823292;14151
9434957;4245998;11;False;female;8;False;False;2823293;6527
9438694;4247453;52;True;male;4;True;False;2824461;437
9439036;4247634;68;False;female;7;False;True;2824581;944
9439037;4247634;67;False;female;8;False;True;2824582;2265
9439038;4247634;68;False;female;8;True;True;2824583;1415
9440841;4248369;37;True;male;4;True;True;2825130;670
9441657;4248736;65;False;male;7;True;False;2825379;6238
9441658;4248736;58;True;female;5;False;False;2825380;5465
9444111;4249772;20;False;female;8;False;True;2826109;2358
9444228;4249827;30;False;female;8;True;False;2826148;15847
9444229;4249827;3;False;male;8;False;True;2826149;5428
9444230;4249827;3;False;female;8;False;True;2826150;7341
9444231;4249827;34;True;male;2;True;False;2826151;6667
9444232;4249827;6;False;male;8;False;False;2826152;15948
9445148;4250218;46;True;male;6;True;False;2826424;6853
9445149;4250218;11;False;male;8;False;False;2826425;11650
9445150;4250218;13;False;female;8;False;False;2826426;6280
9445151;4250218;14;False;male;8;False;False;2826427;3020
9447302;4251131;60;True;female;3;False;False;2827068;3604
9447303;4251131;67;False;male;7;True;False;2827069;3665
9449010;4251780;58;True;female;4;True;False;2827573;2365
9449011;4251780;63;False;male;7;True;True;2827574;7272
9449012;4251780;32;True;female;3;True;False;2827575;6218
9449562;4251991;43;True;male;5;True;False;2827743;18061
9449701;4252053;6;False;female;8;False;False;2827780;6829
9449702;4252053;13;False;male;8;False;False;2827781;7990
9449703;4252053;55;False;male;8;True;False;2827782;4967
9449704;4252053;49;False;female;8;True;False;2827783;2153
9449705;4252053;26;False;female;8;True;False;2827784;9912
9449706;4252053;18;False;female;8;True;True;2827785;6119
9450474;4252319;31;True;female;3;True;False;2828013;16898
9450475;4252319;29;True;male;3;True;False;2828014;5051
9452350;4253079;26;True;female;5;False;False;2828623;4157
9457227;4255099;34;True;female;3;True;True;2830102;1975
9462460;4257299;7;False;male;8;False;True;2831662;6233
9462461;4257299;36;False;female;8;True;True;2831663;1686
9462462;4257299;4;False;male;8;False;False;2831664;3221
9462463;4257299;47;True;male;2;True;False;2831665;18066
9462778;4257444;66;False;male;7;False;False;2831752;14383
9463863;4257939;59;True;male;6;False;False;2832079;5271
9463864;4257939;52;False;female;8;False;False;2832080;16796
9465591;4258638;56;True;female;5;True;False;2832642;5619
9465592;4258638;24;False;male;8;True;False;2832643;6700
9467363;4259426;13;False;male;8;False;False;2833171;4874
9467364;4259426;54;False;female;8;True;False;2833172;17678
9467365;4259426;49;True;male;6;True;True;2833173;898
9467868;4259664;70;True;male;5;True;False;2833315;13715
9469465;4260336;20;False;male;8;False;False;2833818;8715
9469466;4260336;58;True;male;5;True;False;2833819;8457
9469467;4260336;60;True;female;5;False;False;2833820;10226
9470337;4260647;66;True;female;5;True;True;2834070;1920
9470338;4260647;67;False;male;7;True;False;2834071;5887
9470339;4260647;36;False;male;8;True;False;2834072;17255
9472137;4261410;57;True;female;6;True;False;2834586;5591
9472138;4261410;19;False;male;8;True;True;2834587;4867
9472139;4261410;76;False;male;7;True;False;2834588;1538
9472144;4261413;46;False;female;8;True;True;2834589;1586
9474012;4262216;38;True;male;5;False;True;2835174;4081
9476480;4263237;42;False;female;8;False;True;2835947;7248
9477626;4263701;25;False;male;8;False;True;2836298;6058
9477627;4263701;48;True;male;4;True;False;2836299;18074
9477628;4263701;23;True;male;3;True;True;2836300;8540
9477629;4263701;44;True;female;3;True;False;2836301;7684
9477630;4263701;67;False;female;8;True;False;2836302;3569
9477631;4263701;69;False;male;7;True;False;2836303;5887
9478400;4263984;73;False;female;7;True;False;2836507;5571
9478401;4263984;79;False;male;7;True;False;2836508;5766
9481901;4265451;22;True;female;5;True;True;2837573;896
9482190;4265567;56;False;female;8;False;False;2837672;6412
9486058;4267260;50;False;male;8;True;False;2838862;6213
9486067;4267265;18;False;male;8;False;True;2838864;1578
9486068;4267265;24;True;male;4;False;True;2838865;1888
9486069;4267265;52;True;female;3;True;True;2838866;8388
9488835;4268396;39;False;male;8;True;True;2839721;5283
9488836;4268396;69;False;female;8;False;False;2839722;8854
9488837;4268396;75;False;male;8;True;False;2839723;1538
9495819;4271334;50;True;female;6;True;False;2841868;4269
9495820;4271334;19;False;female;8;False;True;2841869;6043
9497315;4271954;18;False;male;8;False;False;2842352;1810
9497316;4271954;50;True;male;5;True;False;2842353;17696
9497317;4271954;46;True;female;5;True;False;2842354;6424
9498962;4272611;63;True;female;6;True;False;2842858;14313
9498963;4272611;69;True;male;6;True;False;2842859;8384
9498964;4272611;90;False;female;7;True;False;2842860;1856
9500661;4273351;60;True;female;5;True;True;2843388;17479
9505996;4275547;7;False;female;8;False;True;2845034;5667
9505997;4275547;44;True;male;4;True;True;2845035;5460
9505998;4275547;39;False;female;8;True;False;2845036;15084
9511392;4277816;40;False;male;8;True;True;2846760;6972
9513808;4278801;4;False;male;8;False;False;2847465;16346
9513809;4278801;2;False;male;8;False;True;2847466;1659
9513810;4278801;49;True;male;6;True;False;2847467;11814
9513811;4278801;39;False;female;8;True;False;2847468;15236
9516579;4279861;12;False;female;8;False;False;2848313;7092
9516580;4279861;34;True;female;5;True;True;2848314;1124
9516581;4279861;5;False;female;8;False;False;2848315;15171
9516582;4279861;39;True;male;2;False;True;2848316;7096
9516583;4279861;13;False;male;8;False;False;2848317;11349
9520813;4281703;48;False;male;8;True;True;2850092;1923
9520814;4281703;16;False;female;8;True;True;2850093;1780
9520815;4281703;48;True;female;4;False;False;2850094;2012
9520816;4281703;21;True;male;6;True;False;2850095;7880
9524180;4283199;89;False;female;7;False;False;2851132;10407
9526194;4284156;21;False;female;8;False;False;2851754;4294
9526195;4284156;25;False;male;8;False;True;2851755;14266
9526196;4284156;52;True;female;4;True;False;2851756;1980
9526370;4284234;21;False;male;8;False;True;2851805;11471
9526371;4284234;23;True;female;4;True;False;2851806;16978
9526372;4284234;53;True;female;4;True;False;2851807;1642
9526373;4284234;29;True;male;5;True;False;2851808;7933
9526374;4284234;71;False;female;8;False;False;2851809;10226
9526657;4284380;27;False;male;8;True;True;2851904;1284
9526658;4284380;78;False;male;8;True;True;2851905;1393
9528189;4285090;23;True;male;6;True;False;2852382;11469
9530229;4286040;59;True;female;6;True;True;2853019;3518
9537735;4289761;46;True;female;3;True;True;2855332;13582
9542176;4291817;36;False;female;8;False;True;2856710;17698
9549336;4295301;31;True;female;4;True;True;2858958;2165
9550222;4295715;41;False;female;8;True;False;2859221;2687
9551091;4296161;30;False;female;8;True;False;2859505;8246
9551092;4296161;2;False;male;8;False;True;2859506;8597
9551093;4296161;29;True;male;6;True;False;2859507;11441
9552050;4296672;76;False;female;7;False;True;2859811;5115
9553020;4297100;53;True;male;3;False;False;2860115;1812
9553021;4297100;58;True;female;5;False;True;2860116;5177
9567789;4304209;54;True;female;6;True;False;2864815;804
9569674;4305110;12;False;female;8;False;False;2865417;7632
9569675;4305110;16;False;female;8;False;False;2865418;7326
9569676;4305110;57;True;male;4;True;True;2865419;7617
9569677;4305110;54;True;female;5;True;True;2865420;11374
9569872;4305192;23;False;female;8;False;False;2865480;1708
9570823;4305604;24;False;female;8;False;False;2865770;3123
9573117;4306660;55;True;male;3;True;True;2866519;946
9575379;4307736;53;True;male;3;True;False;2867238;14873
9575380;4307736;50;True;female;3;True;False;2867239;17273
9575381;4307736;19;False;male;8;False;True;2867240;15972
9575382;4307736;16;False;male;8;True;True;2867241;10169
9576844;4308430;21;False;male;8;True;True;2867677;699
9577783;4308907;81;False;male;7;True;False;2867968;4308
9579982;4309922;89;False;female;7;False;False;2868658;1202
9580159;4310002;27;True;male;3;False;True;2868705;11496
9580723;4310221;25;True;female;4;True;True;2868880;6723
9580724;4310221;22;True;male;4;True;True;2868881;728
9581468;4310504;59;True;female;5;True;False;2869095;369
9581469;4310504;58;False;male;8;True;False;2869096;5047
9583949;4311626;71;False;female;7;False;False;2869867;6843
9585723;4312485;28;True;male;5;True;True;2870432;17340
9585724;4312485;30;True;female;5;True;True;2870433;7548
9586240;4312734;22;True;female;5;False;False;2870604;11136
9586241;4312734;27;True;male;3;False;True;2870605;15076
9587161;4313157;26;True;female;3;True;True;2870898;820
9587162;4313157;25;True;female;3;False;True;2870899;7471
9587336;4313238;47;True;male;3;False;False;2870959;7363
9589605;4314329;24;False;female;8;False;True;2871659;8676
9591117;4315043;56;True;female;4;True;False;2872133;1247
9591118;4315043;27;True;male;6;True;False;2872134;11441
9594914;4316849;57;False;female;8;True;False;2873261;8698
9594915;4316849;59;True;male;3;True;True;2873262;1108
9594916;4316849;31;True;male;3;True;False;2873263;4144
9595977;4317358;49;True;male;5;True;False;2873593;8413
9598747;4318738;44;True;male;6;True;False;2874449;14059
9598748;4318738;39;False;female;8;True;True;2874450;3917
9598845;4318789;72;False;male;7;True;False;2874478;11458
9598846;4318789;72;False;female;7;False;True;2874479;1289
9600015;4319402;87;False;female;8;False;False;2874858;1610
9600617;4319730;76;False;female;7;False;False;2875060;17179
9601241;4320002;70;False;male;7;False;False;2875257;468
9603925;4321265;62;True;male;6;True;False;2876109;17448
9603926;4321265;23;False;female;8;False;False;2876110;1533
9603927;4321265;50;True;female;5;True;False;2876111;8662
9603928;4321265;18;False;male;8;False;True;2876112;8070
9603929;4321265;22;True;male;5;True;False;2876113;6536
9605683;4322078;63;True;male;3;True;False;2876647;5203
9605684;4322078;32;True;female;5;True;True;2876648;7494
9605685;4322078;63;False;female;7;True;True;2876649;7640
9606809;4322579;28;True;female;5;False;True;2876998;2184
9608436;4323391;62;True;male;5;False;False;2877511;14383
9608437;4323391;58;False;female;8;True;False;2877512;1437
9608438;4323391;27;True;female;4;True;False;2877513;8773
9608439;4323391;24;True;female;5;False;True;2877514;17485
9609401;4323820;9;False;male;8;False;True;2877805;8597
9609402;4323820;44;True;female;3;True;True;2877806;4990
9609403;4323820;15;False;male;8;True;False;2877807;4724
9609404;4323820;12;False;male;8;False;False;2877808;7704
9609405;4323820;47;True;male;3;True;False;2877809;7917
9613087;4325570;39;True;female;5;False;True;2878940;7138
9613088;4325570;18;False;male;8;False;False;2878941;13360
9613089;4325570;13;False;male;8;False;False;2878942;6346
9613090;4325570;20;True;male;4;False;True;2878943;1888
9613091;4325570;6;False;male;8;False;False;2878944;6715
9613451;4325721;32;True;male;3;True;False;2879018;6414
9615021;4326489;65;False;male;7;True;False;2879493;8261
9615022;4326489;66;False;female;7;True;True;2879494;7640
9615023;4326489;27;True;male;4;False;True;2879495;1286
9617107;4327449;63;False;female;8;True;False;2880444;3118
9617108;4327449;67;False;male;7;True;False;2880445;7419
9617643;4327687;81;False;female;7;True;False;2880626;1824
9618712;4328174;63;False;female;7;True;False;2880960;7586
9618713;4328174;27;True;male;3;True;True;2880961;4477
9619067;4328330;62;False;male;8;True;False;2881077;7838
9620231;4328861;87;False;female;7;True;False;2881429;17852
9624550;4330678;57;False;female;8;False;True;2882817;2167
9624551;4330678;38;True;female;5;True;True;2882818;6475
9630355;4333131;4;False;male;8;False;False;2884652;8651
9630356;4333131;36;True;male;4;True;True;2884653;17126
9630357;4333131;36;True;female;3;True;True;2884654;7782
9634862;4335106;9;False;male;8;False;True;2886098;7512
9634863;4335106;49;False;female;8;True;False;2886099;10939
9640703;4337918;43;False;male;8;True;True;2888021;572
9645943;4340402;42;True;female;4;True;True;2889672;7561
9648343;4341520;75;False;female;7;True;False;2890390;17852
9650598;4342602;46;True;female;6;True;False;2891102;8018
9650599;4342602;20;False;male;8;False;True;2891103;6518
9650600;4342602;48;True;male;6;True;False;2891104;1546
9650601;4342602;16;False;female;8;False;True;2891105;7752
9650602;4342602;12;False;female;8;False;False;2891106;8783
9650603;4342602;11;False;female;8;False;True;2891107;8739
9650604;4342602;5;False;female;8;False;False;2891108;8586
9651713;4343166;47;True;male;3;True;True;2891490;5517
9651714;4343166;11;False;male;8;False;False;2891491;7594
9651715;4343166;17;False;female;8;False;True;2891492;16553
9651716;4343166;47;True;female;4;True;True;2891493;3209
9652410;4343488;52;True;male;6;True;False;2891686;5060
9652411;4343488;17;False;male;8;False;True;2891687;14027
9652412;4343488;56;True;female;3;True;True;2891688;3447
9653389;4343973;83;False;female;7;False;False;2892022;2973
9653390;4343973;72;False;male;7;True;False;2892023;8423
9659577;4346945;24;True;male;3;False;True;2893932;1578
9659578;4346945;13;False;male;8;False;True;2893933;1292
9659579;4346945;51;True;female;2;False;True;2893934;4531
9659580;4346945;52;True;male;4;False;True;2893935;5079
9660769;4347543;84;False;female;7;False;False;2894330;2255
9660770;4347543;81;False;male;7;True;False;2894331;1538
9664957;4349638;23;True;male;6;False;False;2895678;6661
9667783;4350946;54;False;female;8;True;True;2896542;18138
9667784;4350946;57;True;male;3;True;False;2896543;14873
9667785;4350946;13;False;female;8;False;False;2896544;8334
9667786;4350946;16;False;female;8;False;False;2896545;10475
9676335;4354911;70;False;female;7;False;False;2899274;8665
9676336;4354911;71;False;male;7;True;False;2899275;7926
9679109;4356239;62;False;female;7;True;False;2900148;7590
9684354;4358712;70;False;female;7;True;False;2901853;7541
9684355;4358712;71;False;male;7;True;False;2901854;8798
9686571;4359779;38;True;female;5;True;False;2902523;8482
9686572;4359779;12;False;female;8;False;False;2902524;8211
9686573;4359779;7;False;female;8;False;True;2902525;8739
9686574;4359779;40;True;male;3;True;False;2902526;1756
9687012;4359989;27;True;male;3;True;True;2902659;8540
9687013;4359989;53;False;female;8;True;False;2902660;1497
9688813;4360805;2;False;female;8;False;False;2903251;8240
9688814;4360805;47;True;male;3;True;True;2903252;2256
9688815;4360805;47;True;female;3;True;True;2903253;14463
9690151;4361495;57;True;male;3;True;False;2903699;17880
9692556;4362599;68;True;male;3;True;False;2904453;2299
9694105;4363326;84;False;female;7;False;True;2904950;386
9694106;4363326;93;False;male;7;True;True;2904951;6375
9694556;4363528;48;True;female;3;True;False;2905093;977
9694557;4363528;8;False;male;8;False;False;2905094;5708
9694558;4363528;12;False;male;8;False;False;2905095;7320
9694559;4363528;47;True;male;4;True;False;2905096;4972
9697130;4364698;59;True;female;3;True;False;2905911;10604
9697131;4364698;60;True;male;3;True;True;2905912;901
9697870;4365022;26;True;female;5;True;False;2906340;5897
9697871;4365022;34;True;male;6;True;False;2906341;807
9697872;4365022;3;False;female;8;False;False;2906342;13742
9698188;4365178;34;True;male;3;True;False;2906449;6604
9700522;4366144;37;False;male;8;False;False;2907179;14055
9700523;4366144;32;False;female;8;True;True;2907180;17193
9700524;4366144;1;False;female;8;False;False;2907181;11149
9700853;4366280;60;True;female;4;True;False;2907290;5661
9703976;4367708;17;False;male;8;True;True;2908339;10169
9703977;4367708;10;False;female;8;False;False;2908340;7725
9703978;4367708;38;True;female;6;True;False;2908341;10644
9704055;4367731;41;True;female;4;False;False;2908358;8289
9704056;4367731;45;True;male;6;False;True;2908359;7101
9708507;4369705;69;True;male;4;True;True;2909749;846
9709058;4370005;63;False;female;7;False;False;2909927;8665
9709552;4370196;46;True;male;4;True;False;2910071;2817
9709553;4370196;35;True;female;4;True;False;2910072;17111
9709998;4370384;62;True;male;6;True;False;2910220;4611
9709999;4370384;84;False;female;7;False;False;2910221;8517
9710000;4370384;76;False;male;7;True;False;2910222;4429
9712523;4371593;19;False;female;8;False;True;2911086;3374
9712524;4371593;6;False;female;8;False;False;2911087;8329
9712525;4371593;12;False;female;8;False;True;2911088;8739
9712526;4371593;17;False;male;8;True;True;2911089;2239
9712527;4371593;52;True;male;6;True;False;2911090;7873
9712528;4371593;39;True;female;6;True;True;2911091;17762
9713442;4372013;40;True;male;5;True;False;2911396;6726
9716662;4373507;84;False;male;7;True;False;2912390;17584
9716663;4373507;79;False;female;7;True;False;2912391;9223
9720805;4375334;74;False;male;7;True;True;2913767;7853
9720806;4375334;68;False;female;8;True;True;2913768;1212
9720807;4375334;32;True;male;3;True;True;2913769;2617
9720808;4375334;28;True;male;3;True;False;2913770;3628
9721629;4375702;71;False;female;7;True;True;2914010;7581
9721630;4375702;74;False;male;7;True;False;2914011;7531
9722540;4376073;37;True;male;3;True;True;2914290;3032
9722541;4376073;6;False;male;8;False;False;2914291;8846
9722542;4376073;5;False;male;8;False;False;2914292;8770
9722543;4376073;28;False;female;8;False;True;2914293;3081
9723124;4376328;74;False;female;7;True;True;2914487;763
9727518;4378230;49;True;male;6;True;False;2915847;3781
9727519;4378230;22;False;female;8;False;True;2915848;1217
9727520;4378230;48;False;female;8;True;False;2915849;804
9727682;4378301;60;True;male;4;True;True;2915903;8877
9727683;4378301;55;True;male;4;False;True;2915904;4825
9739734;4383579;40;True;male;6;True;False;2919784;807
9741056;4384155;47;True;male;6;True;True;2920200;15213
9742524;4384803;59;True;male;2;True;False;2920624;11490
9742525;4384803;57;True;female;4;True;True;2920625;2711
9749001;4387535;53;True;female;5;True;False;2922955;11600
9749002;4387535;25;True;female;5;False;False;2922956;17910
9749003;4387535;23;False;male;8;False;True;2922957;6736
9749004;4387535;53;True;male;3;False;False;2922958;1812
9752070;4388920;26;True;female;3;False;True;2923956;4155
9756660;4390900;57;True;female;4;True;True;2925337;3209
9756661;4390900;63;False;male;7;True;False;2925338;8261
9756662;4390900;19;False;male;8;False;False;2925339;6889
9756663;4390900;20;True;male;6;True;False;2925340;17005
9760316;4392407;65;False;male;8;True;True;2926554;2633
9760317;4392407;63;True;female;6;True;False;2926555;11245
9761234;4392775;44;True;male;4;True;True;2926861;432
9762623;4393398;20;False;male;8;False;True;2927295;2228
9762624;4393398;51;True;female;3;True;True;2927296;3447
9762625;4393398;50;True;male;2;True;False;2927297;8756
9762626;4393398;2;False;male;8;False;False;2927298;7990
9763300;4393713;35;True;male;5;False;True;2927537;4608
9763301;4393713;12;False;female;8;False;False;2927538;15171
9763302;4393713;34;True;female;5;False;True;2927539;14303
9763303;4393713;1;False;female;8;False;False;2927540;11149
9763428;4393771;48;True;female;4;True;True;2927568;4554
9763429;4393771;12;False;female;8;False;False;2927569;7484
9763430;4393771;42;True;male;3;False;False;2927570;4505
9765830;4394870;7;False;male;8;False;False;2928383;7990
9765831;4394870;44;False;male;8;True;False;2928384;3821
9767289;4395511;36;True;male;3;True;False;2928865;1477
9767290;4395511;33;True;female;3;True;True;2928866;3053
9767291;4395511;2;False;female;8;False;False;2928867;8553
9767292;4395511;6;False;male;8;False;True;2928868;8597
9769246;4396370;48;True;male;3;True;True;2929483;5434
9769247;4396370;43;True;female;3;True;False;2929484;7684
9769248;4396370;15;False;male;8;False;False;2929485;14691
9769249;4396370;11;False;male;8;False;False;2929486;7990
9771346;4397286;49;True;female;4;True;True;2930139;8109
9771347;4397286;50;True;male;6;True;True;2930140;7056
9771348;4397286;18;False;male;8;False;False;2930141;1238
9771349;4397286;8;False;female;8;False;False;2930142;7608
9772594;4397850;64;False;female;7;True;False;2930542;701
9772595;4397850;63;True;male;3;False;False;2930543;1439
9781828;4401722;59;True;male;3;True;True;2933518;2256
9782317;4401947;70;False;female;7;False;True;2933700;1289
9792186;4406339;93;False;male;7;True;True;2936934;6015
9792607;4406551;63;False;female;7;False;False;2937068;14876
9792784;4406653;36;True;male;2;True;False;2937125;7716
9792785;4406653;46;True;female;5;True;False;2937126;6392
9793455;4406944;75;True;female;5;True;True;2937327;5000
9793571;4406997;57;True;female;3;True;False;2937357;6937
9793572;4406997;64;True;male;2;False;False;2937358;4340
9794175;4407241;50;True;male;3;True;False;2937566;8392
9794176;4407241;9;False;female;8;False;False;2937567;8583
9794177;4407241;47;True;male;4;True;True;2937568;14257
9794178;4407241;4;False;male;8;False;True;2937569;7512
9794179;4407241;7;False;male;8;False;False;2937570;7990
9798073;4408933;2;False;male;8;False;False;2938956;7820
9798074;4408933;31;True;male;3;True;False;2938957;4144
9798075;4408933;26;True;female;3;True;True;2938958;4736
9799800;4409687;38;True;female;4;True;False;2939561;13255
9799801;4409687;9;False;male;8;False;False;2939562;8469
9800120;4409810;39;True;male;5;True;False;2939677;2066
9802564;4410807;75;False;female;7;False;False;2940448;5712
9803363;4411178;17;False;male;8;False;False;2940725;13360
9803364;4411178;52;True;female;5;False;False;2940726;6351
9806409;4412492;58;True;male;3;True;False;2941703;9941
9806410;4412492;58;True;female;5;True;True;2941704;5968
9806918;4412731;81;False;male;7;True;True;2941868;1393
9807979;4413193;2;False;female;8;False;False;2942172;15171
9807980;4413193;27;False;female;8;False;True;2942173;6025
9807981;4413193;30;False;female;8;True;True;2942174;2165
9807982;4413193;33;True;female;4;True;True;2942175;2926
9807983;4413193;2;False;male;8;False;True;2942176;5841
9817145;4417199;50;True;male;5;True;True;2945088;4869
9817146;4417199;40;False;male;8;True;False;2945089;15878
9825212;4420805;69;False;female;7;False;False;2947682;8487
9825970;4421101;59;True;female;3;True;True;2947885;8202
9825971;4421101;22;False;male;8;False;True;2947886;5292
9826770;4421409;48;True;female;3;True;False;2948122;8214
9826771;4421409;50;True;male;3;True;True;2948123;17691
9826772;4421409;14;False;male;8;False;False;2948124;7990
9826773;4421409;10;False;male;8;False;False;2948125;7594
9827268;4421616;79;False;male;7;True;False;2948266;2757
9827269;4421616;77;False;female;7;True;False;2948267;14875
9827992;4421904;48;True;male;3;True;False;2948496;1668
9827993;4421904;15;False;female;8;False;True;2948497;4467
9827994;4421904;10;False;female;8;False;True;2948498;8739
9828338;4422055;11;False;female;8;False;False;2948619;13742
9828339;4422055;8;False;male;8;False;False;2948620;4982
9828340;4422055;38;True;female;5;False;True;2948621;8780
9828341;4422055;41;True;male;3;False;False;2948622;4505
9830097;4422704;46;False;male;8;True;True;2949157;5451
9830098;4422704;11;False;female;8;False;True;2949158;8739
9830099;4422704;9;False;male;8;False;False;2949159;7990
9830100;4422704;45;True;female;4;True;True;2949160;11754
9833523;4424199;33;False;female;8;False;True;2950232;1851
9833524;4424199;4;False;male;8;False;False;2950233;1803
9833525;4424199;5;False;female;8;False;False;2950234;14607
9833526;4424199;2;False;female;8;False;False;2950235;11149
9834647;4424704;86;False;male;7;True;False;2950557;1561
9839005;4426505;72;False;female;7;True;False;2951896;7965
9839006;4426505;44;True;female;4;True;False;2951897;10721
9841168;4427424;11;False;female;8;False;False;2952565;8783
9841169;4427424;46;True;female;4;True;False;2952566;575
9841170;4427424;58;True;male;6;True;True;2952567;894
9845874;4429422;53;True;male;3;True;True;2954133;17857
9846025;4429485;65;False;female;7;True;True;2954178;763
9853038;4432533;82;False;female;7;False;False;2957214;4001
9858839;4435310;9;False;male;8;False;True;2959082;8597
9858840;4435310;6;False;male;8;False;True;2959083;8455
9858841;4435310;50;True;male;3;True;True;2959084;2529
9858842;4435310;45;True;female;3;True;False;2959085;18054
9858843;4435310;11;False;male;8;False;False;2959086;8651
9859270;4435508;47;True;male;3;True;False;2959212;5635
9859271;4435508;45;True;female;3;True;True;2959213;5469
9859272;4435508;3;False;female;8;False;False;2959214;8586
9859696;4435751;20;False;female;8;False;True;2959371;6934
9862652;4437249;43;True;female;3;True;False;2960368;8307
9863548;4437670;75;False;male;7;True;False;2960663;8363
9867510;4439563;24;False;female;8;False;False;2961932;11720
9868647;4440068;50;False;male;8;True;True;2962266;4153
9869688;4440557;39;False;female;8;False;False;2962622;6128
9869689;4440557;49;True;male;4;True;False;2962623;6169
9871093;4441198;52;False;male;8;False;True;2963121;1889
9873008;4442115;29;True;male;3;False;False;2963749;5058
9875344;4443294;71;False;female;7;False;False;2964487;3573
9875345;4443294;42;True;female;5;True;True;2964488;2146
9875346;4443294;28;True;female;4;True;True;2964489;1096
9877479;4444297;31;True;male;3;True;False;2965188;8673
9877480;4444297;27;True;female;4;False;True;2965189;17329
9877878;4444469;56;True;female;5;True;False;2965316;11574
9877879;4444469;16;False;female;8;False;True;2965317;4766
9880252;4445557;31;True;male;3;True;True;2966081;2448
9881801;4446260;67;True;male;6;True;True;2966588;2104
9881802;4446260;12;False;female;8;False;False;2966589;633
9881803;4446260;55;True;female;5;True;False;2966590;1263
9881804;4446260;18;False;female;8;False;False;2966591;7976
9882362;4446556;47;True;female;3;True;False;2966808;8214
9882363;4446556;19;False;female;8;True;False;2966809;3356
9883867;4447266;36;True;male;4;True;True;2967296;670
9883868;4447266;22;False;male;8;True;False;2967297;11162
9883869;4447266;28;True;male;6;False;True;2967298;17403
9883901;4447281;74;False;male;7;True;False;2967310;8423
9883902;4447281;71;False;female;7;True;False;2967311;8421
9885796;4448135;47;False;female;8;False;True;2967927;5568
9885797;4448135;17;False;female;8;True;False;2967928;1711
9885798;4448135;52;True;male;2;True;False;2967929;17739
9890796;4450510;43;False;female;8;True;False;2969482;6923
9891263;4450694;60;True;female;5;True;False;2969624;1260
9891264;4450694;31;True;female;4;False;True;2969625;6368
9891365;4450742;10;False;female;8;False;True;2969645;11128
9891366;4450742;46;True;male;3;False;True;2969646;4591
9891367;4450742;73;False;female;7;False;True;2969647;7662
9891955;4451077;45;True;male;3;False;True;2969833;689
9892251;4451237;21;False;male;8;False;True;2969920;7088
9893452;4451815;66;False;male;8;False;True;2970338;2096
9893453;4451815;59;False;female;8;True;True;2970339;18002
9894095;4452101;22;False;male;8;False;True;2970527;2223
9895819;4452945;4;False;female;8;False;False;2971099;8583
9895820;4452945;16;False;male;8;False;True;2971100;775
9895821;4452945;52;True;male;6;True;False;2971101;17189
9895822;4452945;38;True;female;5;False;False;2971102;8164
9895823;4452945;11;False;male;8;False;False;2971103;7704
9895824;4452945;13;False;male;8;False;False;2971104;7594
9898858;4454333;41;True;female;3;True;False;2972065;1748
9898859;4454333;36;True;male;3;True;False;2972066;1206
9899962;4454884;63;True;female;5;False;False;2972430;7336
9901595;4455695;14;False;female;8;False;False;2972968;7632
9901596;4455695;41;True;female;5;True;False;2972969;7644
9904713;4457268;23;False;male;8;True;False;2973949;1864
9904714;4457268;51;True;female;3;True;True;2973950;1589
9906347;4458021;81;False;female;7;True;False;2974483;3421
9908774;4459123;67;False;female;7;True;False;2975269;7965
9908775;4459123;40;False;male;8;True;False;2975270;8442
9908776;4459123;42;False;female;8;True;False;2975271;10644
9908777;4459123;36;True;male;2;True;False;2975272;2433
9911041;4460123;73;False;male;7;True;False;2976012;8384
9912302;4460760;45;False;male;8;True;True;2976413;3808
9912508;4460839;19;False;female;8;True;True;2976471;6119
9912509;4460839;23;False;female;8;False;True;2976472;13617
9912510;4460839;20;False;female;8;False;False;2976473;10484
9912511;4460839;46;False;female;8;True;False;2976474;221
9912512;4460839;21;True;male;5;False;False;2976475;255
9912513;4460839;52;True;male;2;True;False;2976476;17739
9912585;4460859;94;False;female;7;False;True;2976489;1023
9914204;4461641;54;True;female;6;True;False;2977006;14948
9914205;4461641;68;False;male;7;True;True;2977007;7949
9916699;4462891;24;True;male;4;False;True;2978141;5863
9919375;4464219;71;False;male;7;True;False;2978971;8384
9919376;4464219;74;False;female;7;False;False;2978972;8487
9920872;4464927;59;False;male;8;True;False;2979434;11412
9920873;4464927;14;False;male;8;False;True;2979435;8455
9921754;4465343;30;True;male;6;True;False;2979690;2600
9921851;4465381;47;True;male;6;False;True;2979716;5038
9921852;4465381;33;True;male;5;True;True;2979717;1956
9922186;4465554;52;True;male;4;False;True;2979818;1458
9922801;4465865;82;False;female;7;False;False;2979992;8637
9927686;4468395;76;False;female;7;False;True;2981553;1023
9927687;4468395;50;False;male;8;False;True;2981554;2125
9930031;4469610;30;True;female;5;False;True;2982298;1909
9936006;4472571;22;False;female;8;True;True;2984162;2074
9937738;4473468;21;False;male;8;True;True;2984700;1750
9938569;4473896;21;False;female;8;False;False;2984956;6607
9938570;4473896;23;True;male;4;True;True;2984957;686
9943671;4476473;34;True;female;3;True;True;2986523;818
9943672;4476473;14;False;female;8;False;True;2986524;11128
9943673;4476473;36;True;male;6;False;True;2986525;7324
9943674;4476473;13;False;female;8;False;True;2986526;6013
9948595;4479075;6;False;female;8;False;False;2988063;8329
9948596;4479075;41;False;female;8;False;False;2988064;6128
9948597;4479075;5;False;male;8;False;False;2988065;7990
9948598;4479075;54;True;male;4;True;True;2988066;4520
9950508;4480013;17;False;female;8;False;False;2988642;3123
9950509;4480013;60;True;male;5;False;False;2988643;11715
9950510;4480013;59;False;female;8;True;False;2988644;1759
9951375;4480434;77;False;female;7;True;False;2988913;8613
9951376;4480434;78;False;male;7;True;True;2988914;603
9953041;4481273;37;True;female;3;True;True;2989425;818
9955165;4482373;56;True;female;4;True;False;2990024;16297
9955166;4482373;61;True;male;6;True;False;2990025;3099
9955167;4482373;83;False;female;7;True;False;2990026;14411
9956544;4483128;54;True;female;4;True;False;2990485;7258
9956545;4483128;24;True;female;5;False;True;2990486;10442
9956546;4483128;43;True;male;3;True;False;2990487;4641
9957525;4483571;76;True;female;5;True;True;2990897;642
9957526;4483571;46;True;female;4;True;True;2990898;1970
9957527;4483571;35;True;female;4;True;True;2990899;14963
9960453;4484957;21;False;male;8;False;True;2991862;8070
9960454;4484957;46;True;female;4;True;False;2991863;16981
9965345;4487218;53;True;female;4;True;False;2993471;8578
9965346;4487218;12;False;female;8;False;False;2993472;7673
9965347;4487218;54;True;male;4;True;False;2993473;17994
9973416;4490969;35;False;male;8;True;True;2996146;3814
9973417;4490969;67;False;female;7;True;True;2996147;7640
9973696;4491111;27;True;female;4;True;True;2996241;4222
9973697;4491111;32;True;male;6;True;False;2996242;6870
9973993;4491235;53;True;female;3;True;True;2996331;2391
9974579;4491511;70;False;female;7;False;False;2996517;8665
9981667;4494850;48;True;male;3;True;True;2998788;1770
9989008;4498340;52;True;female;3;True;True;3001181;1348
9989009;4498340;44;True;male;4;True;True;3001182;3166
9991717;4499547;25;True;female;3;True;True;3002046;8004
9992030;4499689;50;True;male;4;True;False;3002148;4363
9992031;4499689;12;False;male;8;False;False;3002149;7518
9992032;4499689;14;False;female;8;False;False;3002150;7985
9992033;4499689;38;True;female;4;True;False;3002151;10721
9994304;4500777;13;False;male;8;False;True;3002905;7627
9994305;4500777;8;False;male;8;False;False;3002906;8874
9994306;4500777;39;True;male;3;False;False;3002907;1174
9994307;4500777;44;True;female;4;True;False;3002908;8114
9995777;4501469;43;True;female;4;True;False;3003404;17042
9995778;4501469;8;False;male;8;False;True;3003405;7627
9995779;4501469;50;True;male;3;True;False;3003406;3442
9996394;4501779;22;True;male;4;True;True;3003607;4696
9996395;4501779;60;True;female;5;True;True;3003608;926
10004931;4505810;84;False;female;7;True;False;3006420;1615
10005235;4505948;71;False;male;7;True;False;3006513;7637
10005236;4505948;68;False;female;7;False;True;3006514;7570
10009615;4508054;76;False;female;7;True;True;3007948;4159
10010031;4508264;35;False;male;8;True;False;3008104;6053
10012167;4509318;45;True;female;4;True;False;3008805;8839
10012168;4509318;47;True;male;3;False;False;3008806;1812
10012169;4509318;16;False;female;8;False;False;3008807;4294
10012170;4509318;18;False;female;8;False;True;3008808;10414
10013825;4510114;74;False;female;7;True;True;3009521;7640
10015072;4510735;29;True;male;3;False;True;3009909;6751
10015701;4511019;63;True;female;4;True;False;3010100;10931
10017732;4511965;26;True;female;4;True;True;3010713;2377
10017733;4511965;25;True;male;5;False;True;3010714;7937
10019849;4512937;93;False;female;7;False;False;3011389;3794
10020633;4513300;23;False;male;8;True;False;3011631;3345
10020634;4513300;60;False;male;8;True;True;3011632;13998
10020635;4513300;25;False;male;8;False;True;3011633;2228
10023058;4514433;80;False;male;7;True;True;3012365;9974
10023059;4514433;82;False;female;7;True;False;3012366;8548
10023312;4514554;16;False;male;8;False;False;3012441;8174
10023313;4514554;18;False;female;8;False;False;3012442;4294
10023314;4514554;51;True;male;3;True;True;3012443;946
10024283;4514956;11;False;female;8;False;False;3012735;8334
10024284;4514956;25;False;female;8;True;True;3012736;2658
10024285;4514956;51;True;female;3;True;False;3012737;9927
10024286;4514956;52;True;male;3;True;True;3012738;946
10024287;4514956;19;False;male;8;False;True;3012739;6834
10024288;4514956;23;False;female;8;False;False;3012740;4294
10027133;4516307;48;True;female;3;False;False;3013660;2280
10027237;4516369;55;True;male;6;True;False;3013698;6853
10027238;4516369;19;False;male;8;False;False;3013699;15930
10027239;4516369;45;True;female;5;True;True;3013700;6184
10032063;4518602;20;False;male;8;False;True;3015205;3902
10034097;4519542;56;True;female;4;True;False;3015844;5899
10034098;4519542;58;True;male;3;True;False;3015845;17868
10037008;4520830;33;True;female;4;True;False;3016734;13283
10037009;4520830;13;False;male;8;False;False;3016735;7990
10037010;4520830;8;False;male;8;False;True;3016736;8597
10037011;4520830;6;False;female;8;False;False;3016737;8583
10038095;4521321;20;False;male;8;False;True;3017082;6518
10038096;4521321;57;True;female;3;True;True;3017083;3743
10038097;4521321;60;True;male;4;True;False;3017084;11653
10042833;4523550;89;False;male;7;True;False;3018557;6282
10042834;4523550;89;False;female;7;False;False;3018558;1170
10047669;4525810;31;True;female;2;True;False;3020088;14392
10047670;4525810;31;True;male;6;True;False;3020089;8305
10047801;4525863;58;True;female;4;True;False;3020126;5587
10050577;4526936;86;False;female;7;False;False;3020986;16912
10050822;4527011;7;False;female;8;False;True;3021058;8739
10050823;4527011;45;True;female;5;False;False;3021059;7665
10050824;4527011;43;False;male;8;True;True;3021060;4212
10050825;4527011;13;False;female;8;False;False;3021061;8334
10052638;4527726;68;False;male;7;True;False;3021564;7926
10054959;4528658;21;False;female;8;True;True;3022242;17495
10055944;4529055;45;True;female;5;False;True;3022521;7185
10055945;4529055;17;False;female;8;False;True;3022522;8463
10055946;4529055;43;True;male;6;True;True;3022523;11751
10057450;4529639;41;True;male;5;True;False;3022953;14901
10057760;4529781;42;True;male;6;False;True;3023038;2196
10065158;4532809;43;True;female;5;False;True;3025250;14598
10071779;4535485;23;False;female;8;False;False;3027203;7417
10071963;4535558;6;False;female;8;False;False;3027261;8783
10071964;4535558;32;True;female;4;True;False;3027262;10721
10071965;4535558;31;False;male;8;True;False;3027263;5191
10073174;4536026;7;False;male;8;False;True;3027603;7512
10073175;4536026;44;True;female;5;True;False;3027604;8482
10073176;4536026;39;False;male;8;True;False;3027605;3821
10073177;4536026;9;False;female;8;False;True;3027606;8739
10073500;4536133;16;False;female;8;True;False;3027694;1711
10073501;4536133;51;True;female;5;True;False;3027695;14987
10073502;4536133;14;False;male;8;False;False;3027696;8515
10073503;4536133;72;False;male;7;True;False;3027697;7926
10074461;4536538;91;False;female;7;False;False;3028005;11101
10078662;4538241;90;False;female;7;False;True;3029205;381
10080590;4539070;11;False;female;8;False;False;3029793;1410
10080591;4539070;36;True;female;3;True;True;3029794;1442
10080592;4539070;6;False;male;8;False;False;3029795;16940
10085201;4540839;52;True;male;6;True;False;3031107;7826
10085202;4540839;27;False;female;8;False;True;3031108;17653
10085203;4540839;6;False;male;8;False;True;3031109;8455
10085949;4541162;29;True;male;6;True;False;3031338;7880
10088524;4542169;66;False;female;7;False;False;3032078;8665
10091663;4543515;48;True;female;5;True;True;3032969;1927
10091664;4543515;21;True;female;4;True;False;3032970;7110
10091665;4543515;14;False;female;8;False;False;3032971;8334
10091666;4543515;27;True;male;5;True;True;3032972;6686
10093635;4544336;27;True;female;6;False;True;3033551;7471
10093636;4544336;24;False;male;8;False;False;3033552;15154
10094179;4544518;31;True;male;5;True;False;3033685;5774
10094180;4544518;31;True;female;5;True;True;3033686;7929
10094181;4544518;1;False;female;8;False;False;3033687;7632
10099446;4546658;44;False;female;8;True;True;3035242;2101
10099447;4546658;3;False;male;8;False;False;3035243;7893
10099448;4546658;50;True;male;6;True;False;3035244;2666
10099449;4546658;23;True;female;5;True;True;3035245;17611
10099450;4546658;5;False;female;8;False;False;3035246;8132
10103085;4548065;60;True;female;5;True;False;3036275;6248
10103086;4548065;61;True;male;4;True;False;3036276;2829
10103410;4548201;43;True;female;4;True;True;3036361;6396
10103411;4548201;10;False;male;8;False;False;3036362;8874
10103412;4548201;14;False;male;8;False;False;3036363;8304
10105616;4549074;4;False;male;8;False;False;3036964;7990
10105617;4549074;43;True;female;5;True;True;3036965;7494
10105618;4549074;3;False;female;8;False;False;3036966;8334
10105619;4549074;47;True;male;5;True;False;3036967;8413
10108222;4550069;54;True;female;4;True;False;3037696;5659
10108223;4550069;55;True;male;3;True;False;3037697;1363
10113627;4552284;82;False;female;7;True;False;3039208;4418
10113628;4552284;51;True;female;3;True;True;3039209;1109
10113629;4552284;21;False;male;8;False;True;3039210;1893
10113630;4552284;53;True;male;4;True;False;3039211;7503
10113631;4552284;17;False;male;8;False;False;3039212;8546
10117325;4553656;27;True;male;6;True;False;3040193;18186
10117326;4553656;27;True;female;5;False;False;3040194;14014
10120576;4554983;43;True;female;3;True;False;3041087;913
10120577;4554983;12;False;female;8;False;False;3041088;8583
10120578;4554983;47;True;male;3;True;False;3041089;781
10123087;4556066;83;False;female;7;False;False;3041798;18079
10125869;4557188;72;False;female;7;True;False;3042515;8225
10125870;4557188;74;False;male;7;True;False;3042516;7419
10128706;4558383;26;True;female;4;True;False;3043329;13630
10128707;4558383;34;True;male;3;True;False;3043330;323
10132057;4559664;74;False;female;7;False;False;3044235;6940
10139537;4562609;26;True;male;6;True;True;3046258;15024
10139538;4562609;27;True;female;4;True;False;3046259;11327
10142088;4563591;40;True;male;4;True;False;3046969;17516
10142089;4563591;13;False;male;8;False;False;3046970;8846
10142090;4563591;9;False;female;8;False;True;3046971;8739
10142091;4563591;43;True;female;4;True;False;3046972;7116
10144195;4564380;68;False;male;7;True;False;3047549;8384
10144196;4564380;64;False;female;7;False;False;3047550;8665
10145375;4564827;63;True;female;5;False;False;3047871;8665
10146053;4565104;80;False;female;7;False;True;3048066;5115
10146620;4565323;52;True;male;4;True;False;3048226;6171
10146621;4565323;51;False;female;8;True;True;3048227;4446
10146656;4565342;60;False;female;7;True;False;3048238;8679
10146657;4565342;62;True;male;3;True;True;3048239;1299
10148759;4566190;47;False;female;8;False;True;3048848;2221
10148760;4566190;55;True;male;5;False;True;3048849;8371
10148761;4566190;7;False;female;8;False;False;3048850;7484
10150896;4567043;78;False;female;7;True;True;3049433;1862
10150897;4567043;77;False;male;7;False;False;3049434;731
10152341;4567548;30;True;female;5;True;True;3049809;7548
10152342;4567548;28;True;male;5;False;True;3049810;14897
10152724;4567699;16;False;female;8;False;False;3049914;13733
10152725;4567699;8;False;female;8;False;False;3049915;8586
10152726;4567699;48;True;female;4;True;True;3049916;11335
10152727;4567699;21;True;female;5;True;False;3049917;10011
10153732;4568141;71;False;male;7;True;False;3050192;7637
10159511;4570513;20;False;female;8;False;True;3051753;3374
10159512;4570513;57;True;male;4;True;True;3051754;294
10159513;4570513;55;True;female;4;True;False;3051755;5587
10159514;4570513;17;False;female;8;False;True;3051756;17874
10159515;4570513;26;True;female;3;True;True;3051757;917
10160097;4570742;61;True;female;5;True;False;3052233;14071
10160098;4570742;66;False;male;7;True;False;3052234;8798
10161094;4571160;38;True;female;4;True;True;3052545;2387
10161924;4571479;18;False;female;8;True;False;3052792;2554
10161925;4571479;54;True;male;4;True;False;3052793;15906
10161926;4571479;54;True;female;2;True;False;3052794;1247
10162990;4571904;60;False;female;8;False;True;3053143;1833
10167488;4573794;11;False;female;8;False;False;3054543;8240
10167489;4573794;19;False;male;8;True;False;3054544;4019
10167490;4573794;41;True;female;5;False;False;3054545;8473
10167491;4573794;42;True;male;5;True;False;3054546;10668
10172915;4575972;19;False;male;8;False;False;3056320;4096
10172916;4575972;59;False;female;8;True;True;3056321;2347
10172917;4575972;18;False;female;8;True;True;3056322;769
10173348;4576146;62;False;female;7;True;False;3056464;8221
10173349;4576146;65;False;male;7;True;True;3056465;7431
10173350;4576146;36;True;female;3;True;True;3056466;14088
10173696;4576282;51;True;female;3;True;False;3056574;8787
10173697;4576282;54;True;male;3;True;True;3056575;890
10185880;4581138;28;True;female;5;False;False;3060426;1425
10185881;4581138;62;True;male;6;True;False;3060427;1568
10185882;4581138;35;True;female;4;True;False;3060428;13344
10185883;4581138;60;True;female;5;True;False;3060429;2826
10188396;4582199;51;True;male;4;True;True;3061228;14031
10188397;4582199;51;True;female;3;True;False;3061229;14682
10190849;4583195;55;True;male;4;False;True;3062022;6574
10190850;4583195;75;False;female;7;True;False;3062023;262
10190851;4583195;80;False;male;7;True;False;3062024;7756
10193021;4584078;69;False;male;7;True;False;3062719;8798
10193022;4584078;61;False;female;7;False;False;3062720;8665
10198766;4586405;1;False;female;8;False;False;3064638;8132
10198767;4586405;30;True;female;4;True;False;3064639;17876
10198768;4586405;4;False;male;8;False;False;3064640;7990
10198769;4586405;32;True;male;5;True;False;3064641;17580
10199564;4586734;59;False;male;8;True;False;3064908;673
10199565;4586734;53;False;female;8;True;False;3064909;16287
10200032;4586933;24;True;female;5;True;True;3065055;3638
10200033;4586933;56;True;female;4;True;False;3065056;2365
10200034;4586933;21;True;female;5;True;False;3065057;10371
10200035;4586933;60;False;male;8;True;False;3065058;10786
10200568;4587162;9;False;female;8;False;False;3065230;7985
10200569;4587162;40;True;male;3;True;False;3065231;6349
10200701;4587221;86;False;male;7;True;False;3065277;4308
10200702;4587221;80;False;female;7;False;False;3065278;10979
10203656;4588489;42;True;male;3;True;True;3066222;5017
10203657;4588489;37;True;female;3;True;True;3066223;387
10204287;4588713;53;True;female;4;True;True;3066418;1505
10204288;4588713;61;False;female;7;False;False;3066419;8487
10207830;4590166;45;False;female;8;True;False;3067553;14469
10207831;4590166;11;False;male;8;False;True;3067554;8455
10207832;4590166;45;True;male;3;True;False;3067555;781
10207833;4590166;14;False;male;8;False;False;3067556;7990
10207834;4590166;10;False;male;8;False;False;3067557;7990
10208028;4590240;91;False;female;7;True;False;3067630;4866
10209496;4590789;58;True;male;3;True;False;3068106;11246
10209769;4590912;56;True;male;6;True;True;3068193;5485
10209770;4590912;64;False;female;7;False;False;3068194;382
10211135;4591477;57;False;male;8;False;False;3068629;8746
10211303;4591546;55;True;female;5;True;False;3068676;2778
10215773;4593379;59;False;female;8;False;True;3070283;8372
10217154;4594019;25;False;male;8;True;False;3070729;5778
10217155;4594019;59;True;female;4;True;False;3070730;158
10217156;4594019;54;True;male;6;True;True;3070731;4812
10219088;4594880;27;True;male;5;False;True;3071338;2940
10221702;4596024;85;False;female;7;False;True;3072091;7479
10221913;4596141;49;False;female;8;True;False;3072177;7051
10221914;4596141;7;False;female;8;False;False;3072178;7484
10221915;4596141;56;True;male;5;True;False;3072179;8034
10221916;4596141;10;False;male;8;False;False;3072180;5500
10231830;4600601;68;False;female;7;True;False;3075137;6931
10233531;4601369;9;False;male;8;False;False;3075613;1503
10233532;4601369;42;True;female;3;False;True;3075614;2459
10233533;4601369;13;False;female;8;False;False;3075615;11149
10233591;4601392;60;True;male;6;True;False;3075633;4059
10233740;4601459;51;True;female;3;True;True;3075683;5247
10233741;4601459;20;False;female;8;False;False;3075684;2680
10234639;4601854;35;False;male;8;True;True;3075985;670
10234640;4601854;68;False;female;7;False;True;3075986;7038
10234802;4601948;14;False;female;8;False;False;3076046;7673
10234803;4601948;28;True;male;4;True;False;3076047;6959
10234804;4601948;35;True;female;3;True;False;3076048;2943
10245604;4606739;63;False;female;7;False;True;3079299;5197
10252599;4609834;31;True;male;2;True;False;3081303;694
10256685;4611608;36;True;female;5;False;False;3082543;8733
10256686;4611608;8;False;male;8;False;True;3082544;7627
10260932;4613467;89;False;female;7;False;False;3083765;6814
10260933;4613467;89;False;male;7;True;False;3083766;2872
10262225;4613999;61;True;female;5;True;True;3084095;8186
10262239;4614013;18;False;male;8;True;True;3084103;1750
10262240;4614013;51;True;female;5;False;True;3084104;2167
10262241;4614013;23;False;female;8;False;False;3084105;1955
10262242;4614013;18;False;female;8;False;True;3084106;2216
10263869;4614717;54;False;male;8;True;False;3084588;9094
10267021;4616158;48;True;male;3;True;False;3085514;4789
10267022;4616158;19;False;male;8;False;True;3085515;3891
10267023;4616158;49;True;female;3;True;True;3085516;5157
10267024;4616158;15;False;male;8;False;True;3085517;6518
10267906;4616523;49;False;female;8;True;True;3085782;4446
10267907;4616523;12;False;male;8;False;False;3085783;8846
10267908;4616523;16;False;female;8;True;False;3085784;13490
10267909;4616523;21;True;male;4;True;False;3085785;4555
10267910;4616523;19;False;male;8;True;False;3085786;5778
10267911;4616523;51;True;male;6;True;False;3085787;6838
10268680;4616874;21;True;female;6;True;False;3086017;17213
10268681;4616874;23;False;female;8;True;True;3086018;2278
10272676;4618585;33;True;male;4;True;True;3087452;2747
10272677;4618585;32;True;female;3;True;False;3087453;4889
10274559;4619464;9;False;male;8;False;True;3088006;8054
10274560;4619464;39;False;male;8;False;True;3088007;6421
10274561;4619464;12;False;male;8;False;True;3088008;5841
10274562;4619464;43;False;female;8;True;True;3088009;7938
10274563;4619464;15;False;male;8;False;False;3088010;4096
10276885;4620478;61;False;female;8;True;True;3088705;4547
10276886;4620478;65;True;male;6;False;False;3088706;7959
10277094;4620571;74;False;female;7;False;False;3088778;8665
10277095;4620572;74;False;female;7;False;False;3088778;8665
10279640;4621734;9;False;male;8;False;False;3089554;8846
10279641;4621734;19;False;male;8;False;True;3089555;3428
10279642;4621734;47;True;female;5;True;False;3089556;18044
10279643;4621734;55;False;male;8;True;False;3089557;7786
10281921;4622808;23;True;male;4;False;True;3090232;7736
10284510;4623957;31;True;male;4;True;True;3091054;2032
10286792;4624956;84;False;male;7;True;False;3091728;5766
10286793;4624956;77;False;female;7;True;False;3091729;4404
10286794;4624956;51;True;male;6;True;False;3091730;3515
10286795;4624956;50;True;female;5;True;False;3091731;3258
10286796;4624956;27;True;male;3;True;False;3091732;9160
10286797;4624956;24;True;female;4;True;False;3091733;10506
10290237;4626473;26;False;male;8;False;False;3092736;8174
10290238;4626473;58;True;female;5;True;False;3092737;10821
10290379;4626534;25;True;male;5;False;False;3092793;6593
10290380;4626534;60;True;female;5;True;False;3092794;8679
10290381;4626534;62;False;male;8;True;False;3092795;13268
10291000;4626790;65;False;female;7;True;True;3092974;1415
10293356;4627745;56;False;male;8;True;False;3093722;17994
10293357;4627745;40;True;female;5;True;False;3093723;8482
10293358;4627745;5;False;male;8;False;False;3093724;8469
10293385;4627761;53;True;female;4;True;False;3093731;575
10293386;4627761;60;True;female;4;True;True;3093732;3104
10293387;4627761;83;False;female;7;True;False;3093733;4877
10293388;4627761;79;False;female;7;True;True;3093734;14011
10297709;4629679;34;True;male;3;True;True;3095015;11419
10297710;4629679;31;True;female;3;True;False;3095016;2
10302708;4631991;54;True;male;5;False;False;3096600;2233
10302709;4631991;83;False;male;7;True;False;3096601;1538
10302710;4631991;56;False;male;8;True;True;3096602;870
10303055;4632145;28;True;male;5;False;True;3096705;2381
10303056;4632145;27;True;female;5;False;True;3096706;8765
10304888;4633024;32;True;male;3;True;False;3097258;1863
10307208;4634035;29;False;female;8;False;True;3097946;723
10307209;4634035;7;False;female;8;False;False;3097947;14552
10307210;4634035;35;True;male;5;True;True;3097948;7659
10309682;4635188;63;True;male;3;True;False;3098668;4459
10309683;4635188;68;True;female;3;True;False;3098669;328
10309948;4635303;34;True;female;5;True;False;3098749;7788
10309949;4635303;1;False;female;8;False;False;3098750;8334
10309950;4635303;4;False;female;8;False;False;3098751;7985
10309951;4635303;36;True;male;4;True;True;3098752;5460
10311085;4635838;21;True;female;2;True;True;3099109;1485
10311086;4635838;22;True;female;5;False;True;3099110;2899
10311252;4635927;73;False;male;7;True;False;3099171;8384
10311253;4635927;76;False;female;7;False;False;3099172;2973
10314251;4637328;57;True;female;4;True;False;3100048;16297
10314252;4637328;62;True;male;2;True;False;3100049;4631
10325744;4642439;27;False;male;8;True;True;3103498;11381
10325745;4642439;56;False;female;8;True;True;3103499;4446
10325746;4642439;64;False;male;7;True;False;3103500;8798
10325747;4642439;25;False;male;8;False;False;3103501;3069
10329089;4643955;64;False;female;7;True;False;3104849;8321
10336669;4646934;61;False;female;8;True;True;3107158;1991
10336670;4646934;56;False;male;8;True;False;3107159;7141
10341806;4648941;20;True;male;6;True;False;3108651;7924
10341807;4648941;53;True;female;5;True;False;3108652;18044
10341808;4648941;55;True;male;6;True;False;3108653;3315
10343000;4649394;55;False;female;8;True;False;3109013;2153
10343001;4649394;24;False;female;8;False;True;3109014;10471
10343327;4649536;71;False;female;7;True;False;3109088;8225
10343605;4649666;49;True;male;5;True;False;3109186;17696
10343606;4649666;47;True;female;4;False;False;3109187;2020
10343607;4649666;12;False;female;8;False;True;3109188;8739
10344746;4650150;10;False;male;8;False;False;3109543;4857
10344747;4650150;8;False;female;8;False;False;3109544;14607
10344748;4650150;6;False;female;8;False;False;3109545;14607
10344749;4650150;36;True;female;5;True;False;3109546;11191
10344750;4650150;12;False;male;8;False;False;3109547;6715
10344929;4650226;32;True;male;3;True;False;3109599;2582
10344930;4650226;30;True;female;4;True;False;3109600;10711
10345654;4650508;6;False;female;8;False;False;3109808;7673
10345655;4650508;32;True;female;4;True;False;3109809;4311
10345656;4650508;5;False;male;8;False;False;3109810;7990
10345657;4650508;12;False;female;8;False;False;3109811;8406
10350033;4652207;62;True;female;4;False;True;3111116;4498
10351907;4652916;38;True;male;6;True;False;3111695;10496
10351908;4652916;30;True;female;4;True;False;3111696;2675
10351909;4652916;5;False;female;8;False;True;3111697;8190
10352867;4653314;45;True;male;5;True;True;3111975;2865
10352868;4653314;11;False;female;8;False;False;3111976;8586
10352869;4653314;11;False;male;8;False;True;3111977;8597
10352870;4653314;48;True;female;3;True;True;3111978;8338
10353698;4653676;39;True;male;6;True;True;3112237;14044
10353699;4653676;39;False;female;8;False;True;3112238;3658
10360038;4656081;40;True;female;4;False;True;3114108;7812
10360759;4656347;60;False;male;8;False;False;3114320;15067
10361119;4656469;82;False;female;7;False;False;3114443;8691
10368422;4659255;9;False;female;8;False;False;3116591;4545
10368423;4659255;73;False;female;7;True;False;3116592;2505
10368424;4659255;16;False;female;8;True;True;3116593;2143
10369862;4659846;48;True;male;3;True;False;3117458;2114
10369863;4659846;48;True;female;4;True;False;3117459;6008
10370824;4660293;33;True;female;5;True;False;3117766;8058
10370825;4660293;6;False;male;8;False;False;3117767;7594
10374185;4661743;69;False;female;7;True;True;3118813;7640
10374186;4661743;74;False;male;7;True;False;3118814;8683
10378183;4663534;58;True;female;4;True;False;3119953;11696
10378184;4663534;63;False;male;7;True;False;3119954;8261
10378708;4663761;25;True;male;4;False;True;3120114;5863
10378709;4663761;25;True;female;3;True;False;3120115;4051
10385795;4666807;21;True;female;4;True;False;3122178;10506
10385796;4666807;2;False;male;8;False;False;3122179;7518
10385797;4666807;10;False;female;8;False;False;3122180;8481
10385798;4666807;38;True;female;5;True;False;3122181;8876
10385799;4666807;49;True;male;3;True;False;3122182;11668
10386437;4667083;63;False;female;7;True;False;3122370;8221
10386438;4667083;66;False;male;7;True;False;3122371;7926
10389799;4668552;69;True;male;6;True;False;3123385;1581
10389800;4668552;38;False;male;8;False;False;3123386;6038
10389801;4668552;54;True;female;5;True;False;3123387;11483
10389802;4668552;29;False;female;8;False;True;3123388;14151
10395734;4671076;72;False;female;7;False;True;3125114;7570
10397216;4671727;5;False;male;8;False;False;3125551;7594
10397217;4671727;44;True;male;3;True;False;3125552;16990
10397218;4671727;7;False;female;8;False;False;3125553;8586
10397219;4671727;1;False;male;8;False;False;3125554;8874
10397220;4671727;37;True;female;3;True;False;3125555;7684
10398203;4672145;40;True;female;5;False;True;3125874;8023
10398697;4672411;1;False;male;8;False;False;3126050;8846
10398698;4672411;40;True;female;6;True;False;3126051;4027
10398699;4672411;15;False;female;8;False;True;3126052;3374
10398700;4672411;40;True;male;4;True;False;3126053;7954
10400149;4673003;58;True;male;3;True;True;3126465;15109
10400150;4673003;59;False;female;8;False;False;3126466;5537
10400151;4673003;25;False;female;8;False;True;3126467;11702
10401057;4673364;23;False;male;8;False;True;3126725;15076
10402128;4673823;58;True;male;3;True;False;3127071;1852
10404775;4675017;30;True;female;3;False;False;3127865;8731
10404776;4675017;1;False;male;8;False;False;3127866;7594
10404777;4675017;33;True;male;3;True;False;3127867;1997
10406076;4675583;36;True;male;4;True;False;3128233;16983
10406077;4675583;23;True;female;4;True;True;3128234;6723
10408774;4676722;2;False;male;8;False;False;3128981;8501
10408775;4676722;37;True;female;2;True;False;3128982;3195
10408776;4676722;32;False;female;8;False;True;3128983;8826
10408777;4676722;1;False;male;8;False;False;3128984;8651
10409975;4677227;28;True;male;3;False;True;3129338;5496
10415014;4679401;68;False;female;7;True;False;3130809;8225
10415015;4679401;91;False;male;7;True;True;3130810;18095
10415016;4679401;92;False;female;7;True;False;3130811;11791
10418976;4681079;72;False;female;7;False;False;3131933;8487
10419246;4681179;71;False;female;7;False;True;3132009;5742
10423075;4682662;65;False;male;7;True;False;3133086;8798
10426405;4684093;63;True;male;4;True;False;3134044;2047
10428966;4685168;8;False;male;8;False;False;3134760;7594
10428967;4685168;42;True;female;3;True;False;3134761;913
10428968;4685168;11;False;male;8;False;False;3134762;7893
10428969;4685168;44;True;male;3;True;True;3134763;882
10431260;4686144;30;True;female;4;True;True;3135438;8755
10431261;4686144;34;True;male;5;True;False;3135439;14283
10431262;4686144;3;False;male;8;False;True;3135440;7512
10431910;4686417;31;True;male;3;True;False;3135628;5411
10431911;4686417;9;False;female;8;False;True;3135629;8739
10431912;4686417;7;False;male;8;False;False;3135630;8304
10431913;4686417;58;False;male;8;True;False;3135631;10799
10432549;4686717;69;False;female;7;True;False;3135824;8225
10432599;4686747;65;False;male;7;True;True;3135836;7853
10432600;4686747;58;True;female;4;True;False;3135837;14882
10435980;4688263;5;False;male;8;False;True;3136902;7627
10435981;4688263;40;True;male;4;True;False;3136903;7886
10435982;4688263;8;False;female;8;False;True;3136904;8190
10435983;4688263;38;True;female;3;True;True;3136905;7782
10437148;4688759;2;False;male;8;False;True;3137229;8054
10437149;4688759;45;False;female;8;False;True;3137230;7023
10437150;4688759;8;False;male;8;False;False;3137231;2141
10437151;4688759;4;False;female;8;False;False;3137232;6657
10437152;4688759;36;True;male;6;True;True;3137233;14044
10437411;4688873;21;False;female;8;False;False;3137308;10475
10437412;4688873;57;True;male;5;True;False;3137309;2406
10437413;4688873;64;False;female;7;True;False;3137310;8679
10438555;4689338;47;True;male;3;True;True;3137671;2129
10438556;4689338;48;True;female;3;True;False;3137672;5317
10438557;4689338;9;False;female;8;False;False;3137673;7985
10447945;4693885;35;True;female;5;False;False;3141117;5368
10448249;4694052;35;True;female;4;True;False;3141218;10721
10448250;4694052;41;True;male;3;True;False;3141219;1834
10448251;4694052;2;False;female;8;False;False;3141220;8553
10448688;4694267;63;False;female;7;True;False;3141346;8321
10452212;4695985;27;True;male;4;True;True;3142461;842
10452213;4695985;58;False;female;7;True;False;3142462;4690
10452214;4695985;60;True;male;2;True;False;3142463;18055
10452750;4696260;57;False;male;8;True;True;3142645;4869
10452751;4696260;18;False;male;8;False;False;3142646;6889
10452752;4696260;18;False;female;8;False;False;3142647;7326
10452753;4696260;57;True;female;3;True;False;3142648;8284
10453270;4696539;86;False;female;8;True;True;3142814;5201
10454500;4697194;56;True;female;5;False;True;3143200;3764
10456006;4698024;55;False;female;8;False;False;3143680;5537
10456007;4698024;58;True;male;5;True;False;3143681;8413
10456008;4698024;18;False;female;8;False;True;3143682;1755
10456009;4698024;23;False;male;8;True;False;3143683;4019
10458516;4699225;46;True;male;6;True;False;3144467;6900
10459686;4699769;55;True;male;3;False;False;3144864;2320
10459687;4699769;54;True;female;5;False;True;3144865;5470
10461520;4700619;56;False;female;8;True;True;3145543;3958
10465619;4702280;47;True;female;5;False;False;3146832;4394
10465620;4702280;19;False;male;8;False;False;3146833;8174
10467988;4703229;77;False;female;7;False;False;3147572;6814
10468577;4703459;1;False;male;8;False;False;3147775;4607
10468578;4703459;6;False;female;8;False;True;3147776;6013
10468579;4703459;9;False;female;8;False;False;3147777;5849
10468580;4703459;28;False;female;8;False;True;3147778;2216
10474311;4705771;43;True;male;4;True;False;3149534;11316
10476230;4706615;67;True;female;4;True;False;3150118;17822
10478197;4707342;31;True;male;5;False;True;3150720;7096
10478403;4707438;86;False;female;7;True;False;3150794;9879
10480619;4708307;6;False;female;8;False;False;3151468;8783
10480620;4708307;42;False;female;8;True;False;3151469;10888
10480621;4708307;41;False;male;8;True;True;3151470;4255
10481368;4708627;41;True;male;4;True;False;3151723;239
10481369;4708627;10;False;female;8;False;False;3151724;8783
10481370;4708627;12;False;male;8;False;False;3151725;8874
10481371;4708627;34;True;female;5;True;True;3151726;7548
10485163;4710129;57;True;male;4;False;True;3152873;5038
10485164;4710129;24;True;male;6;False;True;3152874;15076
10485165;4710129;58;False;female;8;True;True;3152875;2347
10486358;4710627;46;True;female;4;True;True;3153260;1505
10486359;4710627;66;True;male;5;True;True;3153261;5119
10486360;4710627;19;True;male;6;True;False;3153262;6364
10486361;4710627;17;False;female;8;False;False;3153263;13733
10486362;4710627;21;False;female;8;False;False;3153264;2680
10486746;4710776;33;True;female;3;True;False;3153373;1251
10486747;4710776;37;True;male;3;True;False;3153374;1994
10489549;4711885;5;False;female;8;False;False;3154264;6747
10489550;4711885;8;False;female;8;False;False;3154265;6657
10489551;4711885;39;False;female;8;False;False;3154266;3137
10489552;4711885;43;True;male;6;True;True;3154267;14625
10489553;4711885;1;False;male;8;False;False;3154268;4857
10489805;4711988;74;False;female;8;True;False;3154346;1596
10489806;4711988;89;False;male;7;True;False;3154347;4057
10489807;4711988;50;True;female;5;True;False;3154348;17659
10490004;4712057;66;False;male;7;True;False;3154398;8559
10490005;4712057;66;False;female;8;True;False;3154399;319
10490006;4712057;21;True;female;4;False;True;3154400;6710
10490425;4712233;28;True;male;4;True;True;3154513;728
10490426;4712233;28;True;female;4;True;True;3154514;747
10492795;4713276;54;True;male;6;True;True;3155282;1923
10493803;4713692;36;True;male;4;True;False;3155605;10894
10493804;4713692;38;True;female;4;True;False;3155606;6799
10494161;4713837;30;True;male;4;True;False;3155715;14288
10500187;4716326;4;False;male;8;False;True;3157626;7512
10500188;4716326;45;True;female;3;True;False;3157627;14402
10500189;4716326;42;True;male;3;True;False;3157628;6444
10500190;4716326;6;False;female;8;False;False;3157629;7985
10502217;4717173;48;True;female;3;True;False;3158270;6466
10502218;4717173;17;False;female;8;False;True;3158271;11702
10502219;4717173;49;True;male;4;True;False;3158272;15117
10506179;4718839;61;True;female;3;True;False;3159548;10719
10506180;4718839;63;False;male;7;True;False;3159549;7419
10506181;4718839;84;False;female;7;True;False;3159550;8099
10506969;4719161;67;True;male;5;True;True;3159771;2636
10510411;4720588;40;True;male;6;True;False;3160858;10496
10513711;4721924;51;False;male;8;True;False;3161875;17093
10513712;4721924;3;False;male;8;False;True;3161876;7627
10513713;4721924;40;False;female;8;True;False;3161877;8246
10513714;4721924;14;False;female;8;False;False;3161878;8783
10513743;4721929;31;True;male;3;True;False;3161889;2655
10513744;4721929;32;False;female;8;True;True;3161890;3917
10513745;4721929;1;False;male;8;False;False;3161891;7594
10521870;4725306;55;False;female;8;False;True;3164451;6895
10524378;4726319;23;True;male;4;False;True;3165208;1888
10526880;4727274;50;True;female;5;False;False;3165932;457
10526881;4727274;17;False;female;8;False;True;3165933;4029
10526882;4727274;6;False;female;8;False;False;3165934;1410
10526883;4727274;65;True;male;6;True;True;3165935;6601
10526884;4727274;12;False;female;8;False;False;3165936;7484
10526885;4727274;19;False;female;8;False;False;3165937;6607
10534352;4730286;49;True;female;3;True;False;3168225;3500
10538847;4732076;39;True;male;5;True;False;3169709;6093
10538848;4732076;40;True;female;5;False;True;3169710;8023
10538849;4732076;11;False;male;8;False;False;3169711;8762
10538850;4732076;9;False;male;8;False;True;3169712;8455
10538851;4732076;4;False;female;8;False;False;3169713;8583
10543212;4733988;39;True;male;3;True;True;3171054;2431
10544650;4734630;25;True;male;5;True;False;3171469;7933
10544651;4734630;29;False;female;8;True;True;3171470;14994
10546273;4735323;23;False;female;8;False;True;3171996;1752
10549954;4736965;32;True;female;5;False;True;3173101;6430
10551360;4737557;28;False;male;8;False;True;3173515;1122
10552067;4737824;78;False;male;7;True;False;3173725;11793
10556673;4739790;62;False;female;7;True;False;3175118;8542
10563170;4742656;43;True;female;5;True;False;3177126;7830
10563171;4742656;44;True;male;5;True;False;3177127;3821
10563288;4742713;18;False;male;8;False;False;3177166;13360
10563289;4742713;61;True;female;4;True;False;3177167;15940
10563290;4742713;16;False;female;8;False;False;3177168;7976
10564440;4743214;90;False;male;7;True;True;3177517;4073
10565555;4743704;19;False;female;8;True;True;3177869;6119
10565556;4743704;21;True;male;4;True;True;3177870;3089
10565557;4743704;59;True;female;6;False;True;3177871;7816
10567848;4744683;5;False;male;8;False;False;3178559;6715
10567849;4744683;44;False;female;8;True;True;3178560;1336
10567850;4744683;49;True;male;4;True;True;3178561;1104
10568419;4744925;98;False;female;7;False;False;3178756;1202
10568420;4744925;71;False;female;7;False;True;3178757;2265
10573552;4747159;8;False;male;8;False;False;3180303;1803
10573553;4747159;38;False;female;8;False;True;3180304;2354
10575107;4747855;39;True;female;4;True;True;3180793;14483
10575108;4747855;16;False;male;8;True;False;3180794;6700
10580009;4749895;45;False;female;8;False;False;3182258;14048
10580010;4749895;1;False;male;8;False;False;3182259;8042
10580011;4749895;47;True;male;5;True;False;3182260;15843
10581358;4750496;16;False;female;8;True;True;3182695;2658
10581359;4750496;12;False;male;8;False;False;3182696;8501
10581360;4750496;45;True;male;3;True;True;3182697;10971
10581361;4750496;44;True;female;2;True;True;3182698;7782
10583834;4751526;28;False;male;8;True;False;3183435;4019
10583835;4751526;25;False;female;8;False;True;3183436;17874
10583836;4751526;6;False;male;8;False;False;3183437;8770
10586195;4752525;14;False;male;8;False;False;3184141;16940
10586196;4752525;33;False;female;8;False;True;3184142;6430
10586429;4752613;16;False;female;8;False;False;3184212;6607
10586430;4752613;34;False;female;8;True;True;3184213;14039
10587450;4753130;98;False;female;7;False;True;3184516;1023
10590223;4754330;55;True;female;3;True;True;3185343;1118
10590224;4754330;57;True;female;5;True;False;3185344;10622
10590225;4754330;8;False;female;8;False;False;3185345;7725
10590226;4754330;8;False;male;8;False;False;3185346;7893
10592429;4755253;5;False;female;8;False;True;3185970;10737
10592430;4755253;7;False;female;8;False;False;3185971;7484
10592431;4755253;40;False;male;8;True;True;3185972;649
10592432;4755253;34;False;female;8;True;False;3185973;1399
10592433;4755253;1;False;female;8;False;False;3185974;6657
10595041;4756422;73;False;male;7;False;False;3186800;5278
10596395;4756975;35;True;female;3;True;False;3187213;5187
10600760;4758853;56;True;female;4;True;False;3188524;8839
10600761;4758853;23;False;male;8;True;True;3188525;11461
10600762;4758853;57;True;male;3;True;False;3188526;8037
10603506;4759951;2;False;female;8;False;True;3189333;6013
10603507;4759951;31;False;female;8;True;True;3189334;1442
10603508;4759951;37;False;male;8;True;True;3189335;14044
10606445;4761255;54;True;female;3;True;True;3190246;5447
10606446;4761255;39;True;male;3;True;False;3190247;10366
10607314;4761631;39;True;male;3;True;True;3190508;2036
10612195;4763699;1;False;male;8;False;False;3191982;8304
10612196;4763699;39;True;male;3;True;False;3191983;13736
10612197;4763699;29;True;female;5;False;True;3191984;1903
10613212;4764160;14;False;female;8;False;True;3192286;11128
10613213;4764160;1;False;male;8;False;False;3192287;5500
10613214;4764160;11;False;female;8;False;False;3192288;5849
10613215;4764160;41;True;female;5;False;True;3192289;2077
10613216;4764160;8;False;female;8;False;False;3192290;4004
10614914;4764921;80;False;male;7;True;True;3192803;445
10616029;4765410;6;False;female;8;False;False;3193152;8783
10616030;4765410;1;False;male;8;False;False;3193153;8762
10616031;4765410;31;True;male;4;True;False;3193154;11259
10616032;4765410;27;False;female;8;True;True;3193155;2587
10616768;4765772;28;False;female;8;True;True;3193384;2982
10618192;4766409;38;True;male;4;True;True;3193782;2506
10618193;4766409;31;True;female;5;False;True;3193783;4516
10618216;4766422;17;False;female;8;False;True;3193789;11203
10618217;4766422;55;True;female;3;True;False;3193790;4818
10619909;4767130;19;False;male;8;False;True;3194273;5682
10620050;4767201;53;True;male;5;False;True;3194323;725
10622403;4768179;43;True;male;6;True;False;3195035;4625
10622404;4768179;10;False;female;8;False;False;3195036;8583
10622405;4768179;36;False;female;8;True;False;3195037;17365
10622406;4768179;8;False;female;8;False;True;3195038;8739
10622407;4768179;13;False;male;8;False;True;3195039;7512
10623770;4768759;35;True;male;3;True;False;3195443;313
10628369;4770579;57;True;male;5;True;False;3196811;8413
10628469;4770623;3;False;male;8;False;False;3196836;6628
10628470;4770623;30;True;male;4;False;False;3196837;431
10628471;4770623;6;False;male;8;False;True;3196838;17892
10628472;4770623;31;False;female;8;True;False;3196839;11331
10632531;4772414;11;False;male;8;False;False;3198277;4982
10632532;4772414;12;False;female;8;False;False;3198278;1930
10632533;4772414;52;False;male;8;True;True;3198279;5485
10632534;4772414;9;False;female;8;False;False;3198280;1410
10632535;4772414;43;False;female;8;False;True;3198281;7812
10638062;4774949;24;False;male;8;False;True;3199977;15076
10638063;4774949;60;True;female;5;False;False;3199978;5895
10638064;4774949;41;True;male;4;True;True;3199979;670
10639200;4775479;88;False;female;7;True;True;3200319;8013
10639995;4775913;58;True;female;5;False;True;3200587;5140
10642407;4777057;6;False;male;8;False;False;3201349;8522
10642408;4777057;38;True;male;3;True;True;3201350;3814
10642409;4777057;12;False;female;8;False;False;3201351;8329
10646452;4779107;4;False;female;8;False;True;3202591;8739
10646453;4779107;39;False;male;8;True;False;3202592;7886
10646454;4779107;32;True;female;5;True;True;3202593;7494
10649017;4780380;39;True;male;3;True;True;3203401;4255
10649018;4780380;3;False;female;8;False;False;3203402;7673
10649019;4780380;31;True;female;3;True;True;3203403;2831
10650517;4781017;53;True;male;2;True;False;3203841;759
10650518;4781017;47;True;female;3;True;False;3203842;6165
10650519;4781017;11;False;male;8;False;False;3203843;8469
10650520;4781017;6;False;male;8;False;True;3203844;7512
10655736;4783556;2;False;male;8;False;False;3205441;7990
10655737;4783556;34;False;female;8;True;True;3205442;4112
10655738;4783556;33;True;male;3;True;False;3205443;4106
10656088;4783711;5;False;female;8;False;False;3205543;8132
10656089;4783711;42;True;male;3;True;False;3205544;5086
10656090;4783711;38;True;female;3;True;False;3205545;6764
10656091;4783711;5;False;female;8;False;False;3205546;8586
10657300;4784320;56;True;male;4;True;True;3205931;2918
10664109;4787523;64;False;female;7;False;True;3208105;8175
10664533;4787726;33;True;female;3;True;False;3208217;5294
10664754;4787808;10;False;female;8;False;False;3208285;1410
10664755;4787808;36;True;female;5;False;False;3208286;6056
10664900;4787880;21;False;female;8;False;True;3208336;17321
10665759;4788276;85;False;male;7;True;False;3208600;1538
10671315;4790906;50;True;male;4;True;True;3210354;2264
10675153;4792635;92;False;female;7;True;True;3211532;4814
10676971;4793517;41;True;male;3;True;True;3212100;2036
10677262;4793634;63;True;male;5;True;True;3212186;10817
10677263;4793634;63;False;female;7;True;False;3212187;7586
10677264;4793634;87;False;female;7;True;False;3212188;8619
10677478;4793743;54;True;female;4;True;False;3212255;11182
10678705;4794321;57;False;female;8;False;False;3212641;4088
10679610;4794757;25;True;female;5;False;False;3212932;412
10680369;4795123;81;False;male;7;True;False;3213171;6398
10680370;4795123;82;False;female;7;True;False;3213172;3158
10680919;4795387;24;True;female;5;True;True;3213340;17225
10680920;4795387;23;True;male;6;True;False;3213341;11441
10686181;4797834;69;False;female;7;False;False;3215012;4986
10687009;4798221;24;True;male;2;True;False;3215258;16794
10687010;4798221;25;True;female;4;True;False;3215259;922
10687222;4798332;19;False;male;8;False;True;3215322;11471
10687223;4798332;22;False;female;8;False;True;3215323;449
10687224;4798332;23;False;female;8;False;True;3215324;601
10687225;4798332;62;False;female;8;True;False;3215325;1580
10689132;4799225;60;True;male;2;True;False;3215924;1324
10689133;4799225;58;False;female;8;True;False;3215925;5385
10689726;4799504;30;True;male;3;True;False;3216107;4407
10693164;4801065;46;True;male;6;False;False;3217183;2320
10693165;4801065;43;False;female;8;False;True;3217184;1909
10693166;4801065;66;False;male;8;True;True;3217185;15078
10693167;4801065;19;False;male;8;False;True;3217186;5682
10695127;4801989;42;True;male;2;True;False;3217820;7525
10695128;4801989;9;False;male;8;False;False;3217821;7594
10695129;4801989;49;False;female;8;False;False;3217822;7283
10695130;4801989;16;False;female;8;False;False;3217823;11722
10696107;4802487;57;True;male;4;True;False;3218145;4363
10699493;4804153;20;False;female;8;True;True;3219264;2982
10699494;4804153;69;True;male;2;True;False;3219265;18052
10701099;4804969;78;False;female;7;True;False;3219763;8619
10711353;4809757;9;False;male;8;False;False;3223016;7594
10711354;4809757;4;False;female;8;False;False;3223017;8553
10711355;4809757;36;False;female;8;True;False;3223018;10078
10711356;4809757;40;True;male;3;True;False;3223019;5230
10711357;4809757;9;False;male;8;False;False;3223020;7990
10713834;4810852;50;True;male;3;True;False;3223782;11679
10714982;4811417;9;False;male;8;False;False;3224161;7518
10714983;4811417;37;True;female;3;True;False;3224162;4957
10714984;4811417;43;True;male;3;True;False;3224163;11321
10714985;4811417;6;False;male;8;False;False;3224164;8846
10719618;4813536;66;False;female;7;True;False;3225608;8430
10720564;4813976;62;False;male;7;True;False;3225897;8559
10720565;4813976;31;True;male;4;True;False;3225898;1021
10720566;4813976;33;False;male;8;True;False;3225899;6726
10720567;4813976;62;False;female;7;True;False;3225900;7541
10721285;4814293;73;False;female;7;False;False;3226130;8487
10723273;4815192;38;True;female;3;True;False;3226749;18171
10723274;4815192;39;True;male;3;True;False;3226750;4133
10723275;4815192;6;False;female;8;False;False;3226751;8132
10727048;4817004;84;False;female;7;True;True;3227936;7862
10730794;4818788;46;True;female;3;True;True;3229137;1586
10730966;4818858;55;True;female;3;True;False;3229186;977
10730967;4818858;18;False;female;8;False;True;3229187;1752
10730968;4818858;63;True;male;3;False;False;3229188;7959
10734990;4820785;7;False;female;8;False;True;3230448;8739
10734991;4820785;2;False;male;8;False;False;3230449;7820
10734992;4820785;41;True;male;6;True;True;3230450;8571
10734993;4820785;37;True;female;2;True;False;3230451;11286
10738188;4822372;26;True;male;4;False;False;3231450;2306
10740685;4823294;52;False;female;8;True;True;3232404;941
10740686;4823294;54;False;male;8;True;True;3232405;1597
10741821;4823675;29;True;female;4;False;False;3232756;10500
10741822;4823675;4;False;male;8;False;True;3232757;8597
10741823;4823675;3;False;male;8;False;False;3232758;8469
10741824;4823675;36;True;male;4;True;False;3232759;17516
10742559;4823957;63;True;female;3;True;False;3232991;17549
10742560;4823957;71;False;male;7;True;False;3232992;8150
10743487;4824292;52;True;male;5;True;False;3233299;8413
10743488;4824292;6;False;female;8;False;False;3233300;7673
10743489;4824292;16;False;male;8;False;True;3233301;5937
10743490;4824292;13;False;male;8;False;False;3233302;7990
10743491;4824292;49;True;female;5;False;True;3233303;7816
10743824;4824426;90;False;female;7;True;False;3233400;8512
10745554;4825099;43;True;male;6;False;True;3233964;2196
10745650;4825136;42;True;male;2;True;False;3234004;5850
10745651;4825136;49;True;female;4;True;False;3234005;4233
10745652;4825136;9;False;female;8;False;False;3234006;7608
10745653;4825136;10;False;male;8;False;False;3234007;8770
10745654;4825136;7;False;female;8;False;False;3234008;8406
10750352;4826862;19;False;female;8;False;False;3235534;15031
10750353;4826862;58;True;male;6;True;False;3235535;14296
10750354;4826862;52;True;female;4;True;True;3235536;18029
10752496;4827627;27;True;male;6;False;True;3236218;3142
10753382;4827931;77;False;female;8;False;True;3236493;2029
10754992;4828470;10;False;female;8;False;False;3236998;7673
10754993;4828470;14;False;male;8;False;False;3236999;7594
10754994;4828470;12;False;female;8;False;False;3237000;8132
10754995;4828470;49;True;female;5;True;False;3237001;6392
10754996;4828470;50;True;male;6;True;False;3237002;9094
10760963;4830783;40;True;female;5;False;True;3238920;3658
10762384;4831277;15;False;female;8;False;True;3239352;4467
10762385;4831277;12;False;female;8;False;False;3239353;7725
10762386;4831277;40;True;female;4;True;False;3239354;17876
10762387;4831277;48;True;male;3;False;False;3239355;1812
10766283;4832656;1;False;male;8;False;True;3240583;8597
10766284;4832656;24;False;female;8;False;True;3240584;17653
10766285;4832656;40;False;male;8;True;False;3240585;14006
10766286;4832656;1;False;female;8;False;False;3240586;8240
10766365;4832682;25;True;male;6;True;False;3240609;11441
10766366;4832682;20;False;female;8;False;True;3240610;17874
10766367;4832682;42;False;female;8;True;True;3240611;3917
10766368;4832682;11;False;male;8;False;False;3240612;8874
10766860;4832827;63;False;female;7;True;True;3240748;1415
10766861;4832827;77;False;male;7;True;True;3240749;1393
10766862;4832827;29;False;female;8;False;False;3240750;1875
10772732;4835001;76;False;female;7;True;True;3242580;307
10773365;4835236;23;False;female;8;False;False;3242800;244
10773366;4835236;52;False;male;8;True;True;3242801;9945
10773367;4835236;15;False;female;8;False;True;3242802;601
10773368;4835236;51;True;female;5;True;False;3242803;6424
10773369;4835236;65;False;female;8;True;True;3242804;14757
10774374;4835767;69;False;female;7;True;True;3243479;7640
10774375;4835767;69;False;male;7;True;False;3243480;7419
10775052;4836147;29;True;female;3;False;True;3243712;16837
10775476;4836357;3;False;female;8;False;False;3243835;8446
10775477;4836357;39;True;male;3;True;False;3243836;3827
10775478;4836357;44;True;female;3;True;False;3243837;5301
10777834;4837532;82;False;female;7;False;False;3244537;930
10777835;4837532;86;False;male;7;True;False;3244538;1538
10778285;4837737;77;False;male;7;True;True;3244683;7971
10779047;4838139;31;True;female;3;True;True;3244921;2254
10779687;4838484;32;True;female;3;True;False;3245119;5234
10779688;4838484;29;True;female;5;True;True;3245120;6435
10780764;4839059;95;False;female;7;False;True;3245467;1625
10782168;4839729;67;True;male;6;False;False;3245901;1027
10783946;4840636;55;True;male;4;True;True;3246434;14208
10785117;4841248;45;True;male;3;True;True;3246808;2256
10785118;4841248;14;False;male;8;False;False;3246809;7594
10785119;4841248;11;False;female;8;False;False;3246810;8783
10787247;4842383;77;False;female;7;True;True;3247479;1463
10787859;4842696;6;False;male;8;False;False;3247666;8874
10787860;4842696;28;True;female;3;True;False;3247667;18199
10787861;4842696;28;True;male;4;True;False;3247668;4555
10787862;4842696;2;False;male;8;False;True;3247669;8597
10787947;4842762;35;True;male;3;True;True;3247695;610
10788167;4842884;81;False;female;7;True;True;3247769;7862
10788168;4842884;80;False;male;7;True;False;3247770;6034
10792404;4845038;48;True;male;6;True;True;3249111;5485
10792405;4845038;46;True;male;5;True;True;3249112;6658
10794952;4846318;63;True;female;3;True;False;3249894;14660
10795649;4846711;29;True;female;3;False;True;3250114;7471
10795650;4846711;30;False;male;8;True;True;3250115;1339
10795700;4846731;43;True;male;5;False;True;3250138;7096
10795785;4846783;32;True;female;3;True;False;3250164;5234
10798710;4848305;75;False;female;8;False;True;3251050;1526
10798711;4848305;72;False;male;7;False;False;3251051;15067
10799399;4848660;35;True;male;3;False;True;3251249;2030
10799400;4848660;31;True;female;3;True;False;3251250;1120
10803579;4850831;77;False;female;7;False;True;3252538;1625
10803991;4851022;64;True;female;5;False;False;3252656;6843
10805144;4851615;51;True;male;3;True;True;3253011;2399
10806922;4852584;30;True;male;4;False;False;3253575;15066
10806923;4852584;29;True;female;4;False;False;3253576;4640
10808378;4853303;56;True;female;3;True;True;3254037;3938
10808379;4853303;22;False;female;8;False;True;3254038;3374
10808380;4853303;18;False;male;8;False;True;3254039;3902
10808381;4853303;56;True;male;3;True;False;3254040;13612
10809465;4853846;18;False;male;8;False;False;3254351;8546
10809466;4853846;52;True;female;3;True;False;3254352;5313
10809467;4853846;21;False;female;8;True;False;3254353;1711
10811589;4854875;9;False;female;8;False;False;3255039;8240
10811590;4854875;7;False;female;8;False;False;3255040;8586
10811591;4854875;46;True;female;3;True;False;3255041;4938
10811592;4854875;46;True;male;2;True;False;3255042;7777
10812469;4855325;50;True;female;3;True;False;3255304;1787
10814812;4856607;35;True;female;3;True;False;3256040;698
10814813;4856607;6;False;male;8;False;False;3256041;7908
10814814;4856607;38;True;male;3;True;True;3256042;13762
10814815;4856607;2;False;female;8;False;False;3256043;8240
10815032;4856704;35;False;female;8;True;True;3256113;17193
10815033;4856704;35;True;male;4;True;True;3256114;432
10816585;4857498;57;True;male;4;True;True;3256585;1239
10817521;4858025;42;True;male;2;True;False;3256859;14724
10817522;4858025;16;False;male;8;True;True;3256860;1414
10817523;4858025;11;False;male;8;False;False;3256861;7320
10821437;4860091;34;True;female;4;True;True;3258063;3304
10822409;4860512;64;True;female;3;True;False;3258410;17752
10822410;4860512;23;False;male;8;False;True;3258411;11524
10822411;4860512;25;False;male;8;False;True;3258412;6834
10822607;4860581;27;False;female;8;True;True;3258472;1227
10823046;4860787;24;True;female;5;False;True;3258616;17485
10823047;4860787;52;False;female;8;True;False;3258617;1759
10823262;4860868;19;True;male;4;True;False;3258680;748
10823263;4860868;58;False;female;8;True;False;3258681;4269
10823264;4860868;17;False;male;8;True;True;3258682;854
10823265;4860868;14;False;male;8;False;False;3258683;6994
10823879;4861126;36;True;female;4;False;True;3258862;1295
10824147;4861243;37;False;female;8;True;False;3258938;1649
10824148;4861243;8;False;male;8;False;False;3258939;8042
10824149;4861243;12;False;male;8;False;False;3258940;7704
10824215;4861274;70;False;female;7;False;True;3258959;2461
10828599;4863048;73;False;female;7;True;True;3260246;813
10828600;4863048;76;False;male;7;False;False;3260247;731
10831046;4864096;43;True;male;6;False;True;3261005;7003
10831047;4864096;39;True;female;5;False;True;3261006;8023
10831048;4864096;4;False;male;8;False;False;3261007;8846
10831049;4864096;71;False;female;7;False;False;3261008;8487
10833133;4865016;29;True;male;6;False;True;3261617;3142
10833134;4865016;27;True;female;5;False;True;3261618;5868
10833135;4865016;59;True;female;5;True;True;3261619;8227
10835271;4865875;26;False;female;8;False;False;3262281;13520
10835272;4865875;38;True;male;5;True;True;3262282;6972
10835273;4865875;6;False;male;8;False;False;3262283;8042
10835274;4865875;7;False;male;8;False;False;3262284;8770
10838433;4867166;60;False;male;7;True;False;3263284;8423
10838434;4867166;55;True;female;4;True;False;3263285;2365
10842881;4869020;69;False;female;7;False;False;3264646;8487
10843477;4869246;7;False;male;8;False;False;3264834;7820
10843478;4869246;12;False;male;8;False;False;3264835;8304
10843479;4869246;18;False;male;8;False;True;3264836;6518
10843480;4869246;23;False;male;8;False;False;3264837;17664
10843481;4869246;48;True;female;5;True;False;3264838;17690
10844705;4869771;61;True;female;4;False;False;3265244;6621
10844706;4869771;22;True;female;5;True;True;3265245;3638
10845797;4870237;77;False;female;7;True;True;3265568;1368
10847930;4871113;53;True;female;6;True;True;3266240;5458
10847931;4871113;26;True;male;6;False;True;3266241;5929
10847932;4871113;56;True;male;6;True;False;3266242;14343
10849563;4871854;57;True;male;6;True;False;3266746;3362
10849564;4871854;54;True;female;5;True;False;3266747;17471
10856192;4874578;33;True;female;4;False;True;3268770;2807
10856193;4874578;32;True;male;3;True;False;3268771;4207
10856194;4874578;4;False;female;8;False;False;3268772;8326
10856195;4874578;2;False;female;8;False;False;3268773;8240
10867335;4878926;19;False;male;8;True;False;3272243;18073
10867336;4878926;52;True;female;6;True;False;3272244;14882
10867337;4878926;16;False;male;8;False;False;3272245;3145
10867338;4878926;67;False;male;7;True;False;3272246;8261
10870203;4880116;12;False;female;8;False;False;3273109;14607
10870204;4880116;12;False;male;8;False;False;3273110;11349
10870205;4880116;54;True;male;6;True;False;3273111;7043
10870206;4880116;41;False;female;8;False;True;3273112;1909
10870842;4880351;75;False;male;7;True;False;3273324;4429
10870843;4880351;19;False;female;8;False;False;3273325;1533
10870844;4880351;28;True;male;3;True;False;3273326;3628
10870845;4880351;53;False;female;8;True;False;3273327;8489
10871270;4880542;8;False;male;8;False;False;3273453;8304
10871271;4880542;6;False;male;8;False;False;3273454;8042
10871272;4880542;48;True;male;6;True;True;3273455;5466
10871273;4880542;40;True;female;4;True;False;3273456;2364
10874610;4881903;40;False;male;8;True;True;3274445;14625
10877343;4883054;56;False;female;8;True;False;3275272;14469
10877344;4883054;59;True;male;4;True;False;3275273;4363
10879426;4883911;63;False;female;7;False;False;3275865;8049
10879427;4883911;85;False;female;7;True;True;3275866;2268
10884211;4885912;76;False;female;7;True;False;3277323;1343
10891672;4888975;0;False;male;8;False;False;3279664;7704
10891673;4888975;7;False;female;8;False;False;3279665;7985
10891674;4888975;36;True;female;5;True;False;3279666;7788
10893826;4889820;76;False;female;7;True;True;3280274;2268
10896818;4891155;47;True;male;2;True;False;3281241;759
10896819;4891155;45;True;female;4;True;True;3281242;11335
10896820;4891155;24;True;male;5;True;True;3281243;7042
10896821;4891155;16;False;female;8;False;True;3281244;8463
10898612;4891881;22;True;female;5;False;False;3281754;6976
10898613;4891881;31;True;female;5;True;True;3281755;7494
10898614;4891881;59;False;female;8;False;False;3281756;3417
10899827;4892347;64;False;female;8;False;False;3282122;10487
10899828;4892347;59;True;male;4;True;False;3282123;4767
10899829;4892347;87;False;female;7;False;False;3282124;17179
10904081;4894065;57;True;male;6;True;False;3283460;7873
10904082;4894065;31;True;male;6;True;False;3283461;17509
10904083;4894065;60;False;female;8;True;False;3283462;2804
10906987;4895333;65;True;male;4;True;False;3284367;7926
10906988;4895333;66;True;female;4;True;False;3284368;5765
10908179;4895831;67;False;male;7;True;False;3284740;7926
10908180;4895831;67;False;female;7;True;True;3284741;7640
10908677;4896015;47;True;male;3;True;False;3284898;1024
10908678;4896015;49;True;female;4;True;False;3284899;4233
10908679;4896015;18;False;male;8;False;True;3284900;2228
10911592;4897239;63;True;female;4;True;False;3285797;17642
10911593;4897239;93;False;female;7;True;False;3285798;4054
10913029;4897773;45;True;male;6;True;False;3286200;5060
10913030;4897773;77;False;male;7;True;True;3286201;7797
10913202;4897861;1;False;female;8;False;False;3286258;8329
10913203;4897861;36;True;male;3;True;True;3286259;14955
10913204;4897861;29;False;female;8;False;True;3286260;4467
10913898;4898153;61;True;female;5;True;False;3286480;1591
10916087;4899017;33;True;male;3;False;False;3287579;4505
10918454;4900074;37;True;female;3;True;True;3288293;8311
10918466;4900080;1;False;male;8;False;False;3288294;3508
10918467;4900080;33;True;female;4;True;False;3288295;13555
10918468;4900080;32;False;male;8;True;False;3288296;4641
10919274;4900395;42;True;female;5;False;True;3288534;1798
10919275;4900395;21;False;male;8;True;True;3288535;17470
10923294;4902164;8;False;female;8;False;False;3289751;8553
10923295;4902164;54;False;male;8;True;False;3289752;673
10923296;4902164;14;False;female;8;False;False;3289753;7673
10923297;4902164;16;False;female;8;False;True;3289754;17653
10923298;4902164;41;False;female;8;False;False;3289755;17422
10923299;4902164;4;False;male;8;False;False;3289756;874
10924690;4902710;69;False;male;7;True;False;3290164;14384
10924691;4902710;68;False;female;7;True;False;3290165;14468
10927704;4903986;45;True;male;3;True;True;3291066;946
10927705;4903986;18;False;female;8;False;False;3291067;11722
10932922;4906203;84;False;male;7;True;False;3292598;1744
10933274;4906370;9;False;male;8;False;False;3292713;14688
10933275;4906370;4;False;female;8;False;False;3292714;2628
10933276;4906370;38;True;male;3;True;False;3292715;1756
10933277;4906370;4;False;female;8;False;True;3292716;293
10933278;4906370;38;True;female;5;True;True;3292717;14893
10933866;4906630;33;True;male;2;True;False;3292881;2433
10933867;4906630;2;False;male;8;False;False;3292882;3727
10933868;4906630;33;True;female;3;True;True;3292883;3510
10936017;4907610;31;True;male;3;True;False;3293524;9898
10937055;4908091;1;False;female;8;False;False;3293849;17865
10937056;4908091;31;True;female;4;True;False;3293850;13590
10939627;4909198;58;True;male;4;True;True;3294611;14553
10939628;4909198;27;True;female;4;True;False;3294612;7714
10939629;4909198;51;True;female;5;True;False;3294613;14497
10939630;4909198;23;False;female;8;False;False;3294614;10475
10940001;4909338;50;True;male;4;True;False;3294727;4767
10940002;4909338;13;False;male;8;False;False;3294728;15948
10940682;4909616;39;True;male;3;True;False;3294919;6146
10940683;4909616;37;True;female;3;True;True;3294920;17136
10940684;4909616;9;False;male;8;False;True;3294921;1659
10940685;4909616;6;False;female;8;False;False;3294922;3549
10940974;4909741;41;True;male;3;True;False;3295007;1933
10940975;4909741;46;True;female;5;True;False;3295008;13291
10940976;4909741;10;False;male;8;False;False;3295009;3020
10940977;4909741;12;False;male;8;False;False;3295010;17677
10944487;4911238;48;True;female;4;True;False;3296095;1980
10944488;4911238;14;False;female;8;False;False;3296096;16543
10944489;4911238;18;False;female;8;False;True;3296097;601
10944490;4911238;53;True;male;4;True;True;3296098;14031
10949902;4913523;61;False;male;7;False;False;3297708;13977
10949903;4913523;55;True;female;3;True;False;3297709;2423
10949964;4913553;21;True;female;5;False;False;3297728;3405
10950534;4913805;68;False;female;7;True;False;3297903;14335
10953170;4914899;71;False;male;7;True;False;3298715;14028
10954156;4915347;32;True;female;3;True;False;3299000;5009
10954157;4915347;35;True;male;3;True;False;3299001;8653
10954158;4915347;1;False;male;8;False;False;3299002;16337
10960118;4917837;11;False;male;8;False;False;3300819;8846
10960119;4917837;51;False;female;8;True;False;3300820;11806
10960120;4917837;57;True;male;3;True;True;3300821;946
10960134;4917845;94;False;female;8;False;False;3300823;7802
10960549;4918022;23;True;male;3;False;False;3300946;13360
10961301;4918365;60;False;female;8;True;False;3301170;6197
10961302;4918365;62;False;male;7;True;False;3301171;13332
10961888;4918638;86;False;male;7;True;False;3301337;8363
10961889;4918638;35;True;female;3;True;False;3301338;486
10961890;4918638;69;False;female;7;False;False;3301339;6498
10965314;4920089;32;False;female;8;True;False;3302535;10989
10965315;4920089;37;False;male;8;True;False;3302536;1983
10966155;4920423;55;True;female;5;True;False;3302808;14987
10966156;4920423;26;True;male;4;False;False;3302809;2306
10966157;4920423;19;False;male;8;False;True;3302810;3902
10966158;4920423;57;True;male;6;True;False;3302811;7873
10966278;4920487;45;True;male;4;True;True;3302840;1770
10967368;4920953;64;False;female;7;True;True;3303155;6239
10972581;4923120;39;True;male;3;True;False;3304679;4781
10972582;4923120;36;True;female;5;True;False;3304680;14113
10976470;4924629;35;True;female;5;True;False;3305821;15165
10976471;4924629;9;False;female;8;False;False;3305822;5639
10976472;4924629;6;False;female;8;False;False;3305823;11775
10976473;4924629;13;False;male;8;False;False;3305824;10424
10976474;4924629;43;True;male;2;True;False;3305825;1983
10980814;4926418;65;False;female;8;False;False;3307032;7333
10983466;4927531;76;True;female;5;True;False;3307812;8720
10986746;4928813;30;False;female;8;True;False;3308757;5628
10986747;4928813;3;False;female;8;False;False;3308758;1966
10986748;4928813;2;False;female;8;False;True;3308759;6674
10986749;4928813;4;False;female;8;False;True;3308760;1775
10989504;4929941;10;False;male;8;False;False;3309581;4982
10989505;4929941;32;True;female;5;True;True;3309582;2219
10989506;4929941;8;False;male;8;False;False;3309583;2141
10989507;4929941;9;False;male;8;False;False;3309584;860
10989508;4929941;5;False;male;8;False;False;3309585;7320
10999348;4933923;18;False;male;8;False;False;3312615;8715
10999349;4933923;16;False;male;8;False;True;3312616;9193
10999350;4933923;54;True;male;5;True;False;3312617;13987
10999351;4933923;44;True;female;6;True;False;3312618;8114
11006813;4936886;22;True;female;5;True;False;3314925;10621
11006814;4936886;49;True;male;3;True;True;3314926;5517
11009654;4937940;30;True;male;5;True;True;3315808;6972
11009655;4937940;26;True;female;4;False;False;3315809;10500
11011525;4938630;5;False;male;8;False;False;3316401;10490
11011526;4938630;3;False;male;8;False;False;3316402;7990
11011527;4938630;36;True;female;5;True;False;3316403;14217
11011528;4938630;51;True;male;2;True;False;3316404;17143
11014347;4939683;54;True;female;5;True;True;3317577;14404
11014600;4939786;35;True;male;5;True;False;3317662;6142
11015168;4939981;90;False;female;7;False;True;3317837;14482
11016766;4940609;8;False;male;8;False;False;3318342;16329
11016767;4940609;28;True;female;5;False;False;3318343;2930
11016768;4940609;36;True;male;3;True;True;3318344;14473
11016769;4940609;5;False;female;8;False;False;3318345;2276
11017301;4940812;49;True;male;3;True;True;3318502;10870
11017302;4940812;47;False;female;8;True;False;3318503;8489
11017303;4940812;7;False;male;8;False;True;3318504;7512
11017304;4940812;10;False;female;8;False;False;3318505;4226
11022761;4942889;80;False;male;7;True;False;3320159;6034
11022762;4942889;76;False;female;7;True;False;3320160;7992
11023109;4942995;40;True;male;3;True;False;3320261;2510
11023110;4942995;26;True;female;4;True;False;3320262;5433
11031168;4946090;63;False;female;7;True;False;3322717;14582
11032178;4946467;26;True;male;6;True;False;3323025;3088
11032179;4946467;2;False;male;8;False;True;3323026;7512
11032180;4946467;26;False;female;8;True;False;3323027;11196
11037029;4948295;1;False;male;8;False;False;3324473;3221
11037030;4948295;30;True;male;6;True;False;3324474;15134
11037031;4948295;30;False;female;8;True;False;3324475;15084
11037032;4948295;4;False;female;8;False;False;3324476;14281
11037801;4948611;36;True;male;6;True;False;3324724;7709
11037802;4948611;31;True;female;5;True;False;3324725;13727
11037803;4948611;3;False;female;8;False;False;3324726;8240
11041923;4950174;87;False;male;7;True;True;3325965;1393
11041924;4950174;80;False;female;7;False;True;3325966;7508
11043022;4950623;65;False;female;7;False;False;3326329;14876
11043679;4950867;42;True;male;5;True;False;3326523;17102
11043680;4950867;1;False;male;8;False;False;3326524;8874
11043681;4950867;40;False;female;8;True;True;3326525;2101
11047244;4952153;56;True;female;3;True;False;3327621;212
11048035;4952477;8;False;male;8;False;True;3327865;5428
11048036;4952477;43;True;female;4;True;False;3327866;13555
11048037;4952477;13;False;male;8;False;False;3327867;10555
11048038;4952477;43;True;male;3;True;True;3327868;14973
11053343;4954463;62;True;female;4;True;False;3329706;10719
11055567;4955349;21;True;male;6;False;True;3330381;3142
11055568;4955349;6;False;male;8;False;False;3330382;10424
11055569;4955349;19;False;male;8;False;False;3330383;11713
11055570;4955349;45;False;female;8;True;False;3330384;16287
11055571;4955349;13;False;male;8;False;False;3330385;10424
11056240;4955626;28;False;female;8;False;True;3330586;2216
11058824;4956686;48;True;female;5;True;False;3331385;14987
11058825;4956686;53;True;male;3;True;True;3331386;7578
11058826;4956686;56;True;male;6;True;False;3331387;3515
11059048;4956778;57;True;male;5;True;False;3331451;17464
11059823;4957095;54;True;male;3;True;True;3331712;890
11059893;4957121;46;True;female;3;True;True;3331729;5716
11059894;4957121;13;False;female;8;False;False;3331730;10410
11059895;4957121;54;True;male;3;False;True;3331731;7551
11059896;4957121;11;False;female;8;False;False;3331732;7092
11062504;4958102;23;True;female;4;True;False;3332502;6422
11062505;4958102;20;False;male;8;False;False;3332503;8174
11062506;4958102;51;True;female;5;True;True;3332504;15196
11062507;4958102;53;False;male;8;True;False;3332505;2042
11062508;4958102;21;False;female;8;True;True;3332506;2587
11065601;4959279;30;False;male;8;True;True;3333444;2891
11065602;4959279;70;False;female;7;True;False;3333445;14335
11065603;4959279;70;False;male;7;False;False;3333446;13977
11067072;4959870;59;True;male;4;True;False;3333875;6171
11067073;4959870;27;False;male;8;True;False;3333876;4019
11067074;4959870;59;False;female;8;True;False;3333877;16287
11067075;4959870;23;False;female;8;False;True;3333878;11203
11067788;4960186;20;False;female;8;True;False;3334092;1711
11067789;4960186;20;True;female;5;False;False;3334093;3405
11067790;4960186;49;True;female;5;True;False;3334094;14196
11067791;4960186;57;True;male;6;True;False;3334095;17093
11067820;4960200;81;False;female;7;False;False;3334101;15895
11067821;4960200;65;False;male;8;True;False;3334102;1581
11070017;4961113;38;True;female;5;True;True;3334730;14013
11070018;4961113;10;False;female;8;False;False;3334731;5981
11070019;4961113;43;True;male;6;True;False;3334732;7994
11070265;4961217;69;False;male;7;True;False;3334806;15149
11070266;4961217;65;False;female;7;True;False;3334807;14582
11073534;4962517;10;False;female;8;False;False;3335784;11149
11073535;4962517;37;True;female;5;False;False;3335785;1794
11073536;4962517;32;False;male;8;False;True;3335786;7096
11074400;4962891;66;False;male;7;True;False;3336035;15127
11074401;4962891;54;True;female;6;True;True;3336036;18138
11079859;4965017;88;False;female;7;False;False;3337684;14523
11081581;4965717;41;True;female;3;True;False;3338201;6764
11081582;4965717;38;True;male;3;True;False;3338202;4147
11081583;4965717;14;False;female;8;False;False;3338203;3188
11082522;4966089;54;True;female;5;True;True;3338473;14404
11082523;4966089;73;False;male;7;True;False;3338474;14759
11084288;4966825;59;True;female;4;True;False;3339014;16981
11084289;4966825;62;True;male;3;True;False;3339015;4955
11084755;4967029;65;False;female;7;True;False;3339149;14313
11086059;4967584;42;True;male;3;True;True;3339538;14955
11086060;4967584;36;True;female;4;True;True;3339539;13528
11086061;4967584;68;False;female;7;True;False;3339540;13235
11086062;4967584;43;True;female;3;True;False;3339541;5141
11086063;4967584;10;False;male;8;False;False;3339542;8042
11086497;4967760;72;False;female;7;True;False;3339670;15148
11086498;4967760;77;False;male;7;True;True;3339671;7971
11089296;4968831;78;False;female;7;False;False;3340504;6387
11092574;4970190;68;False;male;7;False;False;3341529;5278
11094794;4971084;39;True;male;5;True;False;3342217;7065
11096482;4971792;30;True;female;4;True;False;3342738;13344
11099420;4973017;18;False;female;8;False;True;3343592;4467
11099421;4973017;47;True;female;6;True;False;3343593;16352
11099422;4973017;57;True;male;6;True;False;3343594;16256
11102149;4974115;76;False;female;7;True;True;3344394;8626
11107872;4976368;46;True;female;3;True;False;3346052;1572
11107873;4976368;13;False;male;8;False;False;3346053;16346
11116671;4979827;58;True;male;5;True;False;3348825;17696
11118843;4980734;75;False;female;7;False;False;3349392;5712
11118844;4980734;77;False;male;7;True;False;3349393;2539
11121517;4981799;23;True;female;5;True;True;3350062;10792
11121518;4981799;22;True;male;4;True;False;3350063;14415
11123276;4982529;70;False;male;7;True;False;3350496;15149
11123277;4982529;75;False;female;7;True;False;3350497;10729
11125833;4983544;50;True;female;4;True;False;3351152;17980
11125834;4983544;20;False;male;8;False;True;3351153;2228
11125835;4983544;16;False;female;8;False;True;3351154;11203
11126477;4983805;69;False;female;7;True;False;3351296;14582
11126478;4983805;71;False;male;7;True;False;3351297;14190
11126655;4983888;71;False;female;7;True;False;3351340;14335
11126987;4984045;1;False;female;8;False;False;3351434;17865
11126988;4984045;34;True;female;3;True;True;3351435;6535
11126989;4984045;3;False;female;8;False;False;3351436;10875
11126990;4984045;37;True;male;4;True;False;3351437;14720
11127770;4984359;31;True;male;5;True;True;3351651;7659
11127771;4984359;33;False;female;8;False;True;3351652;4962
11127873;4984403;2;False;female;8;False;False;3351685;2864
11127874;4984403;4;False;female;8;False;True;3351686;7341
11127875;4984403;42;True;male;4;True;False;3351687;14006
11127876;4984403;34;False;female;8;True;False;3351688;18102
11130536;4985482;71;False;male;7;True;False;3352370;14034
11130537;4985482;72;False;female;8;True;True;3352371;1297
11131305;4985792;62;True;male;3;True;True;3352599;2633
11131306;4985792;64;True;female;3;True;False;3352600;9957
11131477;4985849;34;True;female;2;True;True;3352642;7782
11131478;4985849;25;True;female;5;True;False;3352643;11177
11131479;4985849;62;True;male;2;True;False;3352644;11725
11131480;4985849;60;False;female;8;True;False;3352645;4824
11132365;4986209;80;False;male;7;True;False;3352886;4388
11132366;4986209;65;False;female;7;True;False;3352887;14666
11135751;4987577;56;True;male;2;True;False;3353751;8756
11135752;4987577;57;True;female;5;True;False;3353752;14196
11136273;4987784;3;False;female;8;False;False;3353880;3424
11136274;4987784;28;True;female;5;False;True;3353881;6497
11136275;4987784;33;True;male;6;True;False;3353882;15134
11136303;4987792;74;False;male;7;True;False;3353892;15127
11136304;4987792;72;False;female;7;True;False;3353893;14071
11138121;4988497;42;False;female;8;True;True;3354358;1083
11138122;4988497;8;False;female;8;False;False;3354359;633
11138123;4988497;14;False;male;8;False;False;3354360;4982
11138124;4988497;15;False;male;8;True;True;3354361;754
11138125;4988497;12;False;male;8;False;False;3354362;860
11138126;4988497;56;True;male;6;False;True;3354363;7101
11143302;4990649;81;False;male;7;True;False;3355704;10416
11143303;4990649;80;False;female;7;False;False;3355705;14523
11146218;4991910;5;False;female;8;False;True;3356438;1447
11146219;4991910;35;True;male;2;True;False;3356439;16964
11146220;4991910;32;True;female;4;True;False;3356440;13590
11148759;4992942;12;False;female;8;False;False;3357086;5055
11148760;4992942;36;True;female;5;True;False;3357087;13717
11148761;4992942;37;True;male;3;True;True;3357088;14473
11148762;4992942;8;False;male;8;False;False;3357089;3437
11149108;4993072;53;False;female;8;False;False;3357184;14557
11149109;4993072;14;False;female;8;False;False;3357185;7484
11152436;4994411;38;True;male;5;False;True;3358041;4081
11153168;4994694;59;False;male;8;True;True;3358223;4520
11153169;4994694;59;False;female;8;True;False;3358224;7870
11153378;4994792;49;True;male;4;True;False;3358274;7141
11154525;4995246;22;True;male;4;True;False;3358565;10803
11154526;4995246;51;True;male;5;True;True;3358566;1101
11154527;4995246;51;True;female;4;True;True;3358567;2711
11154528;4995246;17;True;male;5;True;True;3358568;1917
11154700;4995313;69;False;female;7;True;False;3358611;13271
11155788;4995773;74;False;male;7;True;True;3358899;13998
11157135;4996338;24;True;male;5;True;True;3359251;3107
11157136;4996338;61;True;male;3;True;False;3359252;5203
11157137;4996338;20;False;female;8;False;False;3359253;8526
11157138;4996338;57;True;female;5;True;False;3359254;14987
11159667;4997399;46;True;female;3;True;False;3359932;4938
11160649;4997785;60;True;female;3;True;False;3360169;6571
11160650;4997785;21;True;female;4;True;False;3360170;8234
11161225;4998034;55;True;male;5;True;True;3360322;4455
11161226;4998034;25;True;male;3;True;True;3360323;17490
11161227;4998034;53;True;female;4;True;True;3360324;5150
11165257;4999699;57;True;male;4;True;False;3361378;18074
11165258;4999699;49;True;male;3;True;False;3361379;781
11166175;5000091;59;True;male;2;True;False;3361605;8756
11166176;5000091;58;True;female;3;True;True;3361606;1065
11168657;5001048;29;True;male;6;True;False;3362247;15058
11169898;5001566;18;False;female;8;False;True;3362571;14151
11169899;5001566;50;True;female;3;True;False;3362572;16333
11169900;5001566;14;False;female;8;False;False;3362573;8783
11169901;5001566;51;True;male;3;True;False;3362574;8505
11170971;5002032;50;True;male;4;True;True;3362855;294
11172945;5002855;67;False;male;7;True;False;3363370;14429
11172946;5002855;63;False;female;7;True;False;3363371;15148
11173619;5003126;86;False;female;7;True;False;3363549;7967
11173620;5003126;89;False;male;7;True;False;3363550;6823
11175602;5003916;24;True;male;6;True;False;3364300;6491
11175669;5003946;52;True;female;2;True;False;3364320;7028
11175670;5003946;18;True;male;6;True;False;3364321;11441
11180149;5005864;77;False;female;7;True;True;3365714;1123
11182263;5006846;11;False;female;8;False;True;3366379;6135
11182264;5006846;57;True;male;3;True;False;3366380;8360
11182265;5006846;17;False;female;8;False;True;3366381;17653
11182266;5006846;50;True;female;3;True;False;3366382;6362
11183375;5007340;78;False;female;7;True;False;3366716;4418
11183376;5007340;83;False;male;7;True;False;3366717;4388
11185677;5008315;34;False;female;8;True;True;3367415;1975
11185678;5008315;35;True;male;5;True;True;3367416;13984
11188886;5009648;43;True;male;4;True;False;3368388;14675
11188887;5009648;39;True;female;4;True;True;3368389;15183
11191646;5010845;15;False;female;8;False;True;3369242;3040
11191647;5010845;40;True;female;4;True;False;3369243;14203
11191648;5010845;44;True;male;3;True;True;3369244;2617
11191649;5010845;11;False;female;8;False;False;3369245;7985
11192727;5011252;52;True;male;6;True;False;3369595;17204
11192728;5011252;48;True;female;5;True;True;3369596;13432
11192729;5011252;15;False;male;8;False;True;3369597;15972
11192730;5011252;10;False;male;8;False;False;3369598;7908
11192731;5011252;13;False;female;8;False;False;3369599;7725
11193316;5011530;57;True;male;4;True;True;3369786;4719
11193317;5011530;57;True;female;5;True;True;3369787;14713
11193318;5011530;27;True;male;3;True;False;3369788;17316
11193470;5011589;10;False;female;8;False;False;3369833;2041
11193471;5011589;46;False;female;8;True;False;3369834;5385
11193472;5011589;47;True;male;3;True;False;3369835;4125
11193473;5011589;6;False;male;8;False;False;3369836;874
11196245;5012854;44;False;female;8;False;False;3370674;17422
11196246;5012854;71;False;male;7;True;False;3370675;13561
11196247;5012854;69;False;female;7;True;False;3370676;14582
11197260;5013282;7;False;male;8;False;False;3371001;3759
11197261;5013282;41;True;male;6;True;False;3371002;8609
11197262;5013282;38;True;female;4;True;True;3371003;14483
11197263;5013282;4;False;male;8;False;False;3371004;3540
11198405;5013756;63;True;male;5;True;False;3371364;2548
11203863;5016140;32;False;female;8;True;True;3373042;4112
11203864;5016140;28;False;male;8;False;False;3373043;625
11204931;5016603;51;True;male;3;False;True;3373393;4591
11208129;5017987;38;False;female;8;True;False;3374410;15847
11208130;5017987;73;False;male;7;True;True;3374411;14761
11208131;5017987;65;False;female;7;True;False;3374412;13532
11213005;5020011;42;True;male;6;True;False;3375924;8609
11213006;5020011;4;False;female;8;False;False;3375925;8586
11213007;5020011;3;False;male;8;False;False;3375926;14709
11213008;5020011;23;False;male;8;False;False;3375927;11713
11213009;5020011;5;False;male;8;False;False;3375928;10424
11213010;5020011;37;True;female;4;True;False;3375929;14842
11223037;5024222;61;True;male;5;True;False;3379030;16266
11223038;5024222;60;True;female;4;True;False;3379031;10590
11223687;5024513;6;False;female;8;False;False;3379231;2864
11223688;5024513;13;False;female;8;False;False;3379232;3549
11223689;5024513;9;False;male;8;False;False;3379233;16318
11223690;5024513;29;False;female;8;True;True;3379234;2350
11226122;5025527;39;True;female;4;True;False;3379981;13533
11226123;5025527;40;True;male;5;True;True;3379982;6972
11226124;5025527;6;False;female;8;False;False;3379983;8586
11226125;5025527;1;False;female;8;False;False;3379984;10970
11238496;5030502;90;False;female;7;True;True;3383022;1165
11238497;5030502;87;False;male;7;True;False;3383023;4308
11239340;5030843;45;True;female;5;True;False;3383191;14497
11239341;5030843;54;True;male;4;True;False;3383192;7160
11239342;5030843;20;False;male;8;False;True;3383193;9083
11243179;5032412;3;False;female;8;False;False;3383967;10970
11243180;5032412;33;True;female;5;True;False;3383968;14113
11243751;5032650;70;False;female;7;True;False;3384083;14582
11250240;5035108;11;False;female;8;False;False;3385391;2041
11250241;5035108;43;True;male;2;True;False;3385392;16964
11250242;5035108;43;True;female;4;True;False;3385393;14203
11250243;5035108;14;False;female;8;False;True;3385394;1544
11250264;5035115;17;False;male;8;False;True;3385395;11524
11250265;5035115;18;False;male;8;False;True;3385396;3428
11250266;5035115;43;True;male;5;True;True;3385397;18179
11253267;5036282;38;True;female;5;True;False;3385998;13632
11254313;5036696;78;False;female;7;True;False;3386209;10729
11255771;5037265;4;False;male;8;False;False;3386503;11507
11255772;5037265;7;False;female;8;False;False;3386504;6280
11255773;5037265;34;True;male;3;True;False;3386505;13350
11255774;5037265;33;True;female;5;True;True;3386506;14893
11258671;5038405;6;False;male;8;False;False;3387086;5170
11258672;5038405;42;True;male;4;True;False;3387087;13241
11258673;5038405;35;True;female;4;True;True;3387088;14329
11260667;5039208;61;False;female;7;True;False;3387487;14468
11260668;5039208;62;False;male;7;True;False;3387488;14022
11261284;5039479;32;False;female;8;True;False;3387608;2687
11261285;5039479;36;True;male;4;True;False;3387609;14006
11261286;5039479;4;False;male;8;False;False;3387610;13247
11263431;5040393;40;True;female;4;True;False;3388044;4950
11265747;5041235;74;False;male;7;False;True;3388509;2096
11265748;5041235;74;False;female;7;False;False;3388510;11716
11272099;5043603;25;True;female;4;False;True;3389792;6710
11272100;5043603;59;True;female;5;True;True;3389793;14404
11272101;5043603;70;False;male;7;True;False;3389794;14806
11282402;5047703;61;False;female;8;True;False;3391855;18039
11282403;5047703;63;False;male;7;False;False;3391856;13977
11286729;5049467;60;True;female;3;True;False;3392733;18169
11286730;5049467;62;True;male;5;True;False;3392734;4955
11286731;5049467;29;True;male;4;True;False;3392735;10803
11286732;5049467;26;True;female;4;True;False;3392736;17028
11287687;5049878;54;True;male;6;True;False;3392925;3515
11287733;5049897;63;False;male;7;True;False;3392934;15127
11287734;5049897;72;False;female;7;False;False;3392935;15221
11291586;5051481;31;True;male;3;True;False;3394098;534
11291587;5051481;34;True;female;4;True;False;3394099;13283
11292485;5051833;66;False;male;7;True;False;3394388;15149
11293917;5052384;29;True;male;5;True;False;3394832;7888
11293918;5052384;32;True;female;5;True;False;3394833;13595
11295664;5053118;95;False;female;7;False;False;3395417;15157
11298325;5054243;26;True;female;4;True;True;3396303;1370
11302189;5055795;72;False;male;7;False;False;3397472;13977
11302190;5055795;73;False;female;7;True;False;3397473;13271
11304570;5056832;17;False;male;8;False;True;3398229;7280
11304571;5056832;51;True;male;3;True;True;3398230;3808
11304572;5056832;21;False;male;8;True;True;3398231;11381
11304573;5056832;53;True;female;4;True;True;3398232;548
11304915;5056976;5;False;male;8;False;False;3398329;4934
11304916;5056976;48;True;female;5;False;False;3398330;457
11304917;5056976;11;False;male;8;False;False;3398331;1803
11306140;5057526;12;False;male;8;False;False;3398709;6457
11306141;5057526;51;True;female;5;True;False;3398710;14196
11307080;5057944;83;False;female;7;False;False;3398979;11101
11307878;5058277;75;False;male;7;True;True;3399220;6355
11309121;5058794;51;False;female;8;True;False;3399562;8489
11309122;5058794;67;True;male;6;True;False;3399563;3063
11316799;5061961;7;False;male;8;False;True;3401867;2516
11316800;5061961;5;False;female;8;False;True;3401868;3268
11316801;5061961;44;True;male;3;True;False;3401869;4147
11316802;5061961;34;False;female;8;True;False;3401870;3210
11316803;5061961;9;False;female;8;False;False;3401871;4079
11317325;5062179;43;True;male;5;True;True;3402037;6972
11317357;5062200;25;True;male;5;False;False;3402045;6593
11317358;5062200;26;True;female;4;True;False;3402046;16978
11321270;5063854;27;True;female;3;True;True;3403259;8192
11321271;5063854;28;True;male;3;True;True;3403260;8540
11326350;5066106;60;True;male;3;True;True;3404919;1701
11326351;5066106;59;True;female;3;True;False;3404920;14103
11327099;5066395;8;False;male;8;False;False;3405155;3759
11327100;5066395;39;False;female;8;True;False;3405156;10644
11327101;5066395;10;False;male;8;False;False;3405157;7990
11327102;5066395;13;False;male;8;False;False;3405158;15948
11327103;5066395;72;False;female;7;True;False;3405159;13270
11327479;5066553;27;True;male;3;True;False;3405271;3631
11327480;5066553;33;True;female;5;True;False;3405272;13428
11335816;5070022;65;True;female;5;True;False;3407904;1260
11335817;5070022;64;True;male;3;True;False;3407905;1234
11338485;5071261;62;False;male;7;True;False;3408749;14654
11342435;5072888;47;True;female;3;True;False;3409948;10658
11342436;5072888;16;False;male;8;True;True;3409949;10038
11342437;5072888;46;True;male;3;True;True;3409950;946
11342438;5072888;18;False;male;8;False;True;3409951;6518
11342439;5072888;12;False;male;8;False;False;3409952;10950
11344256;5073636;2;False;male;8;False;False;3410472;1503
11344257;5073636;29;False;female;8;False;True;3410473;711
11344258;5073636;9;False;female;8;False;False;3410474;4004
11345919;5074310;44;True;male;2;True;False;3411008;7525
11345920;5074310;14;False;male;8;False;False;3411009;14503
11345921;5074310;19;False;male;8;False;True;3411010;2228
11345922;5074310;55;True;female;5;False;True;3411011;13260
11347826;5075115;68;False;male;7;True;False;3411550;14654
11347827;5075115;70;False;female;7;True;False;3411551;14582
11354442;5077724;72;False;male;7;True;False;3413846;14028
11354443;5077724;33;True;male;5;True;False;3413847;18061
11354444;5077724;31;True;male;5;True;False;3413848;4436
11354445;5077724;58;False;female;8;False;False;3413849;14048
11356123;5078265;73;False;female;7;False;False;3414371;15221
11362966;5080531;57;True;female;5;True;False;3416449;14196
11362967;5080531;67;False;male;7;True;False;3416450;14667
11371574;5083361;30;True;female;5;True;True;3419131;14351
11371575;5083361;50;True;female;4;True;False;3419132;2365
11371576;5083361;57;True;male;6;True;False;3419133;6853
11377554;5085387;29;True;female;5;False;True;3420993;5226
11377555;5085387;33;False;male;8;True;True;3420994;7543
11377556;5085387;30;True;female;4;True;False;3420995;14493
11377557;5085387;25;False;female;8;True;True;3420996;2538
11377558;5085387;27;False;male;8;True;False;3420997;5778
11377559;5085387;62;False;female;8;True;False;3420998;11245
11377560;5085387;68;True;male;6;True;False;3420999;8384
11377561;5085387;22;False;male;8;False;False;3421000;17521
11381580;5086714;52;True;male;6;True;False;3422226;1546
11381581;5086714;80;False;male;7;True;False;3422227;5766
11381582;5086714;75;False;female;7;True;False;3422228;4877
11383397;5087337;30;False;female;8;False;True;3422779;563
11383398;5087337;27;True;male;5;True;False;3422780;6909
11383399;5087337;55;True;female;5;True;True;3422781;4862
11383400;5087337;29;False;male;8;False;False;3422782;8625
11383401;5087337;22;False;male;8;False;True;3422783;17361
11383402;5087337;25;True;male;4;True;True;3422784;2031
11383403;5087337;20;False;male;8;False;False;3422785;15154
11383404;5087337;68;False;male;7;True;True;3422786;4165
11384852;5087843;40;True;male;5;True;False;3423255;10668
11384853;5087843;29;False;female;8;True;False;3423256;1711
11384854;5087843;1;False;female;8;False;False;3423257;3514
11387170;5088622;55;True;male;2;True;False;3423982;759
11387171;5088622;51;False;female;8;True;False;3423983;17493
11387172;5088622;22;True;male;2;True;True;3423984;8540
11387173;5088622;29;True;female;4;True;True;3423985;2207
11387174;5088622;41;True;male;4;True;False;3423986;14006
11387175;5088622;55;True;male;4;True;False;3423987;17650
11387176;5088622;38;True;male;5;True;True;3423988;5035
11394829;5091148;32;True;male;3;True;False;3426337;4147
11394830;5091148;69;False;male;7;True;False;3426338;14759
11394831;5091148;72;False;female;7;True;False;3426339;14544
11394832;5091148;39;True;female;4;True;True;3426340;14329
11399809;5092843;80;False;female;7;False;False;3427912;2973
11403654;5094157;69;False;male;7;True;False;3429092;14766
11403655;5094157;70;False;female;7;True;False;3429093;13782
11403704;5094171;69;False;female;7;False;False;3429106;6843
11404003;5094267;22;True;female;6;False;True;3429202;1007
11404004;5094267;47;True;male;6;True;True;3429203;5451
11404005;5094267;41;False;female;8;True;False;3429204;11784
11404006;5094267;18;False;female;8;True;False;3429205;9912
11404799;5094563;16;False;male;8;False;True;3429451;5292
11404800;5094563;3;False;female;8;False;False;3429452;3424
11404801;5094563;13;False;male;8;False;True;3429453;1659
11404802;5094563;40;False;female;8;True;False;3429454;10454
11404803;5094563;40;False;male;8;True;True;3429455;16557
11404804;5094563;1;False;female;8;False;False;3429456;3424
11404805;5094563;2;False;female;8;False;True;3429457;1447
11404806;5094563;4;False;female;8;False;True;3429458;1457
11404807;5094563;32;False;female;8;True;False;3429459;17365
11404808;5094563;36;True;male;4;True;False;3429460;14734
11404809;5094563;3;False;female;8;False;False;3429461;9002
11412061;5096980;68;False;female;7;False;False;3431722;15221
11413446;5097484;37;True;female;4;True;False;3432112;14178
11413447;5097484;3;False;male;8;False;False;3432113;16905
11413448;5097484;29;True;male;4;True;True;3432114;11243
11414899;5098011;19;False;male;8;False;True;3432500;16314
11414900;5098011;42;True;female;5;True;False;3432501;14549
11414901;5098011;42;False;male;8;True;True;3432502;7309
11416697;5098678;42;True;female;4;True;True;3433004;13528
11425464;5101740;33;False;female;8;True;False;3435357;10878
11425465;5101740;38;True;male;6;True;False;3435358;8609
11425466;5101740;7;False;female;8;False;True;3435359;293
11425467;5101740;3;False;male;8;False;False;3435360;1914
11425468;5101740;1;False;male;8;False;False;3435361;10200
11437841;5106310;29;True;female;2;False;True;3438696;8450
11437842;5106310;30;True;male;5;True;False;3438697;3821
11437843;5106310;1;False;male;8;False;True;3438698;6233
11445837;5109095;67;False;male;7;False;False;3440881;13977
11445838;5109095;27;True;female;3;False;True;3440882;17803
11445839;5109095;24;True;female;4;True;True;3440883;1858
11445840;5109095;48;True;female;6;True;False;3440884;16333
11446561;5109326;32;False;female;8;True;False;3441070;18123
11446562;5109326;9;False;male;8;False;False;3441071;16318
11446563;5109326;1;False;male;8;False;False;3441072;1740
11446763;5109410;73;False;female;7;True;False;3441130;14582
11454419;5112183;59;True;female;4;True;False;3443221;8839
11454420;5112183;63;True;male;6;True;True;3443222;4883
11458649;5113702;22;True;male;5;False;True;3444333;2940
11458650;5113702;54;False;female;8;True;False;3444334;10939
11458651;5113702;21;False;male;8;True;True;3444335;8195
11458652;5113702;20;True;male;6;True;False;3444336;14694
11458653;5113702;17;False;male;8;False;True;3444337;5745
11458654;5113702;55;True;male;6;True;True;3444338;5874
11458655;5113702;14;False;female;8;False;False;3444339;11775
11460444;5114335;37;False;female;8;True;False;3444822;9906
11460445;5114335;10;False;male;8;False;False;3444823;15
11460446;5114335;7;False;female;8;False;True;3444824;8190
11460447;5114335;1;False;female;8;False;False;3444825;10452
11460448;5114335;45;True;male;6;True;False;3444826;17204
11466856;5116627;62;True;female;5;True;False;3446557;3479
11472041;5118535;64;False;female;7;True;False;3448126;14584
11472042;5118535;67;False;male;7;True;True;3448127;14761
11472303;5118628;68;False;female;7;True;False;3448199;13271
11472304;5118628;28;False;female;8;False;True;3448200;4855
11472305;5118628;26;True;male;6;True;False;3448201;8605
11478064;5120831;57;True;male;6;True;False;3449932;3315
11478964;5121159;67;False;male;7;True;False;3450224;13515
11484591;5123256;28;True;female;6;True;False;3451938;18064
11488380;5124729;68;False;male;7;True;False;3453107;15149
11489905;5125320;52;True;male;5;True;False;3453584;10203
11489906;5125320;22;True;male;5;True;False;3453585;3469
11489907;5125320;52;True;female;4;True;True;3453586;1401
11489908;5125320;19;False;male;8;False;False;3453587;3069
11491665;5125999;49;True;male;3;True;True;3454155;17857
11491666;5125999;8;False;female;8;False;False;3454156;18190
11491667;5125999;48;True;female;4;False;True;3454157;17481
11491668;5125999;13;False;male;8;False;True;3454158;2451
11491669;5125999;16;False;male;8;False;False;3454159;17664
11492841;5126415;53;True;female;5;True;False;3454495;14987
11492842;5126415;22;True;female;5;True;False;3454496;2840
11492843;5126415;54;True;male;5;True;False;3454497;4474
11494814;5127137;14;False;male;8;False;True;3455107;1659
11494815;5127137;35;True;female;4;True;False;3455108;13590
11494816;5127137;4;False;male;8;False;False;3455109;10424
11505180;5131042;84;False;male;7;True;False;3458246;10329
11505181;5131042;67;False;female;7;True;False;3458247;14313
11507884;5132015;49;True;female;5;False;True;3459082;15115
11509739;5132682;63;False;female;7;True;False;3459647;14660
11509740;5132682;58;False;male;8;True;False;3459648;1190
11514652;5134551;18;False;male;8;True;False;3461210;4019
11514653;5134551;14;False;female;8;False;False;3461211;3424
11514654;5134551;45;True;male;6;True;False;3461212;10892
11514655;5134551;47;True;female;5;True;False;3461213;14987
11514656;5134551;11;False;male;8;False;False;3461214;3982
11516562;5135276;26;True;female;2;False;True;3461830;4855
11526728;5139215;14;False;male;8;False;False;3464967;7518
11526729;5139215;40;True;male;4;True;False;3464968;14253
11526730;5139215;36;False;female;8;False;True;3464969;8826
11526731;5139215;11;False;male;8;False;True;3464970;3409
11528160;5139706;24;True;female;4;True;False;3465380;17213
11528161;5139706;33;True;male;2;True;False;3465381;14724
11529430;5140239;22;False;female;8;False;True;3466583;13347
11529431;5140239;24;True;male;4;False;True;3466584;5863
11530682;5140748;79;False;male;7;True;False;3466880;2957
11530683;5140748;76;False;female;7;True;False;3466881;5081
11534022;5142139;52;False;female;8;True;False;3467670;221
11534023;5142139;21;False;female;8;True;True;3467671;14994
11534024;5142139;56;False;male;8;True;True;3467672;5466
11534025;5142139;26;False;male;8;True;True;3467673;8195
11534026;5142139;19;False;female;8;False;True;3467674;11203
11537696;5143660;48;True;male;3;True;False;3468567;8505
11537697;5143660;43;False;female;8;True;False;3468568;15084
11537698;5143660;1;False;male;8;False;True;3468569;1659
11537699;5143660;1;False;male;8;False;False;3468570;11650
11539266;5144271;5;False;male;8;False;True;3468955;9207
11539267;5144271;2;False;male;8;False;False;3468956;3543
11539268;5144271;41;True;male;4;True;False;3468957;14675
11539269;5144271;39;True;female;4;False;True;3468958;14782
11539270;5144271;18;True;male;6;True;False;3468959;13570
11539271;5144271;14;False;male;8;False;False;3468960;3727
11539823;5144471;61;True;male;2;True;False;3469089;6602
11539824;5144471;63;False;female;7;True;False;3469090;14584
11540008;5144551;34;False;female;8;True;False;3469137;2687
11540009;5144551;39;True;male;6;True;False;3469138;7371
11540010;5144551;3;False;female;8;False;False;3469139;6558
11540011;5144551;1;False;male;8;False;False;3469140;6592
11540318;5144695;53;True;male;6;True;True;3469211;2473
11544432;5146410;39;True;male;3;True;False;3470215;13376
11544433;5146410;35;True;female;5;True;False;3470216;13493
11544434;5146410;1;False;male;8;False;False;3470217;16804
11548142;5147908;44;False;male;8;True;False;3471113;394
11548797;5148175;9;False;female;8;False;False;3471271;7484
11548798;5148175;16;False;male;8;False;False;3471272;4096
11548799;5148175;14;False;female;8;False;False;3471273;14607
11548800;5148175;50;True;female;4;True;False;3471274;804
11550854;5149032;50;True;female;3;True;False;3471786;7301
11550855;5149032;24;True;female;4;False;False;3471787;7749
11550856;5149032;22;True;female;4;True;False;3471788;17213
11550857;5149032;50;True;male;3;True;False;3471789;1024
11552328;5149624;60;True;female;6;True;False;3472132;14544
11552329;5149624;60;False;male;8;True;False;3472133;5631
11552330;5149624;32;True;female;3;True;True;3472134;17762
11552341;5149633;55;True;female;5;False;True;3472136;1807
11552446;5149694;75;False;female;7;False;False;3472163;10979
11552447;5149694;77;False;male;7;True;True;3472164;4073
11557039;5151536;58;True;female;4;True;True;3473277;2711
11557040;5151536;21;True;female;4;True;False;3473278;7110
11557041;5151536;64;False;male;7;True;False;3473279;14190
11557042;5151536;28;True;male;4;True;True;3473280;851
11563430;5154221;21;False;male;8;False;False;3474819;11713
11563431;5154221;54;False;male;8;True;True;3474820;8833
11563614;5154295;57;True;male;5;True;False;3474859;8413
11563615;5154295;56;True;female;4;True;True;3474860;1401
11564477;5154653;75;False;female;7;False;True;3475067;1019
11565570;5155101;65;False;female;7;True;False;3475329;13532
11565571;5155101;66;False;male;7;True;False;3475330;13332
11568546;5156277;59;True;male;4;True;False;3476044;866
11568547;5156277;49;True;female;4;True;True;3476045;1505
11569523;5156756;64;False;female;8;True;False;3476281;3118
11586696;5163805;92;False;female;7;False;True;3480418;14482
11587068;5163968;47;True;male;3;True;False;3480506;8037
11587069;5163968;10;False;female;8;False;False;3480507;5055
11587070;5163968;45;False;female;8;True;False;3480508;463
11590748;5165485;33;False;female;8;True;False;3481408;4408
11591965;5165978;53;True;male;5;True;False;3481719;4699
11591966;5165978;55;True;female;5;True;False;3481720;14497
11591967;5165978;22;False;male;8;True;False;3481721;4019
11591968;5165978;20;False;female;8;False;True;3481722;176
11591969;5165978;17;False;female;8;False;True;3481723;4855
11596026;5167608;29;False;female;8;False;True;3483041;2216
11597490;5168274;44;True;male;4;True;False;3483449;13241
11601370;5169955;35;True;male;5;True;False;3484589;10668
11603716;5170949;38;True;male;4;True;False;3485261;14253
11603717;5170949;47;True;female;4;True;True;3485262;2711
11603718;5170949;16;False;female;8;False;False;3485263;13733
11603719;5170949;12;False;male;8;False;False;3485264;15144
11603720;5170949;19;False;female;8;False;True;3485265;11702
11603969;5171064;65;False;female;7;True;True;3485328;15179
11607880;5172769;85;False;male;7;True;True;3486505;4073
11607881;5172769;73;False;female;7;True;False;3486506;14544
11609405;5173443;79;False;female;7;True;False;3486967;7330
11609406;5173443;71;True;male;5;True;False;3486968;3566
11612629;5174872;48;True;male;3;True;False;3487894;4125
11612630;5174872;49;True;female;5;True;False;3487895;14196
11613542;5175293;39;True;male;2;True;False;3488138;5321
11613543;5175293;8;False;female;8;False;False;3488139;4202
11613544;5175293;6;False;male;8;False;False;3488140;5030
11613545;5175293;1;False;female;8;False;False;3488141;7357
11613546;5175293;36;False;female;8;True;False;3488142;10795
11615864;5176300;65;True;male;3;True;False;3488801;1234
11619504;5177939;75;False;female;7;True;False;3489902;5289
11622877;5179395;60;True;female;5;False;True;3490894;510
11622878;5179395;39;False;male;8;True;False;3490895;7452
11627954;5181673;78;False;male;7;True;True;3492390;7971
11627955;5181673;76;False;female;7;True;False;3492391;262
11631093;5182947;73;True;male;3;True;False;3493301;2359
11631094;5182947;72;False;female;7;False;False;3493302;14578
11633630;5184026;62;True;male;3;True;False;3494015;2359
11633631;5184026;39;False;female;8;False;False;3494016;17422
11633632;5184026;4;False;male;8;False;False;3494017;4231
11633633;5184026;12;False;female;8;False;False;3494018;4589
11641542;5187311;31;False;male;8;True;False;3496318;10366
11641543;5187311;24;True;female;5;True;False;3496319;8808
11641544;5187311;2;False;female;8;False;False;3496320;7632
11643639;5188207;31;True;male;3;True;False;3496921;2250
11646846;5189544;83;False;female;7;True;False;3497822;6815
11647049;5189634;55;True;female;3;True;False;3497880;10602
11647050;5189634;58;True;male;4;True;False;3497881;4767
11647051;5189634;26;False;female;8;True;False;3497882;1711
11650586;5191242;66;True;male;6;True;False;3498909;7926
11650587;5191242;59;True;female;5;True;False;3498910;13291
11651192;5191499;15;False;male;8;False;True;3499093;5937
11651193;5191499;54;True;male;4;True;False;3499094;2922
11651194;5191499;48;True;female;3;True;False;3499095;8214
11653207;5192344;37;False;male;8;True;True;3499695;13984
11656375;5193666;65;True;male;4;True;True;3500872;5701
11656376;5193666;63;False;female;8;False;True;3500873;5742
11660715;5195553;10;False;male;8;False;False;3502023;15948
11660716;5195553;3;False;female;8;False;False;3502024;6558
11660717;5195553;7;False;male;8;False;False;3502025;3020
11660718;5195553;1;False;female;8;False;False;3502026;2177
11660719;5195553;33;False;female;8;True;False;3502027;15847
11660720;5195553;40;True;male;6;True;True;3502028;8571
11664952;5197306;37;True;female;2;True;False;3503130;16881
11664953;5197306;7;False;male;8;False;False;3503131;5170
11665146;5197382;14;False;male;8;False;False;3503186;680
11665147;5197382;47;True;male;6;True;False;3503187;2560
11665148;5197382;47;True;female;4;True;False;3503188;7789
11669537;5199201;19;True;male;6;True;True;3504333;6873
11669538;5199201;51;True;female;4;True;True;3504334;1848
11672025;5200327;96;False;female;7;True;True;3504995;7862
11674874;5201569;46;True;female;4;True;False;3505762;1247
11674875;5201569;19;False;female;8;False;True;3505763;6513
11674876;5201569;57;True;male;2;True;False;3505764;4534
11679518;5203593;39;True;female;3;True;False;3506964;16348
11679519;5203593;5;False;female;8;False;True;3506965;6135
11679520;5203593;41;True;male;3;True;False;3506966;2856
11679521;5203593;7;False;male;8;False;False;3506967;3020
11685746;5206172;19;False;female;8;True;False;3508614;11444
11687188;5206806;69;False;male;7;False;False;3509004;13977
11687189;5206806;67;False;female;7;True;False;3509005;14468
11688834;5207487;16;False;female;8;False;True;3509453;1168
11688835;5207487;52;True;male;3;True;True;3509454;14223
11688836;5207487;50;True;female;4;True;False;3509455;9292
11688837;5207487;13;False;female;8;False;False;3509456;8446
11693029;5209303;43;True;female;2;True;True;3510589;5577
11693030;5209303;23;False;female;8;False;False;3510590;45
11693031;5209303;44;True;male;5;True;False;3510591;3821
11693032;5209303;14;False;female;8;False;False;3510592;7725
11693982;5209669;25;True;female;4;True;True;3510855;2874
11693983;5209669;54;True;male;6;True;True;3510856;5874
11693984;5209669;49;True;female;4;True;False;3510857;14135
11693985;5209669;18;False;female;8;True;True;3510858;2658
11695712;5210414;59;True;male;6;True;True;3511328;5874
11699898;5212140;23;True;male;6;True;False;3512453;6364
11699899;5212140;50;True;male;6;True;False;3512454;6838
11699900;5212140;51;True;female;5;True;True;3512455;13551
11699901;5212140;20;False;male;8;False;False;3512456;3145
11700247;5212274;77;False;female;8;False;False;3512538;11495
11700709;5212465;80;False;male;7;True;False;3512660;199
11700710;5212465;76;False;female;7;True;False;3512661;14661
11704342;5214026;25;True;male;6;True;False;3513643;17005
11705360;5214453;9;False;male;8;False;True;3513927;3592
11705361;5214453;33;True;female;5;True;True;3513928;14893
11705362;5214453;4;False;female;8;False;False;3513929;2276
11705363;5214453;12;False;male;8;False;False;3513930;1740
11705364;5214453;37;True;male;6;True;False;3513931;7943
11708440;5215679;76;False;female;7;False;False;3515045;5712
11708441;5215679;76;False;male;7;True;False;3515046;17760
11708587;5215750;55;True;male;3;True;True;3515083;890
11708588;5215750;55;True;female;4;True;True;3515084;8086
11709309;5216041;1;False;male;8;False;False;3515267;5030
11709310;5216041;32;True;male;2;True;False;3515268;5850
11709311;5216041;3;False;female;8;False;False;3515269;8326
11709312;5216041;2;False;female;8;False;False;3515270;2276
11709313;5216041;33;False;female;8;True;False;3515271;10883
11710025;5216347;66;False;female;7;False;True;3515459;5197
11711872;5217138;21;False;male;8;False;True;3515912;9193
11711873;5217138;51;True;male;2;True;False;3515913;11490
11711874;5217138;14;False;male;8;False;False;3515914;7990
11715230;5218561;34;True;male;4;True;True;3516805;2026
11715231;5218561;29;True;female;5;False;False;3516806;10485
11719747;5220485;59;True;female;4;True;True;3517998;3209
11720277;5220717;30;True;male;4;True;False;3518138;14778
11720278;5220717;29;True;female;3;False;True;3518139;1007
11721061;5221040;65;False;male;7;True;False;3518347;14384
11721062;5221040;63;False;female;7;True;False;3518348;14744
11726011;5223058;48;True;male;3;True;False;3519637;5047
11727218;5223551;76;True;female;3;False;False;3519963;7941
11727219;5223551;86;False;male;7;True;True;3519964;18095
11731576;5225291;40;True;female;4;False;False;3521077;4771
11731577;5225291;16;False;female;8;True;True;3521078;2143
11731578;5225291;13;False;male;8;False;False;3521079;1503
11734994;5226658;14;False;male;8;False;False;3521946;7990
11734995;5226658;44;True;female;5;True;False;3521947;13563
11737268;5227534;53;False;female;8;True;True;3522554;4446
11737269;5227534;20;False;female;8;False;False;3522555;1708
11737270;5227534;54;True;male;6;True;False;3522556;8222
11741179;5229036;59;True;male;3;True;False;3523563;1363
11741180;5229036;57;True;female;5;True;False;3523564;13580
11742149;5229408;47;True;male;3;True;False;3523822;1668
11742150;5229408;8;False;female;8;False;False;3523823;16877
11742232;5229433;15;False;male;8;False;True;3523845;5937
11742233;5229433;18;False;male;8;False;True;3523846;15972
11742234;5229433;46;True;female;5;True;False;3523847;14948
11742235;5229433;10;False;female;8;False;False;3523848;9308
11742236;5229433;45;True;male;4;True;False;3523849;3671
11747144;5231390;36;False;female;8;True;False;3525131;14392
11747145;5231390;44;True;male;6;True;True;3525132;6050
11747146;5231390;13;False;male;8;False;False;3525133;4949
11747147;5231390;5;False;male;8;False;False;3525134;680
11748080;5231751;25;True;male;5;True;False;3525368;3469
11748081;5231751;20;False;female;8;False;False;3525369;13733
11749190;5232186;84;False;female;7;False;True;3525631;3348
11749191;5232186;78;False;male;7;True;False;3525632;6823
11750986;5232923;41;True;female;3;True;True;3526078;3305
11750987;5232923;44;True;male;4;True;False;3526079;14006
11750988;5232923;13;False;male;8;False;False;3526080;10516
11750989;5232923;10;False;female;8;False;False;3526081;3424
11750990;5232923;5;False;female;8;False;False;3526082;8406
11754678;5234433;50;True;female;4;True;False;3526995;6564
11754679;5234433;16;False;female;8;True;True;3526996;2658
11754680;5234433;51;True;male;4;True;False;3526997;4363
11757166;5235499;58;True;male;2;False;True;3527662;709
11757724;5235728;58;True;male;3;True;True;3527808;2529
11763305;5238027;29;True;male;4;True;False;3529215;4555
11765752;5238991;14;False;male;8;False;False;3530288;16356
11765753;5238991;45;False;male;8;True;True;3530289;2258
11765754;5238991;17;False;female;8;True;True;3530290;2546
11765755;5238991;44;False;female;8;True;False;3530291;18123
11770032;5240520;65;False;female;7;True;False;3531660;14582
11770033;5240520;69;False;male;7;True;False;3531661;14654
11770034;5240520;26;False;male;8;False;False;3531662;17521
11771005;5240842;69;False;female;7;False;True;3531972;1567
11774592;5242058;61;False;male;7;True;False;3533102;13561
11774593;5242058;29;True;female;5;False;True;3533103;10442
11774594;5242058;59;True;female;5;True;False;3533104;14987
11775802;5242505;54;False;female;8;True;False;3533470;344
11775803;5242505;14;False;male;8;False;False;3533471;3020
11775804;5242505;58;False;male;8;True;False;3533472;673
11775805;5242505;18;False;female;8;False;False;3533473;4294
11784597;5245432;34;True;male;4;True;False;3536208;14175
11785134;5245594;57;True;male;2;True;False;3536383;6383
11785135;5245594;19;False;male;8;False;False;3536384;8715
11785136;5245594;17;False;male;8;True;True;3536385;11381
11785137;5245594;45;True;female;5;True;False;3536386;14497
11785138;5245594;21;False;male;8;False;True;3536387;8070
11785758;5245806;12;False;male;8;False;False;3536582;5170
11785759;5245806;28;False;male;8;False;True;3536583;15972
11785760;5245806;24;True;male;5;True;False;3536584;3469
11785761;5245806;27;False;male;8;False;False;3536585;14691
11785762;5245806;56;False;female;8;False;False;3536586;5537
11785763;5245806;59;False;male;8;True;False;3536587;2812
11786404;5246014;81;False;male;7;True;True;3536779;1393
11791480;5247791;61;False;male;7;True;False;3538343;13332
11791922;5247966;3;False;male;8;False;False;3538493;5958
11791923;5247966;42;False;female;8;False;False;3538494;16836
11791924;5247966;8;False;female;8;False;False;3538495;10410
11791925;5247966;56;True;male;5;True;True;3538496;6658
11792803;5248282;61;False;female;7;True;False;3538765;14660
11793978;5248690;27;True;female;3;True;False;3539109;15917
11793979;5248690;60;True;male;6;True;False;3539110;8798
11793980;5248690;25;True;female;4;False;False;3539111;8567
11793981;5248690;58;True;female;5;True;False;3539112;14987
11799147;5250495;25;True;male;6;False;True;3540714;849
11799148;5250495;22;True;male;5;True;True;3540715;1693
11799149;5250495;20;False;male;8;False;True;3540716;6105
11799150;5250495;37;True;male;5;True;True;3540717;7659
11800694;5251028;71;False;male;7;True;False;3541154;13332
11801344;5251257;8;False;male;8;False;False;3541339;15144
11801345;5251257;18;False;male;8;False;False;3541340;15930
11801346;5251257;2;False;male;8;False;False;3541341;16246
11801347;5251257;37;True;female;5;True;False;3541342;13717
11801348;5251257;11;False;male;8;False;False;3541343;1524
11801349;5251257;9;False;female;8;False;False;3541344;4121
11802916;5251811;20;False;female;8;False;False;3541827;13733
11802917;5251811;50;True;female;4;True;False;3541828;14433
11802918;5251811;16;False;female;8;False;False;3541829;13733
11802919;5251811;23;False;female;8;False;False;3541830;1708
11802920;5251811;57;True;male;4;True;False;3541831;3287
11802921;5251811;26;False;male;8;True;False;3541832;4724
11807537;5253464;63;True;female;5;False;False;3543265;6843
11808496;5253761;52;True;female;5;False;True;3543557;13260
11808497;5253761;18;False;male;8;False;True;3543558;9083
11808498;5253761;56;True;male;4;False;False;3543559;420
11812165;5255042;61;False;female;8;False;False;3544685;6694
11812166;5255042;24;False;female;8;True;True;3544686;1780
11817375;5256862;43;False;female;8;True;False;3546300;18176
11817376;5256862;40;False;male;8;True;False;3546301;6848
11817377;5256862;64;False;female;8;False;True;3546302;2265
11819214;5257496;36;True;male;5;True;True;3546870;13984
11820140;5257822;45;True;male;6;True;False;3547138;5456
11820795;5258053;31;True;male;5;True;True;3547362;5035
11822904;5258828;80;False;female;7;False;False;3547992;7439
11822905;5258828;63;False;female;7;False;True;3547993;2461
11828404;5261053;56;True;female;4;True;True;3549484;156
11828434;5261072;75;False;female;7;False;False;3549493;6814
11829762;5261569;77;False;male;7;True;True;3549816;7587
11837163;5264508;42;True;female;3;True;False;3551663;17985
11837164;5264508;49;True;male;3;True;False;3551664;14873
11838576;5265102;68;False;male;7;True;False;3552020;14384
11838577;5265102;73;False;female;7;True;False;3552021;14582
11841116;5266133;29;True;male;6;True;False;3552665;14694
11841117;5266133;4;False;female;8;False;False;3552666;17774
11841118;5266133;2;False;female;8;False;False;3552667;6829
11841119;5266133;34;True;female;6;True;False;3552668;10920
11844327;5267479;14;False;male;8;False;False;3553483;10490
11844328;5267479;16;False;male;8;False;True;3553484;5937
11844329;5267479;9;False;male;8;False;True;3553485;407
11844330;5267479;53;True;male;5;True;False;3553486;13987
11844331;5267479;37;False;female;8;True;False;3553487;18032
11844332;5267479;12;False;male;8;False;False;3553488;7704
11846229;5268253;15;False;male;8;False;False;3553986;7390
11846230;5268253;39;True;female;4;True;False;3553987;13255
11846231;5268253;43;True;male;6;True;False;3553988;10961
11846232;5268253;18;False;female;8;False;False;3553989;4294
11846233;5268253;12;False;male;8;False;False;3553990;9215
11846452;5268344;48;True;male;3;True;True;3554040;17147
11846453;5268344;13;False;female;8;False;False;3554041;17080
11846454;5268344;17;False;male;8;False;True;3554042;11471
11846455;5268344;46;True;female;4;True;False;3554043;16918
11854224;5271423;29;True;female;3;True;False;3556007;6303
11854225;5271423;28;True;male;3;False;True;3556008;2413
11856183;5272151;14;False;female;8;False;True;3556515;1775
11856184;5272151;11;False;female;8;False;True;3556516;17704
11856185;5272151;42;True;female;5;True;False;3556517;13717
11860511;5273848;56;True;male;3;True;True;3557608;17147
11862459;5274635;92;False;female;7;True;False;3558085;5175
11862460;5274635;66;True;male;6;True;False;3558086;5887
11863998;5275310;28;True;female;5;False;True;3558467;16295
11863999;5275310;29;False;male;8;False;True;3558468;9193
11864000;5275310;2;False;female;8;False;False;3558469;14566
11870477;5277946;65;True;male;6;True;False;3560127;5082
11870749;5278074;40;True;male;4;True;False;3560190;15012
11870750;5278074;39;True;female;5;True;False;3560191;13727
11870751;5278074;1;False;male;8;False;False;3560192;16905
11871398;5278327;13;False;male;8;False;True;3560362;8597
11871399;5278327;50;True;male;4;True;False;3560363;7160
11871400;5278327;43;True;female;4;True;True;3560364;15183
11872630;5278812;50;True;male;6;True;False;3560670;11435
11876611;5280482;5;False;male;8;False;False;3561698;11650
11876612;5280482;36;False;female;8;True;True;3561699;9031
11876613;5280482;57;False;male;8;True;False;3561700;2928
11880989;5282238;42;False;female;8;True;False;3562984;10888
11880990;5282238;1;False;male;8;False;False;3562985;10062
11880991;5282238;44;True;male;6;True;True;3562986;8571
11880992;5282238;6;False;male;8;False;False;3562987;1157
11880993;5282238;9;False;female;8;False;False;3562988;6880
11880994;5282238;11;False;male;8;False;False;3562989;10516
11881926;5282554;67;False;female;7;True;False;3563197;14666
11886007;5284212;52;True;female;3;True;True;3564191;11614
11886008;5284212;18;True;male;5;False;False;3564192;6593
11890538;5286082;31;True;male;5;True;False;3565263;3740
11892627;5286924;44;True;male;4;True;True;3565753;14947
11892628;5286924;36;True;female;5;True;False;3565754;15165
11893257;5287203;16;False;male;8;False;False;3565920;1374
11893258;5287203;51;True;female;4;True;False;3565921;8839
11893259;5287203;48;False;male;8;True;False;3565922;1699
11895266;5287981;79;False;female;7;True;False;3566394;5111
11895267;5287981;81;False;male;7;True;True;3566395;4338
11897365;5288860;72;False;male;7;True;False;3566884;14034
11897366;5288860;69;False;female;7;False;False;3566885;14578
11901761;5290620;67;False;female;7;True;False;3567920;7500
11902564;5290967;57;True;female;4;True;False;3568115;16297
11902610;5290990;46;False;female;8;False;False;3568124;11134
11902611;5290990;50;True;male;2;True;False;3568125;759
11902612;5290990;18;False;female;8;False;False;3568126;244
11902613;5290990;21;False;male;8;False;False;3568127;3069
11904919;5291894;20;False;female;8;False;True;3568650;3374
11904920;5291894;15;False;female;8;False;True;3568651;16553
11904921;5291894;46;True;female;3;True;False;3568652;4774
11904958;5291904;53;True;male;6;True;False;3568657;2666
11904959;5291904;20;False;male;8;False;True;3568658;6518
11904960;5291904;44;True;female;6;True;False;3568659;10711
11904961;5291904;15;False;female;8;False;False;3568660;11722
11904962;5291904;22;True;male;6;True;False;3568661;3337
11907923;5293053;29;True;male;6;True;False;3569370;7880
11907924;5293053;28;True;female;5;False;False;3569371;3405
11909398;5293589;65;False;female;7;True;False;3569712;14468
11913952;5295402;83;False;male;7;True;False;3570770;5204
11914804;5295784;58;True;female;5;True;True;3570966;13551
11914805;5295784;59;True;male;3;True;False;3570967;2042
11924986;5299839;40;True;female;3;True;False;3573331;1135
11924987;5299839;5;False;male;8;False;False;3573332;5170
11924988;5299839;36;True;male;4;True;False;3573333;14778
11927357;5300711;6;False;male;8;False;False;3573893;7990
11927358;5300711;39;True;male;6;True;False;3573894;5602
11927359;5300711;36;True;female;5;True;False;3573895;14113
11927360;5300711;10;False;male;8;False;False;3573896;3229
11927441;5300746;67;True;female;5;True;True;3573913;976
11927986;5301000;23;True;female;6;True;False;3574037;352
11931868;5302531;33;True;male;5;True;False;3575276;6726
11931869;5302531;54;True;female;5;True;False;3575277;13319
11931870;5302531;25;False;male;8;False;True;3575278;6834
11931871;5302531;58;True;male;5;True;False;3575279;571
11931872;5302531;23;True;female;5;True;False;3575280;2840
11933865;5303301;30;True;female;4;True;False;3575885;13344
11934441;5303479;89;False;female;7;False;True;3576051;2084
11937322;5304539;43;False;female;8;True;False;3576901;3905
11937323;5304539;15;False;female;8;True;True;3576902;14994
11937324;5304539;18;False;female;8;False;True;3576903;10414
11937325;5304539;44;True;male;6;True;False;3576904;8609
11937326;5304539;10;False;female;8;False;False;3576905;18190
11937814;5304711;45;True;male;5;True;False;3577038;13987
11937815;5304711;57;False;female;7;True;False;3577039;1472
11937816;5304711;19;False;female;8;True;True;3577040;2587
11938762;5305083;66;False;female;7;False;False;3577305;17330
11939203;5305241;64;True;female;5;True;False;3577429;7541
11939204;5305241;44;True;male;6;True;True;3577430;2337
11952497;5310225;49;True;female;5;True;True;3581391;5540
11952498;5310225;28;True;male;6;True;True;3581392;17470
11953630;5310622;61;True;male;5;True;False;3581729;2780
11954864;5311076;54;True;female;5;True;False;3582063;14987
11954865;5311076;15;False;male;8;False;True;3582064;5745
11954866;5311076;26;True;male;4;False;True;3582065;5863
11954867;5311076;70;False;male;7;True;False;3582066;13523
11956540;5311697;33;True;male;5;True;True;3582556;2014
11957732;5312115;85;False;female;7;True;False;3582876;5289
11957733;5312115;50;True;male;5;True;False;3582877;8413
11957734;5312115;9;False;male;8;False;True;3582878;8597
11957735;5312115;17;False;male;8;False;False;3582879;16841
11957736;5312115;27;True;male;6;True;False;3582880;6364
11957737;5312115;11;False;female;8;False;False;3582881;2276
11957738;5312115;28;True;female;6;True;False;3582882;16809
11957739;5312115;48;True;female;5;True;False;3582883;14987
11958306;5312326;60;False;female;8;True;False;3583045;5310
11958307;5312326;56;True;male;4;True;False;3583046;6171
11962823;5314057;48;False;female;8;False;False;3584340;6412
11962824;5314057;49;True;male;4;True;False;3584341;10587
11962825;5314057;26;True;female;4;False;False;3584342;7749
11962826;5314057;20;False;male;8;True;True;3584343;515
11966196;5315305;64;False;female;8;True;False;3585295;3649
11966197;5315305;67;False;male;7;True;False;3585296;14766
11966198;5315305;53;True;male;6;True;False;3585297;11576
11971245;5317184;16;False;female;8;False;True;3586795;11702
11971246;5317184;51;True;female;5;True;False;3586796;14987
11971247;5317184;56;True;male;3;True;False;3586797;8835
11972384;5317553;65;False;female;7;True;False;3587118;14335
11972385;5317553;31;True;female;5;True;False;3587119;13639
11972386;5317553;3;False;female;8;False;False;3587120;7632
11975255;5318536;23;True;female;4;True;False;3587949;5433
11975452;5318625;63;False;female;8;True;False;3588008;3177
11979801;5320210;44;False;male;8;True;True;3589277;7084
11979994;5320289;44;True;male;6;True;True;3589330;14625
11979995;5320289;20;True;male;4;True;True;3589331;686
11979996;5320289;66;True;male;5;True;True;3589332;15078
11979997;5320289;21;False;male;8;True;True;3589333;1750
11982347;5321118;14;False;male;8;False;False;3590018;3276
11982348;5321118;38;False;female;8;True;False;3590019;18102
11982349;5321118;46;False;male;8;True;False;3590020;735
11982350;5321118;10;False;female;8;False;False;3590021;13399
11982351;5321118;3;False;female;8;False;False;3590022;8553
11982352;5321118;1;False;male;8;False;True;3590023;8597
11982353;5321118;5;False;female;8;False;False;3590024;10970
11982924;5321370;11;False;female;8;False;False;3590211;14607
11982925;5321370;35;True;female;5;False;True;3590212;6430
11982926;5321370;12;False;male;8;False;False;3590213;6715
11982927;5321370;14;False;male;8;False;False;3590214;7642
11984741;5322000;10;False;male;8;False;False;3590757;10424
11984742;5322000;8;False;male;8;False;False;3590758;15948
11984743;5322000;44;True;male;4;True;False;3590759;14000
11984744;5322000;37;True;female;5;True;False;3590760;13727
11984922;5322060;75;False;female;7;True;False;3590821;2783
11987074;5322877;74;False;male;7;True;False;3591452;15149
11987075;5322877;64;False;female;8;True;False;3591453;11245
11987378;5323003;21;False;male;8;True;True;3591548;5516
11987379;5323003;24;False;male;8;True;True;3591549;854
11987380;5323003;52;True;female;4;True;False;3591550;2302
11987381;5323003;55;True;male;6;True;True;3591551;5485
11987382;5323003;17;False;male;8;False;False;3591552;4096
11987628;5323076;30;True;male;6;True;False;3591609;5773
11987629;5323076;23;False;male;8;True;False;3591610;4019
11987630;5323076;60;True;female;3;True;False;3591611;10478
11987913;5323147;57;True;female;5;True;True;3591685;14731
11987914;5323147;58;True;male;4;True;False;3591686;4767
11991136;5324272;45;True;female;5;True;False;3592630;14226
11991137;5324272;24;True;male;6;True;False;3592631;3337
11991138;5324272;19;True;male;6;True;False;3592632;8494
11991139;5324272;48;True;male;4;True;False;3592633;14082
11991173;5324288;22;False;male;8;True;True;3592638;515
11994004;5325337;20;True;male;6;True;False;3593752;3013
11997055;5326628;64;False;female;7;False;True;3594706;14449
11997056;5326628;69;False;male;7;True;False;3594707;14034
11999110;5327494;4;False;female;8;False;False;3595306;10452
11999111;5327494;39;False;female;8;True;False;3595307;5628
11999112;5327494;40;True;male;5;True;True;3595308;4581
11999113;5327494;7;False;male;8;False;False;3595309;16318
12003399;5329332;65;False;female;7;False;False;3596647;6843
12008439;5331385;54;False;male;8;True;False;3598248;1546
12009573;5331893;51;True;female;5;True;False;3598592;14497
12009574;5331893;47;True;male;4;True;True;3598593;7617
12011005;5332510;3;False;female;8;False;False;3599042;17865
12011006;5332510;36;True;male;6;True;False;3599043;4659
12011007;5332510;30;False;female;8;True;False;3599044;15084
12011008;5332510;8;False;male;8;False;False;3599045;3020
12011009;5332510;55;True;male;2;True;False;3599046;4534
12011010;5332510;57;False;female;8;True;False;3599047;6250
12013633;5333562;38;True;male;4;True;False;3599848;14006
12013634;5333562;42;True;female;3;True;False;3599849;4721
12013635;5333562;11;False;female;8;False;False;3599850;3549
12013636;5333562;14;False;female;8;False;False;3599851;2284
12016558;5334796;13;False;male;8;False;False;3600747;16905
12016559;5334796;9;False;female;8;False;True;3600748;3327
12016560;5334796;15;False;female;8;False;False;3600749;4905
12016561;5334796;52;True;male;2;True;False;3600750;4534
12016562;5334796;46;False;female;8;True;False;3600751;8489
12020098;5336243;61;True;female;3;True;False;3601838;591
12022176;5337184;71;False;male;7;True;True;3602450;4335
12022982;5337546;50;True;male;4;True;False;3602690;9917
12025174;5338500;34;True;female;4;True;True;3603355;15183
12031452;5341099;35;True;male;2;True;False;3605284;4118
12031453;5341099;61;False;female;7;True;False;3605285;14582
12033801;5342160;47;False;male;8;False;False;3606062;11707
12041328;5345378;43;False;male;8;True;False;3608348;3149
12044545;5346705;79;False;female;7;False;False;3609364;6436
12046374;5347513;34;True;male;3;True;False;3609949;17730
12046375;5347513;29;False;female;8;False;True;3609950;1152
12048632;5348434;60;True;female;3;True;True;3610634;7126
12048633;5348434;55;False;male;8;True;False;3610635;11814
12051055;5349467;33;True;male;3;True;False;3611375;6349
12053502;5350573;33;True;male;6;False;True;3612108;7840
12053503;5350573;5;False;male;8;False;False;3612109;6715
12053611;5350620;21;False;female;8;True;True;3612146;2350
12053612;5350620;22;False;male;8;False;True;3612147;6286
12057231;5352071;20;False;female;8;False;True;3613244;10471
12057232;5352071;18;False;female;8;False;True;3613245;3374
12057233;5352071;15;False;male;8;True;True;3613246;6301
12057234;5352071;17;False;female;8;True;False;3613247;14970
12057398;5352139;32;True;female;5;True;False;3613293;14549
12057399;5352139;5;False;male;8;False;False;3613294;14813
12057400;5352139;7;False;male;8;False;False;3613295;14428
12061234;5353708;67;False;male;7;True;False;3614487;15149
12061235;5353708;70;False;female;7;False;False;3614488;15221
12061613;5353865;2;False;female;8;False;False;3614601;13742
12061614;5353865;13;False;female;8;False;False;3614602;1410
12061615;5353865;34;False;female;8;True;False;3614603;18176
12062353;5354137;57;True;female;3;True;True;3614825;4963
12065244;5355263;79;False;male;7;True;False;3615711;14378
12065245;5355263;57;False;female;7;False;False;3615712;7226
12065246;5355263;25;True;male;5;False;False;3615713;5058
12065247;5355263;19;False;female;8;False;True;3615714;2216
12065248;5355263;31;False;male;8;True;True;3615715;572
12065817;5355477;18;False;female;8;False;False;3615890;11510
12065818;5355477;42;False;female;8;True;False;3615891;1229
12065819;5355477;7;False;female;8;False;False;3615892;10410
12065820;5355477;49;True;male;6;True;False;3615893;7141
12065821;5355477;14;False;male;8;False;False;3615894;6628
12067632;5356192;83;False;female;7;True;False;3616437;4866
12067633;5356192;55;True;male;5;True;True;3616438;2118
12068804;5356727;39;True;female;5;True;True;3616800;14013
12068805;5356727;11;False;male;8;False;False;3616801;17024
12068806;5356727;1;False;male;8;False;False;3616802;6592
12069139;5356861;5;False;female;8;False;False;3616908;8583
12069140;5356861;7;False;male;8;False;False;3616909;7704
12069141;5356861;34;False;female;8;True;True;3616910;1686
12069142;5356861;36;True;male;2;True;False;3616911;7525
12071915;5358051;29;True;female;5;False;True;3617803;8616
12071916;5358051;33;True;male;6;True;False;3617804;2600
12071917;5358051;3;False;female;8;False;False;3617805;16322
12077721;5360420;29;True;female;4;True;False;3619601;17213
12077722;5360420;28;True;male;6;True;False;3619602;8494
12077723;5360420;2;False;female;8;False;False;3619603;2988
12078865;5360935;13;False;male;8;False;False;3619963;3759
12078866;5360935;50;True;female;6;True;True;3619964;14463
12078867;5360935;21;False;male;8;False;False;3619965;11713
12078868;5360935;19;False;male;8;False;False;3619966;1374
12082804;5362560;68;False;male;7;True;False;3621173;14028
12082805;5362560;64;True;female;4;True;False;3621174;8421
12088565;5364993;44;True;female;3;True;True;3622914;2254
12092147;5366547;35;False;female;8;True;False;3624015;10878
12092148;5366547;39;True;male;6;True;False;3624016;2600
12093031;5366928;8;False;male;8;False;False;3624280;8846
12093032;5366928;49;True;female;4;False;False;3624281;2020
12097218;5368650;71;False;male;7;True;False;3625565;14022
12105125;5371894;52;True;male;6;True;False;3628572;3781
12105152;5371917;77;False;male;7;True;False;3628578;1087
12107654;5372882;21;False;female;8;False;True;3629269;17321
12107655;5372882;21;True;female;5;False;True;3629270;2709
12109387;5373635;31;True;female;5;False;True;3629760;6922
12109953;5373878;34;False;male;8;True;True;3629918;8510
12109954;5373878;35;True;female;4;True;True;3629919;13528
12109955;5373878;8;False;male;8;False;True;3629920;9074
12109956;5373878;3;False;male;8;False;False;3629921;3020
12112189;5374830;35;False;female;8;True;False;3630563;501
12112190;5374830;43;False;male;8;False;True;3630564;17701
12115411;5376230;3;False;female;8;False;False;3631468;18190
12115412;5376230;36;True;female;2;True;True;3631469;4550
12115413;5376230;34;False;male;8;True;True;3631470;11751
12115414;5376230;1;False;female;8;False;False;3631471;2276
12118686;5377560;31;False;female;8;False;True;3632429;6430
12118687;5377560;2;False;female;8;False;True;3632430;5065
12119496;5377879;16;False;male;8;False;False;3632668;15930
12119497;5377879;66;True;male;4;True;True;3632669;4902
12119498;5377879;54;True;female;5;True;True;3632670;14731
12119499;5377879;25;True;male;5;True;False;3632671;3469
12119500;5377879;12;False;male;8;False;False;3632672;7303
12120045;5378114;63;False;female;7;False;True;3632838;8175
12120046;5378114;64;False;male;7;False;True;3632839;18204
12122481;5379159;28;False;female;8;False;False;3633468;16552
12122482;5379159;25;True;male;5;False;True;3633469;6751
12125762;5380511;38;False;female;8;True;False;3634364;8353
12125763;5380511;43;True;male;6;True;False;3634365;5972
12125764;5380511;17;False;male;8;False;False;3634366;3069
12125765;5380511;16;False;male;8;False;True;3634367;7280
12127322;5381147;41;True;female;4;True;True;3634808;15183
12127323;5381147;4;False;male;8;False;True;3634809;1659
12128161;5381497;33;True;female;3;True;False;3635053;10605
12128381;5381591;53;True;male;5;True;False;3635114;4972
12128627;5381684;42;True;male;4;True;False;3635167;14006
12128628;5381684;6;False;female;8;False;False;3635168;7673
12128629;5381684;5;False;female;8;False;False;3635169;14962
12128630;5381684;8;False;male;8;False;False;3635170;1740
12128631;5381684;36;True;female;5;True;False;3635171;13632
12130878;5382573;79;False;female;7;False;False;3635855;1170
12139557;5386084;50;True;female;4;True;False;3638387;7258
12139558;5386084;56;True;male;6;True;False;3638388;14869
12139559;5386084;16;False;male;8;True;True;3638389;5644
12139560;5386084;20;False;male;8;False;False;3638390;17664
12139588;5386097;27;True;male;6;True;True;3638396;1918
12139589;5386097;64;False;male;7;True;True;3638397;7949
12148413;5389571;6;False;female;8;False;False;3640983;6558
12148414;5389571;8;False;female;8;False;False;3640984;15898
12148415;5389571;37;True;female;5;True;False;3640985;14113
12149025;5389831;37;False;male;8;True;True;3641169;2036
12151075;5390703;25;True;male;6;True;False;3641790;11503
12151076;5390703;18;False;female;8;False;True;3641791;17653
12151077;5390703;62;False;male;8;True;False;3641792;14028
12151078;5390703;54;False;female;8;False;False;3641793;6412
12151970;5391039;44;True;female;5;True;True;3642055;14893
12151971;5391039;15;False;female;8;False;False;3642056;4294
12152263;5391146;58;True;female;3;True;True;3642124;380
12152264;5391146;19;False;male;8;False;False;3642125;8174
12152265;5391146;18;False;male;8;True;True;3642126;515
12153155;5391529;64;False;female;8;False;False;3642404;2262
12153156;5391529;42;True;male;6;True;False;3642405;4084
12153727;5391798;28;False;male;8;False;False;3642572;4096
12157814;5393428;37;True;male;6;False;True;3643794;7840
12166296;5396918;18;False;male;8;True;False;3646351;4019
12166297;5396918;45;True;female;4;True;False;3646352;8839
12166298;5396918;20;False;female;8;False;True;3646353;3374
12166601;5397054;3;False;female;8;False;True;3646445;11364
12166602;5397054;7;False;female;8;False;True;3646446;1544
12166603;5397054;40;True;female;3;True;False;3646447;6764
12166604;5397054;39;True;male;3;True;False;3646448;16990
12167647;5397536;25;False;male;8;False;True;657700;5565
12167977;5397866;43;False;male;8;True;False;657773;4863
12169028;5398917;77;False;male;7;True;True;658200;6375
12169125;5399014;29;True;male;3;True;True;658222;4652
12169796;5399685;22;False;female;8;True;True;658350;1282
12171118;5401007;50;False;female;8;True;True;658624;811
12171330;5401219;72;False;male;7;True;True;658666;2362
12173376;5403265;19;False;male;8;True;True;659069;1414
12174229;5404118;98;False;female;7;True;True;659278;943
12175291;5405180;23;True;male;6;True;True;659558;4850
12175331;5405220;19;False;female;8;True;True;659565;769
12175753;5405642;75;False;female;7;False;True;659628;1019
12175997;5405886;40;True;male;4;True;True;659676;670
12176200;5406089;23;True;male;4;True;True;659717;643
12177309;5407198;20;False;female;8;True;True;659985;1203
12179319;5409208;23;False;male;8;False;True;660416;17361
12180382;5410271;7;False;male;8;False;True;660673;17892
12181305;5411194;20;False;male;8;False;True;661068;15076
12182447;5412336;20;False;male;8;False;True;661378;2223
12182740;5412629;94;False;female;7;False;True;661429;1023
12183161;5413050;36;True;male;5;True;False;661517;436
12184942;5414831;52;True;female;5;True;False;661904;1437
12185371;5415260;39;False;male;8;True;True;661992;2361
12185390;5415279;28;False;male;8;True;True;661996;17009
12186632;5416521;47;False;male;8;False;True;662300;725
12186965;5416854;45;True;male;5;False;True;662422;1107
12187185;5417074;19;False;female;8;False;True;662551;1217
12188603;5418492;24;False;female;8;True;True;662938;1227
12189996;5419885;34;False;female;8;True;True;663256;1241
12192564;5422453;82;False;female;7;False;False;663937;877
12194702;5424591;25;True;male;4;False;False;664380;1052
12194847;5424736;71;False;male;7;False;False;664409;468
12197487;5427376;58;False;male;8;True;True;664910;2473
12199409;5429298;92;False;male;8;True;False;665280;1538
12202552;5432441;31;False;male;8;True;False;666555;2090
12202846;5432735;23;False;female;8;False;True;666618;2216
12203110;5432999;35;False;male;7;True;True;666678;14625
12204613;5434502;42;False;female;8;True;False;666942;1120
12205029;5434918;44;False;male;8;True;True;667024;1956
12205658;5435547;98;False;female;7;False;True;667169;1962
12205741;5435630;92;True;male;4;True;True;667231;445
12205853;5435742;23;True;male;3;False;True;667256;2372
12206344;5436233;47;True;female;5;False;False;684759;6351
12207463;5437352;84;False;female;7;True;False;714602;145
12207706;5437595;81;False;male;7;True;True;714660;6863
12210737;5440626;18;False;male;8;True;True;738290;8801
12210809;5440698;90;False;female;7;False;False;738330;4001
12210898;5440787;85;False;male;7;False;True;738351;1696
12211188;5441077;88;False;female;7;False;False;752930;5955
12211201;5441090;90;False;male;7;True;True;752932;6015
12212131;5442020;65;False;male;8;True;True;753206;8877
12212509;5442398;59;False;male;7;True;True;765931;6903
12212756;5442645;15;False;male;8;True;False;765978;11162
12214281;5444170;63;True;male;6;True;True;781852;8830
12215214;5445103;80;False;male;7;True;False;793099;1538
12215350;5445239;62;False;male;7;False;False;793127;14383
12218176;5448065;45;False;female;8;True;True;849000;879
12219122;5449011;65;False;female;8;False;True;849230;2481
12219277;5449166;48;True;male;6;False;False;849280;5271
12219424;5449313;72;False;male;7;True;True;849318;2598
12220171;5450060;52;False;female;8;True;True;865771;1551
12221823;5451712;58;True;male;6;True;True;884632;2473
12222268;5452157;20;False;male;8;False;False;884732;5208
12222780;5452669;91;False;female;7;True;False;896965;326
12223161;5453050;95;False;female;7;False;True;910043;1959
12225119;5455008;91;False;female;8;False;False;925406;1610
12227346;5457235;37;True;male;2;True;True;974691;1880
12227958;5457847;85;False;female;7;False;False;974906;1202
12230626;5460515;31;False;male;8;True;False;1026583;4084
12230905;5460794;92;False;male;7;True;True;1026649;445
12231916;5461805;23;False;male;8;False;True;1058699;4868
12232603;5462492;93;False;female;7;False;True;1058855;1023
12233606;5463495;98;False;female;7;False;False;1071004;15157
12234098;5463987;94;False;female;7;False;True;1094654;1962
12234313;5464202;49;False;male;8;False;True;1094700;4591
12235120;5465009;90;False;female;7;False;True;1135301;386
12237925;5467814;19;False;female;8;False;True;1169651;6757
12238152;5468041;55;False;male;8;True;True;1192830;5485
12240873;5470762;55;False;male;8;True;False;1211058;3662
12241405;5471294;47;False;female;8;True;False;1229780;2302
12241930;5471819;55;True;male;6;True;True;1246391;2473
12242240;5472129;57;False;male;8;True;True;1246457;17890
12242351;5472240;49;False;male;8;True;True;1246481;1770
12245094;5474983;83;False;female;8;False;False;1288546;1792
12245240;5475129;84;False;female;8;True;True;1288575;2195
12245517;5475406;26;True;male;5;False;True;1288651;2405
12248411;5478300;19;False;male;8;False;True;1326970;5682
12249019;5478908;89;False;female;7;False;True;1349007;1423
12249796;5479685;68;False;male;7;False;False;1373110;4535
12250714;5480603;32;False;male;8;True;True;1373293;1004
12251296;5481185;23;False;male;8;False;True;1393195;5682
12253392;5483281;22;True;male;5;True;True;1427099;8802
12253473;5483362;35;True;male;4;True;True;1427115;2026
12256519;5486408;19;False;female;8;False;True;1452804;5098
12256799;5486688;19;False;male;8;False;True;1452862;14128
12259686;5489575;19;False;male;8;False;True;1487708;7088
12261396;5491285;51;True;male;5;True;True;1526037;2118
12261452;5491341;40;False;female;8;True;False;1526092;18176
12263853;5493742;25;True;male;5;True;True;1554320;17340
12263975;5493864;24;True;female;5;False;True;1554346;14084
12266056;5495945;98;False;female;8;True;True;1584730;1347
12266497;5496386;87;False;female;7;False;False;1584839;14891
12266632;5496521;29;False;female;8;False;False;1603712;1955
12267989;5497878;40;False;male;8;True;True;1603983;1339
12268132;5498021;64;False;female;8;False;True;1604012;5113
12268873;5498762;10;False;female;8;False;False;1619577;13742
12270093;5499982;84;False;female;7;True;True;1636944;1123
12270534;5500423;39;False;male;8;True;False;1637032;929
12271647;5501536;39;True;male;6;True;True;1658612;5283
12272031;5501920;46;False;female;8;True;False;1658704;2383
12274546;5504435;22;False;male;8;True;True;1692245;17470
12275708;5505597;22;True;male;5;False;True;1692478;6751
12275861;5505750;23;False;female;8;False;False;1692508;10806
12277380;5507269;34;False;male;8;True;False;1709756;7452
12277847;5507736;36;False;male;8;True;True;1709840;7659
12277862;5507751;36;False;male;8;False;False;1709843;3474
12278870;5508759;27;False;male;8;False;True;1710023;6101
12279287;5509176;68;False;male;8;False;False;1710097;4535
12280680;5510569;24;False;male;8;False;True;1710347;6105
12282901;5512790;33;False;male;8;True;True;1730808;653
12285503;5515392;95;False;male;7;True;False;1810091;4178
12285728;5515617;21;False;male;8;False;False;1810135;3120
12285828;5515717;89;False;female;7;False;False;1817482;10202
12286264;5516153;45;False;male;8;True;True;1817595;6616
12288213;5518102;54;False;male;8;True;True;1858258;5485
12288482;5518371;86;False;female;8;False;True;1865211;1526
12288551;5518440;39;True;male;4;True;True;1865226;2496
12289046;5518935;30;True;female;5;False;True;1891168;4091
12289807;5519696;24;False;male;8;True;True;1891316;1750
12289952;5519841;19;False;female;8;False;False;1891339;4553
12290260;5520149;23;True;female;5;True;True;1909153;896
12292562;5522451;90;False;female;7;True;False;1935978;14451
12293321;5523210;58;False;male;8;True;True;1956523;1597
12295070;5524959;30;True;female;4;True;True;2010808;7239
12297521;5527410;97;False;female;7;False;True;2074886;2084
12297628;5527517;24;True;female;6;True;True;2074908;15129
12297816;5527705;39;True;male;3;True;True;2074948;1670
12298250;5528139;93;False;female;7;False;False;2098808;2046
12298377;5528266;36;True;male;5;True;True;2098833;7659
12302393;5532282;88;False;female;7;True;False;2177435;979
12303063;5532952;89;False;male;7;True;False;2206580;1538
12304813;5534702;52;False;male;8;False;True;2244279;7101
12305716;5535605;89;False;female;7;False;False;2273946;6488
12307266;5537155;57;False;male;8;False;False;2329425;2320
12307482;5537371;43;True;male;6;False;True;2329469;2196
12310079;5539968;44;False;male;8;False;False;2330117;5366
12310296;5540185;27;False;male;8;True;True;2330160;1284
12312004;5541893;73;False;male;7;False;True;2357139;2096
12312183;5542072;52;True;male;6;True;False;2357176;4624
12313979;5543868;66;False;male;7;False;False;2384121;5278
12314505;5544394;86;False;male;7;True;False;2415360;8363
12314911;5544800;19;False;male;8;True;True;2415446;8803
12315292;5545181;51;True;male;6;True;False;2415521;4624
12316156;5546045;24;True;male;4;True;False;2415745;4471
12316232;5546121;85;False;male;7;True;False;2434220;1538
12316606;5546495;34;False;female;8;True;True;2448427;7430
12317123;5547012;85;False;female;7;True;False;2471808;1343
12317427;5547316;39;False;male;8;False;False;2471872;11485
12318105;5547994;68;False;female;7;False;False;2495190;6843
12318598;5548487;81;False;male;7;True;False;2495424;6282
12319063;5548952;51;True;male;6;True;False;2508228;6900
12319712;5549601;35;False;male;8;False;True;2532952;7840
12320522;5550411;84;False;male;7;True;False;2556094;490
12321629;5551518;62;True;male;3;False;False;2570482;5278
12326199;5556088;66;False;male;7;False;False;2678828;5074
12327236;5557125;93;False;female;7;False;True;2702097;4306
12327267;5557156;88;False;female;7;False;True;2702103;386
12327483;5557372;53;False;female;8;False;True;2702178;7120
12328672;5558561;21;True;female;5;False;False;2723048;11508
12332638;5562527;31;False;male;8;True;True;2814352;2506
12332894;5562783;98;False;female;7;False;True;2849312;5059
12333056;5562945;79;False;male;7;True;False;2849350;8320
12336358;5566247;100;True;female;5;True;True;2906002;943
12336742;5566631;54;False;female;8;True;True;2906086;6948
12337550;5567439;26;True;male;5;True;True;2920835;1693
12338596;5568485;34;False;male;8;False;True;2937944;4551
12338648;5568537;31;False;female;8;False;True;2956102;5945
12340608;5570497;32;False;male;8;True;False;2956495;931
12341653;5571542;86;False;female;7;True;False;2956712;14451
12341744;5571633;93;False;female;7;True;False;2956730;17533
12342053;5571942;37;False;male;8;True;True;2956852;7659
12342114;5572003;81;False;male;7;True;False;2956901;8320
12343061;5572950;80;False;female;7;False;True;2977497;1625
12344182;5574071;80;False;female;7;False;False;3009361;6219
12345168;5575057;95;False;female;7;True;False;3020298;10935
12347715;5577604;49;True;male;5;False;False;3086849;2233
12347772;5577661;55;True;male;4;True;True;3086861;2437
12348971;5578860;19;False;female;8;False;True;3104356;711
12351122;5581011;81;False;male;8;False;False;3117276;1228
12351251;5581140;82;False;male;8;True;True;3117302;1393
12351291;5581180;96;False;male;8;True;False;3117310;1538
12351652;5581541;34;True;female;6;True;False;3138070;11331
12351714;5581603;59;True;male;6;True;True;3138083;5485
12352058;5581947;86;False;male;7;True;False;3138235;2576
12353044;5582933;38;False;male;8;True;True;3145183;670
12355270;5585159;88;False;female;7;False;False;3231544;6136
12355553;5585442;91;False;female;8;False;False;3231601;10872
12355825;5585714;22;True;female;5;False;False;3242895;4157
12356419;5586308;20;True;male;4;True;True;3243102;643
12357172;5587061;38;True;male;2;True;False;3287230;16983
12357416;5587305;53;True;male;6;True;False;3287311;6900
12359197;5589086;43;False;male;8;True;True;3317259;2014
12359846;5589735;25;False;male;8;False;True;3317403;6105
12360707;5590596;31;False;male;8;True;True;3329395;14625
12363509;5593398;67;False;female;7;False;True;3393269;1289
12364097;5593986;15;False;male;8;True;True;3393393;4867
12365124;5595013;37;False;female;8;True;False;3447826;4360
12365673;5595562;48;False;male;8;True;True;3465739;6658
12365845;5595734;50;True;male;2;True;False;3465884;1320
12366296;5596185;74;False;male;7;True;True;3466111;5701
12366504;5596393;11;False;male;8;False;True;3466319;1292
12371055;5600944;13;False;male;8;False;True;3530138;8054
12372564;5602453;73;False;male;7;True;False;3574445;5946
12372774;5602663;87;False;female;8;False;False;3574486;1792
12373318;5603207;50;False;male;8;False;True;3574593;1121
12373445;5603334;25;False;female;8;False;True;3593355;7403
12373721;5603610;79;False;female;7;True;True;3593422;1463
12375164;5605053;39;True;male;6;True;False;3626467;6848
12375477;5605366;98;False;female;7;True;False;3626585;6822
