household_id;iris_id;commune_id;departement_id;region_id;car_availability;bike_availability;use_motorcycle;number_of_vehicles;number_of_bikes;income;census_household_id
514;751187203;75118;75;11.0;none;none;False;0;0;2739.8315756448096;158
669;751208002;75120;75;11.0;none;none;False;0;0;3661.996525075123;198
681;751124616;75112;75;11.0;none;all;False;0;3;268.89032843518055;204
3065;751176501;75117;75;11.0;none;all;False;1;2;3155.922226240877;961
4857;751187101;75118;75;11.0;none;none;False;0;0;1084.5700965560309;1537
6512;751208003;75120;75;11.0;none;none;False;0;0;4588.839445351951;2071
6804;751156016;75115;75;11.0;none;all;False;0;1;1078.4729459195594;2167
10344;751103909;75110;75;11.0;none;none;False;0;0;740.9084128837352;3300
12477;751166409;75116;75;11.0;all;none;False;1;0;5325.8344137711565;3976
12874;751135202;75113;75;11.0;none;none;False;0;0;2506.8521064884567;4098
13854;751114410;75111;75;11.0;none;some;False;0;1;7366.218393487793;4410
14788;751145503;75114;75;11.0;none;none;False;0;0;6858.141568274117;4716
15438;751197514;75119;75;11.0;none;none;False;0;0;4130.101839161874;4923
16734;751155907;75115;75;11.0;none;none;False;0;0;1785.367038609626;5339
17363;751155721;75115;75;11.0;none;none;False;0;0;3538.3004854526134;5529
19048;751197304;75119;75;11.0;none;none;False;0;0;2523.9498046553063;6056
19075;751031202;75103;75;11.0;none;none;False;0;0;2266.866746752096;6064
19297;751156006;75115;75;11.0;none;none;False;0;0;4958.515262073784;6136
19377;751155711;75115;75;11.0;none;none;False;0;0;1353.5900887219007;6164
20470;751103804;75110;75;11.0;none;all;False;0;2;1781.0103737307882;6518
20623;751145607;75114;75;11.0;all;none;False;1;0;2481.668938155168;6565
23208;751124577;75112;75;11.0;all;all;False;1;5;296.349369094081;7409
23436;751197518;75119;75;11.0;some;none;False;1;0;1728.8785751600317;7489
24973;751135026;75113;75;11.0;none;none;False;0;0;1147.397827997773;7978
27274;751103806;75110;75;11.0;none;all;False;0;1;1391.3566183642135;8706
27334;751187018;75118;75;11.0;none;none;False;0;0;2151.1118188816436;8723
27566;751186922;75118;75;11.0;none;none;False;0;0;8673.436151761045;8805
27578;751124802;75112;75;11.0;some;none;False;1;0;3647.6319806553847;8808
29059;751155802;75115;75;11.0;all;all;False;1;2;5510.506821298547;9274
29092;751114101;75111;75;11.0;none;none;False;0;0;604.8063792893828;9286
29686;751208006;75120;75;11.0;none;none;False;0;0;4106.82074349082;9482
30709;751135007;75113;75;11.0;all;none;False;1;0;3859.6979941147247;9803
34741;751124506;75112;75;11.0;some;none;False;1;0;3382.397278365166;11073
35212;751166106;75116;75;11.0;none;none;False;0;0;6242.523127311154;11220
35392;751166301;75116;75;11.0;none;none;False;0;0;10985.231956726719;11282
35575;751187006;75118;75;11.0;none;none;False;0;0;4176.367327685141;11344
36290;751187204;75118;75;11.0;none;none;False;0;0;402.4588547143428;11574
37369;751187110;75118;75;11.0;none;none;False;0;0;1701.988952473805;11916
38252;751186926;75118;75;11.0;all;all;False;1;3;3108.218817607852;12201
39022;751207714;75120;75;11.0;none;none;False;0;0;9446.045315896321;12444
41633;751072601;75107;75;11.0;none;none;False;0;0;5997.640786618205;13275
44183;751145621;75114;75;11.0;none;none;False;0;0;1501.6882781929548;14090
44406;751093307;75109;75;11.0;none;none;False;0;0;2109.602646944221;14158
44511;751145608;75114;75;11.0;none;none;False;0;0;1844.7551766333347;14190
45918;751208008;75120;75;11.0;none;none;False;0;0;8561.681532918214;14644
47209;751135113;75113;75;11.0;none;none;False;0;0;2196.24666367836;15059
47865;751010203;75101;75;11.0;none;none;False;0;0;8875.614056159884;15268
47991;751197311;75119;75;11.0;none;none;False;0;0;2437.528368124716;15308
49169;751145621;75114;75;11.0;none;some;False;0;1;8372.80740800473;15697
50218;751166102;75116;75;11.0;none;none;False;0;0;1537.7216459976414;16030
52265;751208018;75120;75;11.0;none;none;False;0;0;3378.3951222412707;16694
53274;751135125;75113;75;11.0;some;none;False;1;0;3400.447860081774;17025
53682;751176711;75117;75;11.0;none;none;False;0;0;4306.834765320896;17164
53908;751207802;75120;75;11.0;some;some;False;1;2;8649.365545326902;17233
54091;751197306;75119;75;11.0;none;none;False;0;0;2053.841981751127;17288
56058;751135026;75113;75;11.0;none;none;False;0;0;1507.110137392015;17920
60267;751176513;75117;75;11.0;none;none;False;0;0;1928.5453935228238;19247
60530;751186916;75118;75;11.0;some;none;False;1;0;1600.1782152311507;19328
61895;751104009;75110;75;11.0;none;none;False;0;0;4385.447691262678;19750
63764;751114210;75111;75;11.0;none;none;False;0;0;4260.1323635058725;20341
64091;751207707;75120;75;11.0;some;none;False;1;0;2406.4989235384446;20439
65677;751155707;75115;75;11.0;some;all;False;1;4;4718.121752905951;20949
66173;751207815;75120;75;11.0;some;some;False;1;1;7122.712161721396;21103
68774;751176605;75117;75;11.0;none;none;False;0;0;738.1170467285285;21935
69000;751051704;75105;75;11.0;none;none;False;0;0;2063.051280484513;22011
69274;751155917;75115;75;11.0;none;none;False;0;0;5646.79025518771;22098
70035;751052001;75105;75;11.0;some;some;False;1;1;8442.659491826991;22344
70988;751093308;75109;75;11.0;none;none;False;0;0;2624.716022652836;22656
71005;751155708;75115;75;11.0;none;none;False;0;0;3794.529684351302;22661
71438;751176812;75117;75;11.0;none;none;False;0;0;3685.456534114336;22804
73883;751104004;75110;75;11.0;none;none;False;0;0;5479.767235800606;23574
74307;751093303;75109;75;11.0;none;none;False;0;0;1931.4816629314132;23705
74317;751114404;75111;75;11.0;none;none;False;0;0;1003.3184063805934;23710
74651;751207903;75120;75;11.0;none;none;False;0;0;1073.9234044847287;23814
75500;751114211;75111;75;11.0;none;none;False;0;0;2598.603826521705;24093
76150;751155711;75115;75;11.0;none;none;False;0;0;1321.0581228029591;24291
76440;751208002;75120;75;11.0;all;none;False;1;0;600.7727606502935;24394
77267;751062306;75106;75;11.0;none;none;False;0;0;7075.240786010649;24654
79117;751197301;75119;75;11.0;none;all;False;0;1;3678.9037380620866;25234
79706;751145302;75114;75;11.0;none;none;False;0;0;4309.084887727497;25424
80479;751114111;75111;75;11.0;none;all;False;0;2;1648.6140805459484;25674
80837;751103806;75110;75;11.0;none;all;False;0;2;721.0278280418374;25793
83620;751020701;75102;75;11.0;none;none;False;0;0;1303.3066635550595;26689
84369;751114211;75111;75;11.0;none;all;False;0;3;6203.341036565471;26929
85744;751124606;75112;75;11.0;none;none;False;0;0;3059.753734183264;27361
86938;751103803;75110;75;11.0;none;none;False;0;0;2982.7709253900844;27745
88765;751114108;75111;75;11.0;none;none;False;0;0;2237.801504416146;28327
90627;751155902;75115;75;11.0;all;none;False;1;0;2328.3719914179983;28923
92501;751135012;75113;75;11.0;none;none;False;0;0;1555.5577221862222;29528
93144;751187004;75118;75;11.0;none;none;False;0;0;4459.5375924579075;29734
94841;751145510;75114;75;11.0;none;none;False;0;0;5390.696039304812;30257
95321;751093309;75109;75;11.0;none;none;False;0;0;7143.495440391801;30415
96753;751166214;75116;75;11.0;all;none;False;2;0;9623.131413236477;30859
98171;751041401;75104;75;11.0;none;none;False;0;0;993.1498641308286;31300
100273;751020801;75102;75;11.0;none;none;False;0;0;691.8785426165349;31973
100964;751104006;75110;75;11.0;some;some;False;1;1;5076.046392214019;32189
101695;751186923;75118;75;11.0;none;none;False;0;0;1282.7673888592924;32425
102871;751072806;75107;75;11.0;some;some;False;1;4;16307.393006462622;32795
103494;751187003;75118;75;11.0;none;none;False;0;0;9722.736243404168;33000
104802;751176506;75117;75;11.0;some;some;False;1;2;14235.282563504094;33413
106611;751166407;75116;75;11.0;none;none;False;0;0;10888.323107242033;34014
107329;751208011;75120;75;11.0;none;none;False;0;0;4807.748716431522;34256
107414;751166123;75116;75;11.0;none;none;False;0;0;1141.3507358485012;34288
108269;751187026;75118;75;11.0;none;none;False;0;0;20397.587767382018;34556
110728;751145601;75114;75;11.0;none;none;False;0;0;2337.819763898054;35349
112572;751197312;75119;75;11.0;none;none;False;0;0;2528.7266822761403;35931
113205;751155901;75115;75;11.0;none;none;False;0;0;4316.106162920782;36132
116003;751083004;75108;75;11.0;none;none;False;0;0;7136.786530341773;37044
116527;751093503;75109;75;11.0;none;none;False;0;0;7188.056397289317;37219
118142;751135020;75113;75;11.0;none;none;False;0;0;1199.9984128881993;37717
118630;751124509;75112;75;11.0;none;none;False;0;0;2333.323345048284;37884
118759;751186905;75118;75;11.0;none;none;False;0;0;526.6871082918258;37921
118898;751145401;75114;75;11.0;none;none;False;0;0;3053.873445406264;37964
119269;751155810;75115;75;11.0;none;none;False;0;0;2677.4590863473936;38089
121122;751155912;75115;75;11.0;all;all;False;1;2;2335.703280061343;38680
121337;751166202;75116;75;11.0;some;some;False;1;1;5439.337814512741;38750
122160;751114304;75111;75;11.0;none;some;False;0;1;4625.210321338522;38993
125099;751124623;75112;75;11.0;all;none;False;1;0;1870.7225130452912;39913
125712;751187018;75118;75;11.0;none;none;False;0;0;1888.7317883154844;40095
125959;751156007;75115;75;11.0;none;some;False;0;2;5581.6684975768685;40176
126526;751104007;75110;75;11.0;all;none;False;1;0;1341.2478843907911;40372
129326;751145621;75114;75;11.0;all;all;False;1;2;1762.8959248571025;41245
130412;751166220;75116;75;11.0;some;some;False;2;2;18736.18627975251;41591
131760;751145623;75114;75;11.0;all;all;False;1;3;3123.309766317977;42016
135951;751114404;75111;75;11.0;some;some;False;1;1;8943.18524611978;43355
136404;751166115;75116;75;11.0;none;all;False;0;1;6456.965553562703;43496
136865;751155905;75115;75;11.0;none;all;False;0;2;810.1299125833664;43645
139040;751197603;75119;75;11.0;none;none;False;0;0;2874.5554216129854;44336
139357;751051905;75105;75;11.0;none;none;False;0;0;2396.9871554537112;44443
139997;751155813;75115;75;11.0;some;some;False;1;1;3537.4679935201675;44649
140933;751062204;75106;75;11.0;all;all;False;1;2;3098.5031757693105;44943
142482;751208003;75120;75;11.0;none;some;False;0;1;1491.8289072995808;45437
146981;751114208;75111;75;11.0;none;none;False;0;0;3585.1743421009496;46879
150028;751135005;75113;75;11.0;none;none;False;0;0;2375.612837789008;47853
152086;751155805;75115;75;11.0;all;some;False;1;1;10386.764892326195;48516
153862;751197302;75119;75;11.0;all;none;False;1;0;1252.8641100573395;49086
156136;751145612;75114;75;11.0;none;none;False;0;0;4475.82249903185;49807
157686;751145506;75114;75;11.0;none;none;False;0;0;1394.5100293251078;50283
158491;751197401;75119;75;11.0;none;all;False;0;1;1230.5247946303728;50552
158531;751083209;75108;75;11.0;none;none;False;0;0;5253.312153800847;50562
158895;751166209;75116;75;11.0;some;none;False;1;0;8048.44357715533;50671
160090;751208024;75120;75;11.0;all;some;False;1;1;4519.8359966916105;51052
160282;751156016;75115;75;11.0;all;all;False;1;1;5237.89546547202;51112
160629;751187203;75118;75;11.0;none;none;False;0;0;1805.5044560478273;51223
162022;751103909;75110;75;11.0;none;none;False;0;0;2878.7282177129914;51677
162772;751207713;75120;75;11.0;some;all;False;1;2;4166.652068062862;51917
166097;751207806;75120;75;11.0;none;none;False;0;0;2905.938108047879;52996
166179;751166114;75116;75;11.0;none;all;False;0;2;1604.0239778235245;53026
166212;751145305;75114;75;11.0;none;none;False;0;0;3067.456982249532;53035
166340;751208012;75120;75;11.0;some;some;False;1;3;4951.2350272065605;53082
166872;751197506;75119;75;11.0;none;none;False;0;0;7146.673248499957;53249
168307;751124809;75112;75;11.0;all;some;False;1;1;1819.2994646559432;53718
168790;751072704;75107;75;11.0;none;all;False;0;1;1774.8161060336818;53878
168979;751208015;75120;75;11.0;none;all;False;0;2;2526.238420276524;53940
169468;751052001;75105;75;11.0;none;none;False;0;0;2562.6237350803053;54087
174109;751062101;75106;75;11.0;none;none;False;0;0;2530.991461251201;55603
174711;751114204;75111;75;11.0;none;none;False;0;0;4116.672407774727;55794
175300;751176501;75117;75;11.0;none;none;False;0;0;4255.20539029378;55986
175492;751155802;75115;75;11.0;none;none;False;0;0;173.74321082697622;56049
176189;751187022;75118;75;11.0;none;none;False;0;0;2520.6737269876207;56271
176700;751124807;75112;75;11.0;none;none;False;0;0;6564.944086359399;56437
178370;751155916;75115;75;11.0;none;none;False;0;0;2846.4467753238646;56958
179242;751114106;75111;75;11.0;none;none;False;0;0;5087.1666588069165;57226
181196;751187205;75118;75;11.0;none;none;False;0;0;1106.0553822714705;57855
181749;751156012;75115;75;11.0;all;all;False;1;5;2682.894008740869;58031
181951;751062304;75106;75;11.0;none;none;False;0;0;8587.525681478206;58094
183543;751114311;75111;75;11.0;none;none;False;0;0;1058.4410369406523;58609
184563;751176508;75117;75;11.0;some;none;False;1;0;3699.587889484458;58932
189362;751207816;75120;75;11.0;none;none;False;0;0;775.95312011315;60436
189534;751124613;75112;75;11.0;none;none;False;0;0;4978.951767712843;60486
190719;751124808;75112;75;11.0;none;none;False;0;0;2850.9497929287963;60862
194004;751104007;75110;75;11.0;none;none;False;0;0;5711.39859047437;61900
194336;751010201;75101;75;11.0;none;none;False;0;0;13376.960658847744;62006
194377;751166305;75116;75;11.0;none;some;False;0;1;10642.823327938106;62018
194998;751208002;75120;75;11.0;none;none;False;0;0;3851.549618663392;62218
195200;751197520;75119;75;11.0;none;all;False;0;1;1158.5672390406746;62286
196943;751155912;75115;75;11.0;all;none;False;3;0;1093.8467681090992;62856
197148;751208009;75120;75;11.0;none;none;False;0;0;2752.8120692977577;62919
197415;751072704;75107;75;11.0;all;none;False;1;0;4082.1173159745454;63004
198142;751166107;75116;75;11.0;none;none;False;0;0;636.2736532840186;63235
201808;751156001;75115;75;11.0;none;none;False;0;0;4805.162734754212;64453
202234;751145606;75114;75;11.0;none;all;False;0;1;1185.6101394454324;64591
203135;751166105;75116;75;11.0;none;none;False;0;0;5242.01503634505;64885
203320;751114206;75111;75;11.0;none;none;False;0;0;6119.61910457018;64944
203839;751176613;75117;75;11.0;none;none;False;1;0;3473.4549515682097;65102
204327;751166115;75116;75;11.0;none;none;False;0;0;35.143324688840124;65268
204954;751186905;75118;75;11.0;none;all;False;0;1;2334.371946727268;65466
205576;751010401;75101;75;11.0;some;some;False;1;1;2490.9001278280884;65667
206406;751166306;75116;75;11.0;none;none;False;0;0;5675.231635238558;65923
207816;751114319;75111;75;11.0;none;none;False;0;0;1902.2658621787377;66362
208150;751187102;75118;75;11.0;none;none;False;0;0;4752.942951942409;66468
210063;751187009;75118;75;11.0;none;all;False;0;1;2294.158921307114;67096
210184;751187026;75118;75;11.0;some;some;False;1;1;3005.3054572364495;67134
210909;751145515;75114;75;11.0;none;none;False;0;0;8944.436673829365;67354
211238;751145301;75114;75;11.0;none;some;False;0;1;1133.2882679737882;67464
213166;751155916;75115;75;11.0;some;none;False;1;0;3018.7687349736925;68103
213571;751134906;75113;75;11.0;none;none;False;0;0;2123.423848691707;68232
215764;751176710;75117;75;11.0;none;all;False;0;1;4190.436034113027;68948
217000;751072804;75107;75;11.0;none;none;False;0;0;1562.2753775333235;69334
219661;751176803;75117;75;11.0;none;all;False;0;1;7332.307531713652;70199
221073;751207907;75120;75;11.0;none;all;False;0;1;4626.9750802700455;70653
221161;751114203;75111;75;11.0;none;none;False;0;0;1048.998565522584;70681
222748;751166103;75116;75;11.0;some;some;False;1;1;4099.149715679185;71192
224588;751124612;75112;75;11.0;none;none;False;0;0;1240.8628293569443;71765
225458;751145511;75114;75;11.0;all;none;False;2;0;2068.812519150456;72037
225895;751197318;75119;75;11.0;none;all;False;0;2;658.3211221285231;72169
226647;751062102;75106;75;11.0;all;some;False;1;2;4953.906075738965;72407
227140;751135032;75113;75;11.0;none;none;False;0;0;4466.113637645011;72567
228481;751187110;75118;75;11.0;some;some;False;1;2;8452.929315609459;73010
228883;751083206;75108;75;11.0;none;none;False;0;0;12402.531698919716;73137
230721;751176810;75117;75;11.0;none;none;False;0;0;8472.626077704948;73723
231159;751208025;75120;75;11.0;none;all;False;0;1;4566.3905373634525;73858
231829;751103906;75110;75;11.0;some;all;False;1;3;8037.17542035253;74078
233878;751166402;75116;75;11.0;none;none;False;0;0;8071.866940404097;74746
234256;751135124;75113;75;11.0;none;all;False;0;1;2339.7943388468293;74871
234260;751166304;75116;75;11.0;none;none;False;0;0;2278.909419914798;74872
236215;751155806;75115;75;11.0;none;none;False;0;0;3358.902799147351;75517
241080;751155901;75115;75;11.0;none;some;False;0;1;6929.227750289596;77067
241207;751176706;75117;75;11.0;none;none;False;0;0;1061.267080444484;77105
241215;751135028;75113;75;11.0;none;none;False;0;0;1164.2602952202706;77108
241865;751124677;75112;75;11.0;some;some;False;2;3;8733.518202461577;77308
242217;751155903;75115;75;11.0;none;none;False;0;0;44.76156233782672;77428
242225;751135111;75113;75;11.0;none;none;False;0;0;2778.1424386756653;77430
242554;751166127;75116;75;11.0;some;none;False;1;0;431.36272159307333;77540
245161;751208007;75120;75;11.0;all;none;False;1;0;1277.8104902367002;78325
246834;751187009;75118;75;11.0;none;none;False;0;0;2381.3169159389854;78862
248133;751062308;75106;75;11.0;none;some;False;0;1;7267.750389549018;79283
250936;751135115;75113;75;11.0;all;none;False;1;0;1672.4607530449548;80174
251170;751156003;75115;75;11.0;some;all;False;1;4;136.66999492094686;80249
257875;751083204;75108;75;11.0;some;none;False;1;0;1552.1631302539622;82369
259748;751155803;75115;75;11.0;none;all;False;0;1;2766.9621582097125;82982
260050;751124601;75112;75;11.0;all;none;False;1;0;1158.2752988222742;83076
260426;751208019;75120;75;11.0;none;none;False;0;0;608.347391652167;83195
260908;751155717;75115;75;11.0;all;some;False;2;1;7059.998507040755;83349
261009;751062402;75106;75;11.0;none;all;False;0;1;3867.3509442392565;83382
261175;751197408;75119;75;11.0;none;none;False;0;0;2927.813450643294;83436
262124;751176708;75117;75;11.0;none;all;False;0;2;6326.256430348127;83726
262198;751124705;75112;75;11.0;all;all;False;1;1;1804.697635410064;83754
263375;751020804;75102;75;11.0;none;none;False;0;0;1075.4261519472045;84130
264084;751176806;75117;75;11.0;some;none;False;1;0;896.1824898631417;84372
265476;751155813;75115;75;11.0;some;none;False;1;0;5476.887939586037;84814
265852;751145604;75114;75;11.0;none;none;False;0;0;3864.4263866335486;84930
266352;751197517;75119;75;11.0;none;none;False;0;0;3964.2038181515013;85093
267753;751072801;75107;75;11.0;none;none;False;0;0;3465.137441741839;85533
268212;751135125;75113;75;11.0;none;none;False;0;0;4116.19038520695;85682
269124;751197305;75119;75;11.0;none;all;False;0;1;1232.5562882676345;85983
269838;751103705;75110;75;11.0;none;none;False;0;0;2905.8442108893696;86208
269861;751176615;75117;75;11.0;some;some;False;1;2;6430.638792661155;86214
272085;751155728;75115;75;11.0;none;none;False;0;0;2014.555437492474;86929
274865;751145515;75114;75;11.0;all;all;False;1;2;4193.29949575982;87814
275003;751187014;75118;75;11.0;none;all;False;0;1;1291.3430621480563;87860
276924;751186911;75118;75;11.0;none;all;False;0;1;2679.1765258762953;88474
280950;751207702;75120;75;11.0;some;some;False;1;1;2226.299872873768;89756
281415;751072802;75107;75;11.0;none;none;False;0;0;467.84693516852394;89909
282536;751176607;75117;75;11.0;none;none;False;0;0;3242.341012141875;90266
283676;751051802;75105;75;11.0;none;none;False;0;0;2585.573965928654;90644
286870;751124705;75112;75;11.0;all;all;False;1;2;4336.267238623459;91636
288315;751134904;75113;75;11.0;none;none;False;0;0;4772.372888644475;92103
289176;751176615;75117;75;11.0;none;none;False;0;0;15498.798935117982;92372
290070;751041302;75104;75;11.0;none;none;False;0;0;1071.7506562821272;92676
290467;751155908;75115;75;11.0;all;all;False;2;1;3416.2166873213764;92795
290599;751093307;75109;75;11.0;none;all;False;0;2;11123.319146058293;92841
291474;751031001;75103;75;11.0;none;none;False;0;0;2986.4712071443796;93117
292626;751093504;75109;75;11.0;none;none;False;0;0;13885.568692847148;93477
292862;751145515;75114;75;11.0;none;none;False;0;0;3206.5014546790094;93549
293476;751134905;75113;75;11.0;none;none;False;0;0;6929.637112207232;93743
293600;751207809;75120;75;11.0;none;none;False;0;0;269.5196251177995;93784
295849;751062102;75106;75;11.0;none;none;False;0;0;4000.822585859163;94519
296342;751197317;75119;75;11.0;some;all;False;1;2;2389.712017814112;94683
296371;751155911;75115;75;11.0;none;none;False;0;0;2548.838919809131;94694
297346;751187012;75118;75;11.0;none;none;False;0;0;2470.216124972185;94995
298880;751135125;75113;75;11.0;none;none;False;0;0;2440.5066294952358;95493
299812;751207912;75120;75;11.0;none;none;False;0;0;4318.041308198237;95799
300593;751072704;75107;75;11.0;none;all;False;0;1;2931.619641787061;96055
300627;751145623;75114;75;11.0;none;none;False;0;0;5115.939998546681;96067
301431;751207707;75120;75;11.0;some;none;False;1;0;1963.7728448080443;96324
302445;751052004;75105;75;11.0;none;none;False;0;0;3710.466581219239;96645
303360;751103803;75110;75;11.0;none;none;False;0;0;4458.020541003024;96945
303889;751197307;75119;75;11.0;some;none;False;1;0;4708.04790955233;97114
304445;751052004;75105;75;11.0;none;none;False;0;0;5380.187591790532;97295
304920;751135111;75113;75;11.0;none;none;False;0;0;3433.3036917443733;97440
305098;751176515;75117;75;11.0;none;none;False;0;0;1663.691740250455;97497
305151;751145618;75114;75;11.0;none;none;False;0;0;951.4790978960107;97516
307261;751083207;75108;75;11.0;some;all;False;1;2;15205.57620148873;98185
307542;751103709;75110;75;11.0;some;none;False;1;0;6045.409841986053;98271
308193;751124608;75112;75;11.0;none;none;False;0;0;1034.6359358398827;98479
308788;751103901;75110;75;11.0;none;none;False;0;0;19820.04244009285;98666
308874;751114409;75111;75;11.0;all;all;False;1;1;2380.1336068966375;98696
308955;751135203;75113;75;11.0;none;none;False;0;0;4952.423408416971;98723
309222;751145622;75114;75;11.0;none;none;False;0;0;3747.0955937717144;98806
310443;751208008;75120;75;11.0;none;none;False;0;0;1074.4608963276248;99196
311704;751114314;75111;75;11.0;some;none;False;1;0;3907.438458119334;99606
312358;751124503;75112;75;11.0;none;all;False;0;1;3824.093151543989;99817
317501;751124513;75112;75;11.0;none;none;False;0;0;2935.1538029150543;101465
317674;751093308;75109;75;11.0;none;none;False;0;0;2316.5275832095767;101516
318169;751114314;75111;75;11.0;none;none;False;0;0;2391.606274863252;101687
318209;751135024;75113;75;11.0;all;all;False;3;2;1857.1369569611907;101698
320492;751114306;75111;75;11.0;all;none;False;1;0;4958.953157148203;102427
326414;751156016;75115;75;11.0;none;all;False;0;6;1376.8595693343052;104285
327178;751093605;75109;75;11.0;none;none;False;0;0;2101.5356924652688;104521
327561;751083203;75108;75;11.0;none;none;False;0;0;11740.98354474802;104638
327957;751187205;75118;75;11.0;none;none;False;0;0;3281.6054802540834;104764
329992;751155718;75115;75;11.0;none;none;False;0;0;2349.6098241717355;105429
330310;751103703;75110;75;11.0;none;none;False;0;0;797.8359649120943;105526
331038;751145620;75114;75;11.0;none;all;False;0;1;5252.072425286779;105764
331963;751208019;75120;75;11.0;all;none;False;1;0;126.33008808985171;106055
332216;751166108;75116;75;11.0;some;all;False;1;3;1658.534492546924;106133
332638;751145511;75114;75;11.0;some;none;False;1;0;5254.606457764831;106257
332693;751010201;75101;75;11.0;none;none;False;0;0;9160.598696776895;106279
333106;751104005;75110;75;11.0;none;none;False;0;0;2926.8729866174954;106427
333117;751155904;75115;75;11.0;none;some;False;0;1;3990.0627374578553;106429
335778;751114318;75111;75;11.0;none;some;False;0;2;5329.643114191622;107294
336410;751156013;75115;75;11.0;none;all;False;0;3;4552.916783792842;107498
337661;751166202;75116;75;11.0;none;none;False;0;0;2132.4753817535598;107890
337935;751155906;75115;75;11.0;none;all;False;0;2;2351.9144578002874;107977
338510;751145613;75114;75;11.0;some;none;False;1;0;1711.500146027661;108161
339598;751145508;75114;75;11.0;none;none;False;0;0;3157.5514340732534;108512
345084;751155816;75115;75;11.0;none;none;False;0;0;9680.311322042173;110274
347062;751093305;75109;75;11.0;none;all;False;0;2;7094.463737753134;110908
349411;751197611;75119;75;11.0;none;all;False;0;1;2758.480143760678;111655
350293;751135027;75113;75;11.0;none;all;False;0;1;1678.3077112957676;111943
350302;751166120;75116;75;11.0;all;all;False;1;2;9320.620874730337;111946
352029;751145603;75114;75;11.0;none;none;False;0;0;2993.154889035488;112512
353516;751135202;75113;75;11.0;none;none;False;0;0;1159.571939946924;112991
354346;751124615;75112;75;11.0;none;all;False;0;1;3255.0216904648596;113268
354521;751207708;75120;75;11.0;none;none;False;0;0;2348.7524141632593;113323
355120;751207908;75120;75;11.0;none;none;False;0;0;1027.0717753703007;113524
355137;751187004;75118;75;11.0;none;none;False;0;0;2950.608430217758;113531
355399;751155707;75115;75;11.0;none;none;False;0;0;2886.0590430520133;113625
356318;751135123;75113;75;11.0;none;none;False;0;0;6110.9014290505365;113926
357187;751114107;75111;75;11.0;none;none;False;0;0;322.8664619218334;114202
357503;751072808;75107;75;11.0;all;none;False;1;0;141.9898759635041;114303
358612;751187023;75118;75;11.0;none;some;False;0;1;5427.967868872874;114665
358664;751135002;75113;75;11.0;some;some;False;1;2;6328.073753018032;114684
358690;751135106;75113;75;11.0;none;all;False;0;2;2450.6771839909825;114691
361396;751072705;75107;75;11.0;none;none;False;0;0;18549.98496862038;115572
362852;751207708;75120;75;11.0;none;all;False;0;1;1252.4804094915864;116042
363033;751145502;75114;75;11.0;all;none;False;1;0;4579.4981986934035;116100
363446;751155810;75115;75;11.0;none;none;False;0;0;4880.463201721798;116226
363610;751156008;75115;75;11.0;some;none;False;1;0;4237.320933682273;116277
363747;751103905;75110;75;11.0;none;none;False;1;0;3284.8531351853135;116319
368106;751135015;75113;75;11.0;none;none;False;0;0;4628.768236119329;117715
368138;751135010;75113;75;11.0;none;none;False;0;0;4556.463652851972;117729
369473;751051908;75105;75;11.0;none;none;False;0;0;3080.786623398665;118158
370517;751135028;75113;75;11.0;none;none;False;0;0;1155.7779911368168;118490
371829;751135001;75113;75;11.0;all;all;False;1;2;2368.5208568918792;118900
372605;751197405;75119;75;11.0;some;none;False;1;0;5263.710767595774;119141
373742;751135013;75113;75;11.0;none;none;False;0;0;2286.4253313628074;119517
377197;751051906;75105;75;11.0;none;none;False;0;0;4058.537679412674;120626
378274;751103908;75110;75;11.0;all;none;False;1;0;1864.1737750476161;120978
379712;751145601;75114;75;11.0;none;none;False;0;0;6489.299277415766;121443
380260;751135013;75113;75;11.0;some;all;False;1;3;7832.280576297801;121617
381536;751207711;75120;75;11.0;some;all;False;1;4;1873.206479574302;122010
383651;751176509;75117;75;11.0;some;none;False;1;0;7561.016246138859;122676
384648;751145613;75114;75;11.0;none;none;False;0;0;157.81250867191173;122990
385201;751114107;75111;75;11.0;some;all;False;1;2;4087.1417093370737;123177
385349;751114203;75111;75;11.0;none;none;False;0;0;5709.990123863585;123217
385387;751145623;75114;75;11.0;some;all;False;2;2;4761.439769287384;123230
385849;751186907;75118;75;11.0;all;all;False;1;1;1791.542361542053;123371
386151;751176513;75117;75;11.0;none;none;False;0;0;248.41238247398036;123463
389247;751145605;75114;75;11.0;some;some;False;1;1;6658.545884594963;124445
391071;751176611;75117;75;11.0;none;none;False;0;0;2245.334248017504;125027
391436;751187004;75118;75;11.0;none;none;False;0;0;5161.396615341509;125135
392569;751166219;75116;75;11.0;none;none;False;0;0;6251.448046774888;125501
393907;751207908;75120;75;11.0;none;none;False;0;0;4304.462314768811;125941
394237;751145508;75114;75;11.0;some;some;False;1;3;4507.754210751083;126050
394559;751187201;75118;75;11.0;none;none;False;0;0;5146.268458294622;126147
396122;751124513;75112;75;11.0;none;none;False;0;0;5359.9346511128815;126637
396397;751197302;75119;75;11.0;some;some;False;1;1;6358.06743866975;126720
397936;751135104;75113;75;11.0;none;none;False;0;0;2307.1101897071285;127216
398523;751083202;75108;75;11.0;some;none;False;1;0;348.82986812314545;127395
399719;751155811;75115;75;11.0;none;all;False;0;2;5840.78786521011;127780
399916;751155802;75115;75;11.0;none;none;False;0;0;6279.86866023547;127840
402258;751093504;75109;75;11.0;none;none;False;0;0;8241.403047885498;128601
402721;751187110;75118;75;11.0;none;none;False;0;0;4112.826672740481;128751
402938;751197311;75119;75;11.0;none;none;False;0;0;1670.5237648471907;128819
403007;751207914;75120;75;11.0;none;none;False;0;0;3144.7679703493613;128841
403084;751124604;75112;75;11.0;none;none;False;0;0;3809.580134141017;128866
403260;751166304;75116;75;11.0;some;none;False;1;0;13955.216394409996;128923
404517;751072503;75107;75;11.0;all;none;False;2;0;2111.3600491915713;129339
404521;751135010;75113;75;11.0;none;none;False;0;0;2246.969610621453;129340
405537;751187207;75118;75;11.0;none;none;False;0;0;7970.440643282695;129657
405603;751186915;75118;75;11.0;none;none;False;0;0;204.03095925030036;129681
406417;751134901;75113;75;11.0;none;none;False;0;0;93.6977600674616;129945
406619;751031003;75103;75;11.0;none;none;False;0;0;1700.2317839667924;130009
406760;751093302;75109;75;11.0;some;all;False;1;9;6534.268609167704;130052
406786;751051702;75105;75;11.0;none;none;False;0;0;3631.4382299539643;130061
406831;751124810;75112;75;11.0;none;none;False;0;0;3039.604065264293;130074
411747;751155711;75115;75;11.0;none;none;False;0;0;2000.2303302459397;131640
411869;751155901;75115;75;11.0;none;none;False;0;0;1839.276793752695;131676
412675;751031102;75103;75;11.0;none;none;False;0;0;7705.753177970615;131931
413326;751176705;75117;75;11.0;none;none;False;0;0;2672.401943927981;132134
413631;751072805;75107;75;11.0;none;none;False;0;0;1843.7417389264926;132234
413702;751155812;75115;75;11.0;none;none;False;0;0;928.6920835752009;132256
414887;751166102;75116;75;11.0;none;none;False;0;0;623.4493075536549;132648
415541;751187001;75118;75;11.0;all;all;False;2;3;7206.646452144111;132869
416213;751134902;75113;75;11.0;none;none;False;0;0;5078.347202306877;133078
417287;751031003;75103;75;11.0;none;none;False;0;0;2372.018467730782;133429
417932;751186919;75118;75;11.0;all;none;False;1;0;263.2766924630593;133636
418601;751124611;75112;75;11.0;some;some;False;1;1;6982.044534905177;133851
419289;751187014;75118;75;11.0;none;all;False;0;1;368.47795560427346;134065
421222;751155723;75115;75;11.0;none;some;False;0;1;3763.6865208027357;134658
423020;751104007;75110;75;11.0;none;none;False;0;0;6027.763955223834;135266
423775;751176704;75117;75;11.0;none;none;False;0;0;7341.703170509505;135502
424102;751062103;75106;75;11.0;none;none;False;0;0;1437.3116874861128;135610
424943;751145612;75114;75;11.0;none;none;False;0;0;3829.1001818274617;135890
428815;751145516;75114;75;11.0;none;none;False;0;0;419.407673674762;137136
428964;751145302;75114;75;11.0;none;none;False;0;0;5321.501658842623;137192
429846;751208012;75120;75;11.0;none;all;False;0;2;2077.8798755263824;137473
430969;751208009;75120;75;11.0;none;none;False;0;0;3936.5140150364714;137823
433023;751207709;75120;75;11.0;none;all;False;0;2;1118.0911347170165;138464
433543;751166128;75116;75;11.0;some;none;False;1;0;7989.142483149984;138637
433870;751166308;75116;75;11.0;none;none;False;0;0;1908.3956498158163;138744
433880;751207712;75120;75;11.0;none;none;False;0;0;4204.800245064074;138749
434710;751197406;75119;75;11.0;some;some;False;1;1;9677.154144499204;139033
434917;751114203;75111;75;11.0;none;none;False;0;0;3391.4134501114086;139098
435200;751207806;75120;75;11.0;none;all;False;0;1;2476.486560223216;139190
436749;751135206;75113;75;11.0;all;none;False;1;0;421.0748355722725;139677
439876;751020805;75102;75;11.0;none;none;False;0;0;7631.262568086091;140686
440075;751155804;75115;75;11.0;none;none;False;0;0;1032.7097153960367;140751
441450;751197313;75119;75;11.0;none;none;False;0;0;771.5834598390537;141197
442064;751197511;75119;75;11.0;all;none;False;1;0;1205.212421656411;141393
442437;751124508;75112;75;11.0;none;none;False;0;0;2151.238920472031;141509
443136;751155809;75115;75;11.0;none;none;False;0;0;2635.2099094002997;141728
446547;751124503;75112;75;11.0;some;some;False;1;2;3210.2334906718147;142809
447786;751207708;75120;75;11.0;none;none;False;0;0;2801.0299726055714;143194
447918;751093503;75109;75;11.0;none;none;False;0;0;7239.076080642502;143240
448373;751103903;75110;75;11.0;none;none;False;0;0;1050.3492221346055;143383
450372;751124619;75112;75;11.0;none;none;False;0;0;1010.0700279856042;144015
451563;751197313;75119;75;11.0;all;all;False;1;5;2564.629078240672;144392
452769;751093304;75109;75;11.0;none;none;False;0;0;3765.211862309008;144778
453014;751031001;75103;75;11.0;none;none;False;0;0;3188.7018345907745;144860
453180;751207816;75120;75;11.0;none;none;False;0;0;879.6601589772454;144908
453699;751114209;75111;75;11.0;none;none;False;0;0;1794.1119224593144;145076
455191;751155918;75115;75;11.0;none;none;False;0;0;5262.080663816846;145544
458091;751187104;75118;75;11.0;none;none;False;0;0;2473.965092219243;146469
459595;751124610;75112;75;11.0;none;none;False;0;0;4494.69005676306;146944
463589;751176813;75117;75;11.0;none;none;False;0;0;3488.433722141684;148199
463928;751135123;75113;75;11.0;some;all;False;2;5;5154.172900502119;148314
464199;751114302;75111;75;11.0;none;none;False;0;0;1140.4552649799307;148397
466386;751155703;75115;75;11.0;none;some;False;0;1;2486.5017337822237;149099
467580;751135117;75113;75;11.0;none;none;False;0;0;3884.009684529686;149479
467903;751207712;75120;75;11.0;none;none;False;0;0;580.6398695093361;149575
469044;751176713;75117;75;11.0;none;none;False;0;0;2359.9511286308716;149927
469595;751062310;75106;75;11.0;none;all;False;0;1;2558.7890351458195;150097
471079;751155716;75115;75;11.0;some;some;False;1;1;1990.1235698968683;150556
472458;751104005;75110;75;11.0;none;none;False;0;0;5906.156734090341;151012
472550;751145617;75114;75;11.0;none;some;False;0;1;6988.942471518843;151040
476928;751114101;75111;75;11.0;none;none;False;0;0;4212.413312981959;152435
477110;751083201;75108;75;11.0;none;none;False;0;0;1424.2560857941571;152488
477759;751187105;75118;75;11.0;none;all;False;0;1;1315.5491633253828;152700
479868;751072701;75107;75;11.0;none;none;False;0;0;1373.7036889838841;153368
481411;751062203;75106;75;11.0;all;none;False;1;0;4294.123009816739;153859
482811;751124508;75112;75;11.0;none;none;False;0;0;2045.142004599552;154300
484094;751207904;75120;75;11.0;none;all;False;0;1;1482.8605261600303;154707
486969;751051906;75105;75;11.0;none;none;False;0;0;4928.3586660830215;155619
487339;751135016;75113;75;11.0;some;none;False;1;0;137.09795275855691;155733
487598;751010201;75101;75;11.0;none;none;False;0;0;1885.7306374467464;155816
491698;751207815;75120;75;11.0;all;none;False;1;0;701.2943364604644;157123
492440;751155914;75115;75;11.0;none;none;False;0;0;593.9690362132852;157361
492847;751166119;75116;75;11.0;all;all;False;1;2;11708.421842687269;157495
492863;751145604;75114;75;11.0;none;none;False;0;0;3300.5366667313574;157501
493861;751207805;75120;75;11.0;none;some;False;0;1;5638.410487288695;157829
494323;751186917;75118;75;11.0;none;none;False;0;0;5300.052764339462;157982
494929;751030901;75103;75;11.0;none;none;False;0;0;6326.866979334142;158174
495846;751166101;75116;75;11.0;none;none;False;0;0;2604.0946789598056;158456
496322;751207915;75120;75;11.0;none;none;False;0;0;2208.10661653394;158619
496657;751176807;75117;75;11.0;none;none;False;0;0;172.17924319394368;158729
496999;751166412;75116;75;11.0;all;none;False;1;0;9260.582978202689;158838
497439;751031004;75103;75;11.0;none;none;False;0;0;9329.709153057864;158973
498489;751207901;75120;75;11.0;some;some;False;2;1;4692.358089140011;159306
499051;751156012;75115;75;11.0;none;none;False;0;0;1015.7781202321729;159478
499394;751186918;75118;75;11.0;none;none;False;0;0;2274.2690801132917;159594
500637;751187008;75118;75;11.0;none;none;False;0;0;10321.906346820211;159988
501153;751197519;75119;75;11.0;all;none;False;1;0;5957.817826732928;160150
501533;751072802;75107;75;11.0;none;all;False;0;1;6179.742775961533;160262
503489;751166130;75116;75;11.0;some;none;False;1;0;3492.9089615715616;160887
504274;751166206;75116;75;11.0;some;some;False;1;2;8238.276268598524;161136
505897;751072801;75107;75;11.0;none;none;False;0;0;3632.041925812354;161645
506089;751072801;75107;75;11.0;none;none;False;0;0;21977.22793922623;161709
506207;751207803;75120;75;11.0;none;some;False;0;1;4121.744796594251;161749
508013;751052004;75105;75;11.0;none;none;False;0;0;4701.044371608635;162325
509517;751051902;75105;75;11.0;some;all;False;1;5;20669.72801861995;162805
510106;751197505;75119;75;11.0;all;none;False;1;0;4666.363021205478;162987
511744;751155803;75115;75;11.0;none;some;False;0;1;4676.170400518187;163522
513252;751155715;75115;75;11.0;all;some;False;2;2;1398.0392812290374;164011
513413;751135027;75113;75;11.0;none;none;False;0;0;3826.7996055270423;164060
513526;751145602;75114;75;11.0;none;none;False;0;0;4028.79678987231;164099
514722;751155912;75115;75;11.0;none;none;False;0;0;5323.926609518827;164478
514884;751114401;75111;75;11.0;none;none;False;0;0;2339.605334831849;164531
517089;751124505;75112;75;11.0;all;none;False;1;0;7183.718332621562;165204
519730;751114307;75111;75;11.0;none;none;False;0;0;2054.1863086621875;166055
521077;751176816;75117;75;11.0;some;all;False;1;2;5163.055316874748;166469
522292;751010206;75101;75;11.0;none;none;False;0;0;1748.3367455901498;166846
525914;751114315;75111;75;11.0;none;none;False;0;0;449.9558511763758;168003
526416;751155712;75115;75;11.0;all;all;False;1;4;2336.666271271783;168168
526669;751072505;75107;75;11.0;none;none;False;0;0;2185.2915919479055;168247
529460;751155710;75115;75;11.0;some;none;False;1;0;7209.50637163342;169152
530287;751187010;75118;75;11.0;none;none;False;0;0;1175.6715592774715;169409
531027;751197306;75119;75;11.0;all;none;False;1;0;4651.012960946181;169653
531496;751187019;75118;75;11.0;all;all;False;1;1;1989.4516619270184;169810
531555;751176707;75117;75;11.0;none;none;False;0;0;7454.1490099290995;169830
534227;751155712;75115;75;11.0;none;none;False;0;0;2866.332608372151;170697
535395;751135007;75113;75;11.0;some;none;False;1;0;2165.924416068715;171077
536549;751207708;75120;75;11.0;none;none;False;0;0;5567.583052167098;171436
537205;751124803;75112;75;11.0;none;all;False;0;1;4527.388204817059;171636
537228;751135201;75113;75;11.0;none;none;False;0;0;2355.268207902051;171647
537601;751135119;75113;75;11.0;all;none;False;1;0;1234.9993401876711;171768
538426;751155907;75115;75;11.0;none;none;False;0;0;4092.0944242514142;172032
539599;751166102;75116;75;11.0;some;none;False;1;0;9324.529884716992;172413
539998;751176815;75117;75;11.0;none;all;False;1;2;12218.638317539107;172539
541134;751207905;75120;75;11.0;some;some;False;2;3;6056.639662305341;172907
541211;751197306;75119;75;11.0;none;none;False;0;0;3431.278931267537;172936
541672;751187201;75118;75;11.0;none;none;False;0;0;1815.3254725873155;173084
542245;751176707;75117;75;11.0;none;all;False;0;1;3749.2348700266966;173266
542340;751186903;75118;75;11.0;none;none;False;0;0;850.8786890007558;173294
544034;751103906;75110;75;11.0;none;none;False;0;0;1019.8500058265863;173821
544357;751093503;75109;75;11.0;none;all;False;0;1;1841.4776366624592;173925
545659;751207810;75120;75;11.0;none;none;False;0;0;1798.8195113550673;174352
546484;751103706;75110;75;11.0;none;none;False;0;0;3760.6816638276373;174607
547027;751166215;75116;75;11.0;none;none;False;0;0;4793.768405073297;174788
547099;751135113;75113;75;11.0;none;none;False;0;0;458.52660056741826;174811
547126;751187022;75118;75;11.0;none;none;False;0;0;3675.4143650254946;174819
547612;751124511;75112;75;11.0;none;none;False;0;0;3328.150424621231;174969
547625;751145603;75114;75;11.0;none;none;False;0;0;4812.426014245422;174973
548755;751186929;75118;75;11.0;none;some;False;0;1;7197.203359687463;175334
549452;751207812;75120;75;11.0;none;none;False;0;0;11446.916160963256;175551
551624;751207912;75120;75;11.0;all;none;False;1;0;1448.0105940930775;176239
551675;751124810;75112;75;11.0;all;none;False;1;0;6735.1572518929315;176255
552332;751103701;75110;75;11.0;none;none;False;0;0;10579.992485183024;176457
553064;751187207;75118;75;11.0;none;all;False;0;2;2791.486187670838;176699
553303;751186910;75118;75;11.0;none;none;False;0;0;1506.122708359911;176778
554139;751135101;75113;75;11.0;some;none;False;1;0;5369.1909565364385;177039
554870;751166404;75116;75;11.0;none;none;False;0;0;8197.785408121315;177280
555193;751186925;75118;75;11.0;none;none;False;0;0;7803.626342906327;177384
555394;751031201;75103;75;11.0;none;all;False;0;1;911.95403441251;177449
557093;751176507;75117;75;11.0;none;none;False;0;0;4971.857522192492;178009
557405;751197313;75119;75;11.0;none;none;False;0;0;1756.487171136118;178117
557558;751176806;75117;75;11.0;none;none;False;0;0;2212.075933994564;178164
558272;751166219;75116;75;11.0;none;all;False;0;2;4942.017425555303;178382
561051;751041601;75104;75;11.0;none;none;False;0;0;3218.580640656799;179260
561061;751156005;75115;75;11.0;some;all;False;1;3;5574.405194032595;179264
561968;751207916;75120;75;11.0;none;none;False;0;0;941.0644170284482;179536
562997;751176612;75117;75;11.0;none;none;False;0;0;11173.302891969242;179873
567207;751155803;75115;75;11.0;none;none;False;0;0;1149.8376916381073;181229
567489;751114107;75111;75;11.0;all;some;False;2;1;2821.9804164050297;181318
567642;751072702;75107;75;11.0;none;none;False;0;0;835.211062764883;181363
568616;751114209;75111;75;11.0;none;none;False;0;0;2338.85166541479;181685
570293;751207702;75120;75;11.0;none;all;False;0;1;652.6759734558411;182217
571702;751176701;75117;75;11.0;none;none;False;0;0;2362.1046750100295;182684
571986;751156005;75115;75;11.0;none;none;False;0;0;4257.446483746749;182772
572863;751135124;75113;75;11.0;all;none;False;1;0;1742.5729581746018;183061
573361;751051702;75105;75;11.0;none;none;False;0;0;1896.788284624216;183218
574416;751114204;75111;75;11.0;none;none;False;0;0;3808.4736112135884;183557
575707;751197308;75119;75;11.0;none;none;False;0;0;912.580781084397;183972
576911;751124614;75112;75;11.0;none;none;False;0;0;3607.5208792409985;184376
578514;751124624;75112;75;11.0;none;none;False;0;0;8287.595419165853;184896
578807;751020801;75102;75;11.0;none;none;False;0;0;887.2770344574978;184992
579000;751134906;75113;75;11.0;none;none;False;0;0;6745.3023569984325;185051
579340;751197303;75119;75;11.0;none;none;False;0;0;3654.2048834930897;185152
579577;751145616;75114;75;11.0;none;none;False;0;0;5228.978585730503;185233
579734;751166204;75116;75;11.0;all;all;False;1;1;128.4903046124775;185286
580648;751114312;75111;75;11.0;none;none;False;0;0;8729.171920059214;185567
581347;751207710;75120;75;11.0;none;none;False;0;0;887.1748995151215;185790
581865;751135015;75113;75;11.0;some;some;False;1;1;3153.9038320685545;185964
582650;751156017;75115;75;11.0;none;some;False;0;1;2376.956757034801;186203
582685;751176703;75117;75;11.0;none;none;False;0;0;2406.6646036476727;186214
582844;751155911;75115;75;11.0;some;none;False;1;0;2179.9052340296093;186261
582868;751166377;75116;75;11.0;none;none;False;0;0;5573.977157298571;186269
583994;751186912;75118;75;11.0;none;none;False;0;0;2585.7348627645592;186618
585210;751197406;75119;75;11.0;some;all;False;1;3;4748.074899461567;187005
585673;751176508;75117;75;11.0;none;none;False;0;0;1305.4956026851594;187156
588041;751010402;75101;75;11.0;all;none;False;1;0;1355.319873986347;187925
589433;751051901;75105;75;11.0;none;none;False;0;0;5459.028574726492;188367
590868;751083204;75108;75;11.0;none;none;False;0;0;19506.967029038005;188850
591042;751124624;75112;75;11.0;all;all;False;1;2;5603.208886755732;188904
591396;751207712;75120;75;11.0;none;all;False;0;1;3803.4272473071173;189029
592043;751062311;75106;75;11.0;none;none;False;0;0;6785.760709969149;189241
593139;751208017;75120;75;11.0;none;none;False;0;0;1425.4052257925964;189590
594668;751197310;75119;75;11.0;all;all;False;1;1;4707.665113063125;190076
596049;751114206;75111;75;11.0;none;none;False;0;0;6934.022803326349;190523
596836;751207803;75120;75;11.0;all;none;False;1;0;1017.437621491179;190767
597333;751155816;75115;75;11.0;some;none;False;1;0;2269.773216013312;190928
598344;751103701;75110;75;11.0;none;none;False;0;0;1834.0417093000042;191249
598714;751207710;75120;75;11.0;none;none;False;0;0;1725.9404339455937;191366
599833;751134903;75113;75;11.0;none;all;False;0;3;787.1580319404396;191723
602677;751197309;75119;75;11.0;some;all;False;1;2;3024.1972592796055;192617
603478;751166307;75116;75;11.0;all;none;False;1;0;11374.223897282805;192878
604296;751186902;75118;75;11.0;none;none;False;0;0;3467.386387592088;193143
604619;751176806;75117;75;11.0;none;none;False;0;0;8.60181749677944;193243
604817;751156007;75115;75;11.0;none;none;False;0;0;2058.90191308268;193303
605764;751145623;75114;75;11.0;all;none;False;1;0;4309.048455372164;193599
605859;751187002;75118;75;11.0;none;none;False;0;0;9273.78584442215;193629
606380;751186911;75118;75;11.0;none;none;False;0;0;5339.567878032641;193803
606681;751114109;75111;75;11.0;all;all;False;1;2;3109.158017481541;193899
607708;751197615;75119;75;11.0;all;all;False;1;1;2862.8776242212643;194224
607948;751187022;75118;75;11.0;none;none;False;0;0;54.45554080588413;194301
608911;751145611;75114;75;11.0;none;none;False;0;0;2953.0355263054003;194598
609583;751145625;75114;75;11.0;none;none;False;0;0;5039.708398983729;194811
611143;751041402;75104;75;11.0;none;none;False;0;0;5961.523969454441;195313
613901;751124606;75112;75;11.0;none;all;False;0;2;4453.218827098015;196182
616055;751197501;75119;75;11.0;all;none;False;1;0;3787.558013217586;196883
616479;751093503;75109;75;11.0;all;all;False;1;3;2907.0178012722185;197026
617480;751166211;75116;75;11.0;all;none;False;2;0;4325.836852357128;197354
617534;751197317;75119;75;11.0;all;some;False;1;1;6872.763479001178;197371
619100;751124604;75112;75;11.0;none;none;False;0;0;3790.134542850315;197870
619320;751176612;75117;75;11.0;some;none;False;1;0;5615.787892060179;197945
620724;751145601;75114;75;11.0;some;some;False;1;2;5219.511950060894;198391
621304;751041501;75104;75;11.0;all;some;False;2;2;6603.144617228381;198573
621535;751207710;75120;75;11.0;none;all;False;0;3;1009.7595757812895;198645
621883;751030905;75103;75;11.0;all;all;False;1;2;1863.2549003736735;198758
622984;751176505;75117;75;11.0;none;none;False;0;0;1529.0426993620072;199094
623302;751135125;75113;75;11.0;all;none;False;1;0;3717.4167837197924;199201
623598;751135201;75113;75;11.0;none;none;False;0;0;1932.0984900090436;199292
625250;751155812;75115;75;11.0;some;none;False;1;0;1692.1347319419997;199834
625911;751155717;75115;75;11.0;none;none;False;0;0;2058.886299778286;200050
626018;751166111;75116;75;11.0;none;none;False;0;0;5346.840878251598;200084
626044;751041502;75104;75;11.0;none;none;False;0;0;3404.7185214157316;200093
626956;751051804;75105;75;11.0;none;none;False;0;0;1855.1371791249358;200389
627097;751072811;75107;75;11.0;none;none;False;0;0;2636.4408997661785;200431
627954;751124807;75112;75;11.0;some;all;False;1;5;4248.045940742879;200721
628016;751197511;75119;75;11.0;all;none;False;1;0;3632.86679001919;200740
631133;751155910;75115;75;11.0;none;none;False;0;0;1758.9048836422007;201747
631461;751093503;75109;75;11.0;none;none;False;0;0;170.1100318587032;201854
632107;751186928;75118;75;11.0;some;none;False;1;0;7786.588064391028;202069
632463;751156020;75115;75;11.0;none;none;False;0;0;2569.9713517866803;202180
633217;751093307;75109;75;11.0;none;none;False;0;0;121.75265851464611;202405
633354;751031102;75103;75;11.0;none;none;False;0;0;925.2217427391333;202454
636071;751104010;75110;75;11.0;all;none;False;1;0;4048.5698647973395;203323
639022;751176709;75117;75;11.0;all;all;False;1;5;7725.791954214103;204276
639968;751155812;75115;75;11.0;all;none;False;1;0;2879.8696024980936;204585
640245;751176804;75117;75;11.0;none;none;False;0;0;1423.724530875295;204673
640523;751155810;75115;75;11.0;none;none;False;0;0;5769.780231660092;204767
641236;751114307;75111;75;11.0;none;none;False;0;0;2642.1023636337086;204989
644247;751145307;75114;75;11.0;none;none;False;0;0;3084.4562523942986;205955
644329;751114112;75111;75;11.0;all;none;False;1;0;2252.7078031655456;205984
644912;751114206;75111;75;11.0;none;none;False;0;0;4332.174499377719;206156
644939;751166206;75116;75;11.0;none;none;False;0;0;2069.1793648002104;206163
645478;751197611;75119;75;11.0;none;none;False;0;0;2719.870369787719;206340
645698;751124603;75112;75;11.0;none;none;False;0;0;3349.9646799909233;206411
649151;751155708;75115;75;11.0;all;some;False;1;1;1268.9299129231197;207511
653079;751155810;75115;75;11.0;all;some;False;1;2;3746.496376567239;208767
654359;751135001;75113;75;11.0;none;none;False;0;0;3598.282762879577;209201
654495;751208013;75120;75;11.0;all;none;False;1;0;2636.446347650649;209243
655836;751197523;75119;75;11.0;some;none;False;1;0;2112.2509905985075;209677
656348;751187002;75118;75;11.0;none;none;False;0;0;2254.683538866039;209843
656517;751124807;75112;75;11.0;none;all;False;1;2;5348.628826591681;209893
657075;751155728;75115;75;11.0;some;all;False;1;5;2004.2453135244787;210069
659232;751197412;75119;75;11.0;none;none;False;0;0;1554.8875604459772;210758
660910;751166220;75116;75;11.0;all;none;False;1;0;1880.8614016320805;211292
662772;751103909;75110;75;11.0;none;none;False;0;0;5064.880577066767;211907
664501;751093601;75109;75;11.0;all;none;False;1;0;2098.3096685053856;212450
666720;751145403;75114;75;11.0;all;none;False;1;0;2912.069225891034;213156
668288;751103909;75110;75;11.0;none;none;False;0;0;520.1681896938602;213667
669281;751187102;75118;75;11.0;none;none;False;0;0;2979.2533675881496;213974
669511;751208026;75120;75;11.0;none;none;False;0;0;3627.4330981635567;214041
669826;751166311;75116;75;11.0;none;none;False;0;0;5911.084710915789;214141
670319;751166304;75116;75;11.0;none;none;False;0;0;6291.33753198736;214313
670742;751176504;75117;75;11.0;none;some;False;0;2;6570.958679389522;214449
671954;751124612;75112;75;11.0;all;none;False;1;0;2148.8308594191026;214824
672194;751145405;75114;75;11.0;none;none;False;0;0;1378.0960909696669;214900
672997;751020805;75102;75;11.0;none;none;False;0;0;8338.858715899329;215160
673469;751114208;75111;75;11.0;none;none;False;0;0;2458.3260450820676;215311
676642;751155912;75115;75;11.0;none;none;False;0;0;2835.5387907262557;216331
677494;751197303;75119;75;11.0;none;none;False;0;0;4169.545599724088;216598
677800;751114310;75111;75;11.0;none;some;False;0;1;5902.314562662501;216687
677821;751207914;75120;75;11.0;none;none;False;0;0;2297.9830612835212;216694
677898;751093401;75109;75;11.0;none;none;False;0;0;1380.9216820964548;216721
679741;751155802;75115;75;11.0;none;none;False;0;0;497.34920941383007;217295
680589;751197613;75119;75;11.0;none;none;False;0;0;2037.7129255479122;217570
681530;751197521;75119;75;11.0;none;none;False;0;0;1321.7830479198658;217866
681856;751197315;75119;75;11.0;none;some;False;0;1;4841.249155713857;217974
682286;751093309;75109;75;11.0;all;none;False;1;0;3341.160729562918;218114
682387;751031104;75103;75;11.0;none;none;False;0;0;5853.213332617897;218148
682489;751145607;75114;75;11.0;none;none;False;0;0;1211.2082090434712;218180
682496;751051704;75105;75;11.0;all;none;False;1;0;2337.047282986655;218183
682793;751103801;75110;75;11.0;some;all;False;1;4;7042.932299949134;218274
683296;751124614;75112;75;11.0;none;some;False;1;1;7650.389770463533;218437
683855;751135206;75113;75;11.0;none;all;False;0;1;2409.6177748543514;218609
684181;751155917;75115;75;11.0;some;none;False;1;0;4290.5837560902055;218714
684777;751156005;75115;75;11.0;none;none;False;0;0;1225.1141738582496;218903
685022;751135207;75113;75;11.0;some;some;False;1;2;2664.4838480220733;218984
686060;751155723;75115;75;11.0;none;none;False;0;0;7096.687573346033;219318
686108;751124810;75112;75;11.0;all;all;False;2;5;8285.277555680785;219334
686246;751114110;75111;75;11.0;some;some;False;1;1;1752.6702590037135;219384
687773;751176615;75117;75;11.0;none;none;False;1;0;3491.6575373926607;219866
693983;751031104;75103;75;11.0;none;none;False;0;0;251.99315545460942;221861
694723;751197315;75119;75;11.0;some;all;False;1;2;1329.445031912416;222110
696293;751186908;75118;75;11.0;none;all;False;0;2;5331.760566977291;222618
697133;751155908;75115;75;11.0;some;some;False;1;1;10688.434423283825;222885
697190;751093504;75109;75;11.0;none;none;False;0;0;4158.714545238631;222905
697918;751187007;75118;75;11.0;none;none;False;0;0;7014.698929451062;223133
698395;751155817;75115;75;11.0;all;all;False;1;2;2001.6876194652964;223280
699686;751187104;75118;75;11.0;none;none;False;0;0;5221.750104189776;223677
699697;751166407;75116;75;11.0;none;none;False;0;0;9051.629038554556;223679
699856;751197605;75119;75;11.0;all;some;False;2;1;6608.5919686303;223729
700275;751135016;75113;75;11.0;none;none;False;0;0;2380.710191450658;223870
702396;751207801;75120;75;11.0;none;some;False;0;2;6134.081376490795;224538
704787;751155910;75115;75;11.0;none;none;False;0;0;5944.129185359155;225290
705235;751072701;75107;75;11.0;none;none;False;0;0;2614.5531587837313;225433
706099;751135101;75113;75;11.0;none;none;False;0;0;2282.174512211765;225704
709163;751104005;75110;75;11.0;none;none;False;0;0;2634.6038369164994;226677
710142;751176504;75117;75;11.0;some;none;False;1;0;4010.1720691259766;226995
711607;751135003;75113;75;11.0;none;none;False;0;0;1989.9744752041815;227449
712138;751187002;75118;75;11.0;none;none;False;0;0;1121.930314428582;227624
715082;751207714;75120;75;11.0;none;none;False;0;0;3031.4486596840425;228557
715249;751176707;75117;75;11.0;none;none;False;0;0;326.6842352281222;228609
715820;751166124;75116;75;11.0;some;some;False;1;1;14553.63847202768;228795
716008;751135020;75113;75;11.0;some;some;False;1;1;3049.3241552988434;228854
716920;751093502;75109;75;11.0;none;some;False;0;1;2578.3731939703816;229137
717243;751124604;75112;75;11.0;none;all;False;0;1;2544.1985449734084;229233
719026;751083001;75108;75;11.0;all;some;False;3;1;34698.84535127243;229808
719802;751207911;75120;75;11.0;none;none;False;0;0;2785.3099073427747;230042
721544;751208013;75120;75;11.0;none;none;False;0;0;970.1493305569568;230596
722459;751166407;75116;75;11.0;none;none;False;0;0;2438.9263059788996;230888
722542;751187209;75118;75;11.0;none;none;False;0;0;463.98268996408206;230916
723967;751041303;75104;75;11.0;all;some;False;1;2;6995.227153277361;231390
724580;751124610;75112;75;11.0;none;none;False;0;0;6342.694501854484;231585
726013;751124808;75112;75;11.0;none;none;False;0;0;3375.5065723448915;232042
726265;751072811;75107;75;11.0;none;none;False;0;0;1039.0159076106834;232127
726964;751166106;75116;75;11.0;none;none;False;0;0;1815.9659025351004;232337
727019;751145502;75114;75;11.0;none;some;False;0;1;6678.236577065791;232355
727115;751155716;75115;75;11.0;none;none;False;0;0;4534.66149602463;232382
727440;751124809;75112;75;11.0;none;none;False;0;0;2375.80625407594;232496
728074;751145303;75114;75;11.0;all;all;False;1;1;3143.3998706894;232694
730255;751062303;75106;75;11.0;all;none;False;1;0;14432.897622701348;233372
730709;751114208;75111;75;11.0;none;none;False;0;0;3544.289961633429;233512
730934;751083205;75108;75;11.0;none;none;False;0;0;691.3566230500307;233585
732155;751031101;75103;75;11.0;some;none;False;1;0;3520.546336932243;233986
732460;751052004;75105;75;11.0;none;all;False;0;1;3106.119822149835;234081
733547;751166404;75116;75;11.0;none;none;False;0;0;3083.1921496709683;234434
734322;751166204;75116;75;11.0;all;all;False;1;6;1934.6934797835086;234682
735934;751166127;75116;75;11.0;none;none;False;0;0;815.1563100891053;235195
736745;751156020;75115;75;11.0;none;none;False;0;0;1716.060294613103;235445
738250;751155917;75115;75;11.0;none;none;False;0;0;2803.716188450716;235933
738524;751093301;75109;75;11.0;none;none;False;0;0;8512.242446386428;236023
740298;751208004;75120;75;11.0;none;none;False;0;0;1614.8434729366973;236594
743191;751135029;75113;75;11.0;none;none;False;0;0;1737.4751664821902;237521
743325;751166403;75116;75;11.0;none;none;False;0;0;3676.1936793315035;237565
745322;751072807;75107;75;11.0;some;some;False;1;2;8425.626713059188;238193
747305;751145507;75114;75;11.0;none;all;False;0;2;2109.165638267149;238832
748703;751103709;75110;75;11.0;all;none;False;1;0;2437.9829859373585;239260
749196;751072504;75107;75;11.0;none;none;False;0;0;20468.132799334988;239417
750198;751166203;75116;75;11.0;all;none;False;3;0;9555.986702564487;239733
750674;751156017;75115;75;11.0;all;all;False;1;1;2076.410490265751;239883
750935;751166126;75116;75;11.0;some;some;False;1;1;16385.698297807143;239968
751800;751062402;75106;75;11.0;all;some;False;2;1;7469.5283011369675;240254
752098;751187204;75118;75;11.0;none;none;False;0;0;1209.68049323352;240348
753311;751104003;75110;75;11.0;none;none;False;0;0;2350.4118773880077;240747
755396;751187203;75118;75;11.0;none;none;False;0;0;2995.507571864987;241379
756518;751103701;75110;75;11.0;none;none;False;0;0;2401.9926454280267;241737
757718;751155720;75115;75;11.0;all;none;False;3;0;5865.237286669562;242122
758322;751145502;75114;75;11.0;all;none;False;2;0;4672.676198209116;242318
760110;751187023;75118;75;11.0;all;all;False;1;2;2506.3702625507;242885
760608;751114112;75111;75;11.0;none;all;False;0;3;1565.483296396408;243052
761003;751072801;75107;75;11.0;none;some;False;0;1;2020.306901826987;243175
761820;751155724;75115;75;11.0;all;all;False;1;2;2653.74782897137;243434
763240;751135003;75113;75;11.0;some;all;False;1;4;2322.1913114199883;243880
763731;751207911;75120;75;11.0;none;none;False;0;0;1664.0072563071549;244038
764726;751197301;75119;75;11.0;none;none;False;0;0;2450.599171626723;244355
765444;751208025;75120;75;11.0;none;none;False;0;0;3778.7496488970946;244589
767133;751114310;75111;75;11.0;none;all;False;0;2;2733.2152602452343;245093
768092;751207909;75120;75;11.0;some;some;False;1;1;4510.255296788117;245411
768731;751052001;75105;75;11.0;none;none;False;0;0;5889.545029269819;245616
769103;751155810;75115;75;11.0;some;some;False;1;3;3069.694960629221;245731
770009;751083204;75108;75;11.0;some;none;False;1;0;1549.3863545499007;246014
770264;751155723;75115;75;11.0;none;none;False;0;0;1432.1738716566244;246096
770713;751187104;75118;75;11.0;none;none;False;0;0;2964.7825038289216;246232
772328;751187201;75118;75;11.0;none;none;False;0;0;10654.321117309033;246744
773281;751166111;75116;75;11.0;some;some;False;1;2;3067.6180394871076;247049
773969;751103709;75110;75;11.0;none;none;False;0;0;2439.5759205209533;247261
774269;751156019;75115;75;11.0;some;some;False;1;1;3113.4830139057185;247354
777160;751030901;75103;75;11.0;all;none;False;1;0;2519.516664424547;248272
779501;751135003;75113;75;11.0;none;none;False;0;0;2454.0015513276257;249026
783092;751186908;75118;75;11.0;some;none;False;1;0;2746.0481539422126;250155
783491;751155908;75115;75;11.0;none;all;False;0;2;5984.948259763448;250284
786048;751166307;75116;75;11.0;none;all;False;0;1;1273.8055110330174;251105
786814;751114306;75111;75;11.0;none;all;False;0;2;2668.445219151725;251349
787460;751208015;75120;75;11.0;some;none;False;1;0;8898.287838963599;251560
788862;751156007;75115;75;11.0;none;none;False;0;0;2057.1484343712164;252007
790372;751103701;75110;75;11.0;all;none;False;1;0;5737.089829516788;252480
791636;751156008;75115;75;11.0;none;none;False;0;0;3332.307932061751;252896
792791;751155729;75115;75;11.0;none;none;False;0;0;5222.818183223901;253263
794005;751187015;75118;75;11.0;none;none;False;0;0;2216.782354252535;253648
795476;751166102;75116;75;11.0;none;none;False;0;0;4586.7657690914875;254117
795663;751135122;75113;75;11.0;none;none;False;0;0;537.1900661480162;254175
795720;751187027;75118;75;11.0;some;some;False;1;1;13238.659508147253;254191
798000;751124809;75112;75;11.0;none;none;False;0;0;298.88253019984126;254939
798408;751114107;75111;75;11.0;some;some;False;1;3;2489.0437308644555;255073
799591;751176806;75117;75;11.0;all;all;False;1;1;2880.6863808221033;255462
800115;751051705;75105;75;11.0;none;all;False;0;2;6659.132770754951;255625
800782;751051701;75105;75;11.0;none;none;False;0;0;3689.057588917054;255844
801744;751031202;75103;75;11.0;none;none;False;0;0;11389.303380222744;256152
803677;751124602;75112;75;11.0;none;none;False;0;0;473.2155324451338;256781
808338;751104003;75110;75;11.0;none;none;False;0;0;2489.5312323886765;258279
809182;751083108;75108;75;11.0;none;none;False;0;0;6505.577843417702;258549
810935;751114410;75111;75;11.0;none;some;False;0;1;1359.4035098644017;259114
811649;751093502;75109;75;11.0;none;all;False;0;1;2758.572119201748;259344
812126;751114411;75111;75;11.0;none;all;False;0;2;4423.044277804528;259487
812211;751072805;75107;75;11.0;none;none;False;0;0;3738.7042025422556;259512
812268;751093607;75109;75;11.0;none;none;False;0;0;7918.383642112307;259534
814396;751124605;75112;75;11.0;all;none;False;2;0;3909.70205241177;260214
817646;751114411;75111;75;11.0;none;none;False;0;0;121.91303852471269;261259
818667;751155917;75115;75;11.0;none;none;False;0;0;2888.908767904233;261597
819746;751176813;75117;75;11.0;none;none;False;0;0;4671.934241222496;261946
819811;751176612;75117;75;11.0;none;none;False;0;0;4831.196502367068;261964
824644;751083106;75108;75;11.0;none;none;False;0;0;5028.344139978967;263492
825860;751114302;75111;75;11.0;all;none;False;1;0;1268.4294015399037;263902
826491;751176701;75117;75;11.0;none;all;False;0;1;4006.648111318562;264101
826555;751114306;75111;75;11.0;all;none;False;1;0;2690.1985487463376;264120
827243;751208008;75120;75;11.0;none;none;False;0;0;7945.057379306379;264350
828040;751155705;75115;75;11.0;all;none;False;2;0;6275.187282375347;264591
829080;751051704;75105;75;11.0;none;all;False;0;1;1470.571279106288;264925
829963;751051901;75105;75;11.0;none;some;False;0;1;11596.417298801794;265211
830470;751197601;75119;75;11.0;none;none;False;0;0;1130.586182775391;265372
830668;751093306;75109;75;11.0;none;none;False;0;0;4602.117592080539;265437
830964;751145508;75114;75;11.0;all;all;False;1;2;1623.0869319264943;265534
831123;751062401;75106;75;11.0;none;none;False;0;0;11243.467847975746;265581
832073;751093501;75109;75;11.0;none;none;False;0;0;2304.7730155215595;265867
833007;751156005;75115;75;11.0;none;none;False;0;0;2675.4909411302906;266154
833009;751156005;75115;75;11.0;none;none;False;0;0;2569.2756416151;266154
833830;751155717;75115;75;11.0;some;none;False;1;0;9857.27511173028;266417
834999;751156015;75115;75;11.0;none;none;False;0;0;3672.863523294167;266800
836082;751093603;75109;75;11.0;none;none;False;0;0;3914.8061967435906;267154
836392;751207916;75120;75;11.0;none;none;False;0;0;555.6680385537052;267254
836909;751155817;75115;75;11.0;none;none;False;0;0;2087.8030051073906;267409
838642;751176809;75117;75;11.0;all;all;False;1;2;11862.23610046077;267963
839977;751104003;75110;75;11.0;some;none;False;1;0;7628.776896422383;268390
840415;751166103;75116;75;11.0;none;none;False;0;0;2388.202515573016;268531
842527;751145304;75114;75;11.0;none;none;False;0;0;4326.4549271283395;269217
842890;751062308;75106;75;11.0;all;all;False;1;1;2665.0895262101426;269342
844159;751155913;75115;75;11.0;none;none;False;0;0;13399.747705789732;269750
846213;751166114;75116;75;11.0;all;all;False;4;2;5936.335579432384;270408
846331;751166409;75116;75;11.0;some;all;False;1;3;4534.553336430926;270443
847438;751093605;75109;75;11.0;none;none;False;0;0;2018.1071573298327;270798
848031;751124501;75112;75;11.0;none;none;False;0;0;1154.8870807193318;270977
848306;751041302;75104;75;11.0;none;none;False;0;0;3172.3242383662373;271072
849902;751114404;75111;75;11.0;none;none;False;0;0;675.6260402220787;271572
850127;751114406;75111;75;11.0;none;all;False;0;1;3919.1691785956973;271644
851540;751186923;75118;75;11.0;none;none;False;0;0;1417.3894159259187;272083
852303;751124608;75112;75;11.0;none;none;False;0;0;9090.410152690638;272313
852966;751124601;75112;75;11.0;none;none;False;0;0;555.4193772953371;272517
853970;751207904;75120;75;11.0;none;none;False;0;0;3458.685108001224;272850
854833;751176806;75117;75;11.0;none;none;False;0;0;1409.5024591138867;273122
855499;751114109;75111;75;11.0;none;none;False;0;0;1909.4521322174128;273346
855584;751197302;75119;75;11.0;none;none;False;0;0;6410.775424801475;273374
855726;751155804;75115;75;11.0;none;some;False;0;1;1170.2247417373933;273417
855791;751176603;75117;75;11.0;none;some;False;0;1;14182.171923950931;273436
855816;751155729;75115;75;11.0;none;all;False;1;3;2697.943594127918;273442
856351;751134901;75113;75;11.0;some;some;False;1;1;519.9483800480925;273616
856352;751134901;75113;75;11.0;some;some;False;1;1;4100.937187538046;273616
857001;751135001;75113;75;11.0;none;none;False;0;0;3188.133603462738;273826
858063;751207911;75120;75;11.0;none;all;False;0;1;1391.1875078760577;274166
858179;751186917;75118;75;11.0;none;none;False;0;0;2868.6196032157686;274201
858526;751020702;75102;75;11.0;none;none;False;0;0;3804.711248374915;274313
860995;751176809;75117;75;11.0;none;none;False;0;0;6278.308860719329;275105
862212;751197611;75119;75;11.0;none;none;False;0;0;4624.561314519985;275486
862386;751124804;75112;75;11.0;none;none;False;0;0;1333.6646885466591;275540
864081;751176715;75117;75;11.0;none;none;False;0;0;2592.9720367831287;276085
864266;751197302;75119;75;11.0;none;none;False;0;0;3949.7090287400515;276147
866884;751166307;75116;75;11.0;none;none;False;0;0;4581.358887287558;276969
867016;751155703;75115;75;11.0;none;none;False;0;0;6817.5183527755435;277013
867509;751062302;75106;75;11.0;none;none;False;0;0;987.3961726697838;277164
867873;751176616;75117;75;11.0;none;none;False;0;0;5732.828525344547;277276
868257;751207912;75120;75;11.0;none;none;False;0;0;3482.611171041612;277400
869091;751166110;75116;75;11.0;none;none;False;0;0;6141.888101708002;277673
870386;751155710;75115;75;11.0;none;none;False;0;0;3369.7943910061304;278096
871357;751155908;75115;75;11.0;none;none;False;0;0;4531.292088049147;278400
874445;751207802;75120;75;11.0;none;none;False;0;0;1792.6023281961568;279393
876079;751093501;75109;75;11.0;none;some;False;0;1;4690.41428369952;279925
876704;751207904;75120;75;11.0;none;none;False;0;0;2073.2573146351874;280134
877664;751145625;75114;75;11.0;none;none;False;0;0;19.624297612860946;280431
878839;751135111;75113;75;11.0;none;none;False;0;0;1738.4188572357853;280807
879980;751093503;75109;75;11.0;none;all;False;1;3;4366.742881102765;281172
880126;751197605;75119;75;11.0;none;none;False;0;0;785.4441920516689;281217
880394;751166205;75116;75;11.0;some;all;False;2;5;20356.87238996607;281300
880461;751197505;75119;75;11.0;none;none;False;0;0;4622.496557347213;281323
880598;751207912;75120;75;11.0;none;none;False;0;0;1460.5981307683608;281367
881929;751145618;75114;75;11.0;none;none;False;0;0;2648.72176005535;281777
883176;751156006;75115;75;11.0;none;none;False;0;0;4217.877951563138;282178
884704;751114112;75111;75;11.0;none;none;False;0;0;1473.2756800286818;282681
886029;751124623;75112;75;11.0;some;none;False;1;0;9304.97731334225;283105
887836;751145605;75114;75;11.0;none;none;False;0;0;8103.987614739635;283682
890217;751197314;75119;75;11.0;none;none;False;0;0;4154.306500204337;284419
891164;751166203;75116;75;11.0;all;none;False;1;0;5006.892857782086;284729
891503;751051704;75105;75;11.0;none;none;False;0;0;2553.5743308979736;284837
894276;751145502;75114;75;11.0;none;all;False;0;2;3007.584476104749;285744
894765;751135010;75113;75;11.0;all;all;False;1;2;2441.853805189775;285894
895032;751197609;75119;75;11.0;some;none;False;1;0;2660.108666108199;285978
895386;751041403;75104;75;11.0;none;none;False;0;0;1227.7040102457445;286092
896099;751166405;75116;75;11.0;none;none;False;0;0;5156.639693165029;286309
896560;751166214;75116;75;11.0;all;none;False;3;0;8696.501660268648;286450
897380;751155705;75115;75;11.0;none;none;False;0;0;2642.5883262883326;286708
898966;751135014;75113;75;11.0;none;none;False;0;0;355.9356523636993;287226
900060;751155717;75115;75;11.0;some;none;False;1;0;14480.181401840413;287577
901638;751145617;75114;75;11.0;all;none;False;1;0;5442.792216628945;288073
901981;751135018;75113;75;11.0;all;some;False;1;1;2937.343343532114;288180
903335;751166215;75116;75;11.0;all;some;False;2;1;20891.69339831562;288623
903510;751155728;75115;75;11.0;none;none;False;0;0;5832.813072382115;288676
906343;751187023;75118;75;11.0;none;all;False;0;1;1263.325129843136;289582
906752;751114108;75111;75;11.0;none;none;False;0;0;3851.2039977911727;289716
906867;751145618;75114;75;11.0;none;none;False;0;0;5679.136132438469;289748
908152;751020601;75102;75;11.0;none;none;False;0;0;1533.3979789683917;290148
908884;751197602;75119;75;11.0;none;some;False;0;1;3133.1201351817767;290377
909096;751155720;75115;75;11.0;none;all;False;0;1;3478.8959488588002;290455
910640;751156004;75115;75;11.0;none;none;False;0;0;1639.2837141199702;290946
911422;751124611;75112;75;11.0;none;none;False;0;0;1366.8456976072637;291211
911551;751166202;75116;75;11.0;all;some;False;1;1;2839.5075318913055;291255
912240;751062306;75106;75;11.0;none;none;False;0;0;8930.085016136605;291467
912303;751166114;75116;75;11.0;some;none;False;1;0;11473.60395007513;291484
914178;751124617;75112;75;11.0;none;none;False;0;0;1344.9810685593977;292100
914847;751041302;75104;75;11.0;none;none;False;0;0;6079.670247664849;292324
916012;751156013;75115;75;11.0;none;all;False;0;2;3538.6875738185217;292682
918376;751166107;75116;75;11.0;some;some;False;1;1;22932.914886149967;293410
918423;751166101;75116;75;11.0;none;none;False;0;0;7696.576618893977;293427
918515;751207910;75120;75;11.0;none;none;False;0;0;392.00943399836115;293452
918693;751145401;75114;75;11.0;all;all;False;1;1;6138.567349721277;293503
919066;751041303;75104;75;11.0;none;none;False;0;0;2426.8182214801172;293615
919273;751166106;75116;75;11.0;some;all;False;1;4;1619.8794372358293;293682
921897;751207811;75120;75;11.0;none;none;False;0;0;4481.825674783776;294505
922137;751166310;75116;75;11.0;some;all;False;1;2;12641.041272148399;294580
922594;751187025;75118;75;11.0;some;some;False;1;2;2560.667949207358;294727
922841;751145620;75114;75;11.0;none;none;False;0;0;1597.2883858625596;294798
923101;751176716;75117;75;11.0;some;some;False;1;2;15100.158131084745;294880
925132;751155905;75115;75;11.0;none;all;False;0;1;3404.719194786568;295542
925507;751093309;75109;75;11.0;none;none;False;0;0;2441.3784184579504;295658
926655;751083205;75108;75;11.0;all;none;False;1;0;1152.9796253927286;296018
926777;751124505;75112;75;11.0;all;some;False;1;1;2816.259838997122;296057
927076;751176509;75117;75;11.0;none;none;False;0;0;5731.771546677517;296149
927313;751135011;75113;75;11.0;none;none;False;0;0;6753.594813080805;296230
928565;751124513;75112;75;11.0;some;some;False;1;1;10441.164744228001;296617
929460;751145606;75114;75;11.0;none;none;False;0;0;15.59986632099774;296902
936423;751114207;75111;75;11.0;all;all;False;1;2;237.22162638088395;299112
937422;751114403;75111;75;11.0;none;none;False;0;0;1243.9027807371485;299430
937434;751145403;75114;75;11.0;some;none;False;1;0;5726.073638515004;299434
939742;751103705;75110;75;11.0;none;none;False;0;0;1970.7426163393604;300171
939799;751187026;75118;75;11.0;some;none;False;1;0;5966.587966735839;300189
940288;751155724;75115;75;11.0;some;some;False;2;3;12536.150564179807;300350
941576;751124611;75112;75;11.0;none;none;False;0;0;1416.0502114007338;300762
942233;751093305;75109;75;11.0;some;some;False;1;2;8008.3715440845035;300967
943635;751135011;75113;75;11.0;none;none;False;0;0;5075.13645049327;301426
944375;751114408;75111;75;11.0;none;all;False;0;2;155.12519126985038;301654
946121;751114409;75111;75;11.0;none;none;False;0;0;4597.969400206767;302241
946625;751166412;75116;75;11.0;none;all;False;0;1;1966.3208475516599;302406
946913;751166110;75116;75;11.0;all;some;False;2;2;10149.067373160324;302501
947067;751197408;75119;75;11.0;none;all;False;0;2;949.1997911689539;302548
947142;751197315;75119;75;11.0;all;none;False;1;0;863.6325738332526;302570
947551;751197514;75119;75;11.0;some;none;False;1;0;3774.155261946893;302704
949065;751166303;75116;75;11.0;none;none;False;0;0;5723.602171423871;303190
949382;751176508;75117;75;11.0;none;none;False;0;0;4191.956254493862;303294
949466;751166114;75116;75;11.0;none;none;False;0;0;4548.627007610601;303318
950863;751155804;75115;75;11.0;some;all;False;1;2;5539.011257389533;303761
952096;751166211;75116;75;11.0;some;some;False;1;2;9363.339620192151;304154
952990;751155818;75115;75;11.0;none;none;False;0;0;2756.6389296799694;304443
953706;751051906;75105;75;11.0;none;none;False;0;0;4116.855567540128;304678
954054;751135114;75113;75;11.0;none;none;False;0;0;2066.986440122199;304790
954638;751145608;75114;75;11.0;none;none;False;0;0;1685.377320813177;304971
955299;751135206;75113;75;11.0;all;none;False;1;0;2685.6432041958233;305185
955495;751155806;75115;75;11.0;none;none;False;0;0;6384.328093318469;305242
959041;751166112;75116;75;11.0;none;none;False;0;0;4077.052107965257;306344
959517;751155903;75115;75;11.0;all;none;False;1;0;13872.326180507895;306492
959635;751207702;75120;75;11.0;some;all;False;1;2;6991.6232228601475;306529
959885;751145509;75114;75;11.0;none;none;False;0;0;2724.012476095449;306606
961094;751155715;75115;75;11.0;none;none;False;0;0;1883.431142222446;306982
961985;751114210;75111;75;11.0;some;all;False;1;3;2619.067613848154;307263
962618;751093607;75109;75;11.0;none;none;False;0;0;6020.746229723855;307482
963226;751114210;75111;75;11.0;none;none;False;0;0;4773.942275445232;307663
966723;751207903;75120;75;11.0;none;none;False;0;0;3918.2431414411176;308781
967622;751207806;75120;75;11.0;some;some;False;1;1;4725.392824591166;309078
968256;751186923;75118;75;11.0;all;some;False;1;2;1331.8732385861747;309290
969403;751135026;75113;75;11.0;none;none;False;0;0;4170.030193002498;309660
970058;751124501;75112;75;11.0;all;all;False;1;4;5400.791962132226;309875
974606;751197312;75119;75;11.0;some;none;False;1;0;515.1351987455826;311340
974798;751166108;75116;75;11.0;none;none;False;0;0;2161.307240032837;311399
975859;751051702;75105;75;11.0;none;all;False;0;3;7624.740160861462;311747
976087;751208001;75120;75;11.0;none;none;False;0;0;2123.818826124299;311822
977284;751166203;75116;75;11.0;all;none;False;1;0;2109.084324658096;312221
979371;751114303;75111;75;11.0;none;none;False;0;0;4420.917398045386;312870
980002;751187021;75118;75;11.0;none;all;False;0;1;4273.800397251347;313072
981572;751031004;75103;75;11.0;none;none;False;0;0;5800.007261283716;313581
981769;751176707;75117;75;11.0;none;none;False;0;0;2054.700053831658;313654
981886;751134902;75113;75;11.0;none;none;False;0;0;3378.4447534333776;313690
985235;751103806;75110;75;11.0;none;none;False;0;0;3076.1761786267607;314764
986510;751155903;75115;75;11.0;none;none;False;0;0;1691.220996122276;315189
988744;751124512;75112;75;11.0;none;all;False;0;6;3374.0500957481418;315914
990937;751207901;75120;75;11.0;none;none;False;0;0;4198.39985789928;316608
991914;751114112;75111;75;11.0;none;none;False;0;0;3123.0340604252615;316917
992054;751155816;75115;75;11.0;none;all;False;0;2;922.4546069585964;316958
992619;751104011;75110;75;11.0;none;all;False;0;2;5433.710826325538;317141
994033;751207903;75120;75;11.0;some;none;False;1;0;6881.474737104434;317583
995501;751155731;75115;75;11.0;none;none;False;0;0;8903.045986461551;318046
999104;751156002;75115;75;11.0;none;none;False;0;0;3578.8243050074134;319180
999793;751186919;75118;75;11.0;some;all;False;1;3;4441.32239464681;319402
1002363;751186913;75118;75;11.0;none;all;False;0;1;4586.426366906449;320202
1004268;751093311;75109;75;11.0;none;none;False;0;0;2565.9779171849295;320817
1005103;751155717;75115;75;11.0;none;none;False;0;0;783.2387710971092;321087
1005921;751197403;75119;75;11.0;some;none;False;1;0;2445.644289073078;321356
1006224;751104002;75110;75;11.0;none;all;False;0;2;2214.8409604454764;321450
1006275;751114201;75111;75;11.0;none;none;False;0;0;1487.818480894881;321465
1007265;751145502;75114;75;11.0;all;all;False;1;2;5408.138603317648;321776
1007913;751155817;75115;75;11.0;none;all;False;0;2;2410.1111689485438;321984
1008097;751186919;75118;75;11.0;none;none;False;0;0;2251.01564103862;322041
1009483;751030904;75103;75;11.0;none;none;False;0;0;5742.303932494085;322489
1010657;751124514;75112;75;11.0;none;none;False;0;0;4829.191087087123;322857
1011296;751145609;75114;75;11.0;none;all;False;0;1;2979.4799376193655;323073
1011916;751156014;75115;75;11.0;none;none;False;0;0;4622.7538730296155;323270
1011958;751187013;75118;75;11.0;none;none;False;0;0;1590.320662140218;323283
1012034;751176609;75117;75;11.0;none;some;False;0;1;219.40073196630857;323306
1012211;751114110;75111;75;11.0;none;all;False;0;2;1847.3548763322997;323365
1012407;751114111;75111;75;11.0;none;all;False;0;2;955.6576025659549;323429
1015350;751124806;75112;75;11.0;some;some;False;1;1;2835.783091397432;324370
1017039;751186924;75118;75;11.0;none;none;False;0;0;7589.7542559725935;324907
1017575;751114317;75111;75;11.0;none;all;False;0;1;6260.6078476138755;325082
1018908;751166405;75116;75;11.0;none;none;False;0;0;3208.1675371569613;325510
1019834;751135106;75113;75;11.0;none;none;False;0;0;2753.4655227457733;325810
1020023;751207910;75120;75;11.0;none;none;False;0;0;734.5847300689937;325867
1020959;751145615;75114;75;11.0;none;none;False;0;0;6037.462010632314;326174
1021956;751176504;75117;75;11.0;none;all;False;0;2;2977.3710916688888;326506
1022254;751051805;75105;75;11.0;none;none;False;0;0;2026.014098717076;326604
1023442;751114320;75111;75;11.0;none;all;False;0;1;6042.049906219125;326984
1023653;751135028;75113;75;11.0;none;none;False;0;0;1918.806344711857;327057
1024071;751124618;75112;75;11.0;some;none;False;1;0;7373.806087401214;327180
1024710;751135024;75113;75;11.0;none;none;False;0;0;1754.9005658647375;327390
1026160;751166220;75116;75;11.0;all;none;False;1;0;2010.5518110802102;327849
1027366;751155716;75115;75;11.0;all;none;False;2;0;7796.868873325329;328240
1028902;751135019;75113;75;11.0;some;none;False;1;0;10211.898752203833;328719
1029897;751103708;75110;75;11.0;none;all;False;0;1;2797.1675522226496;329034
1031558;751083207;75108;75;11.0;none;none;False;0;0;2745.4196484248196;329551
1031701;751176806;75117;75;11.0;none;some;False;0;1;2339.135658914841;329596
1032128;751156012;75115;75;11.0;all;none;False;1;0;3888.730888782845;329740
1033363;751207702;75120;75;11.0;none;none;False;0;0;1050.0417972038047;330130
1033664;751124616;75112;75;11.0;none;none;False;0;0;8058.446809539128;330221
1035247;751135020;75113;75;11.0;all;all;False;2;3;3376.036218773485;330722
1039359;751187021;75118;75;11.0;some;none;False;1;0;2677.6954967443403;332012
1039421;751166207;75116;75;11.0;none;none;False;0;0;6642.953434245105;332033
1040716;751176816;75117;75;11.0;none;none;False;0;0;2502.55848472897;332454
1043530;751197604;75119;75;11.0;none;all;False;0;3;3298.0520943445395;333365
1043538;751031203;75103;75;11.0;none;all;False;0;1;8450.007339063659;333367
1043795;751124616;75112;75;11.0;some;none;False;1;0;6884.968498617765;333454
1047156;751155708;75115;75;11.0;none;none;False;0;0;2686.6361703863668;334541
1047808;751103804;75110;75;11.0;all;all;False;1;2;3644.312539404073;334759
1047973;751135021;75113;75;11.0;none;some;False;0;1;4349.521109255889;334815
1050096;751135201;75113;75;11.0;all;all;False;1;1;3375.9872135025926;335485
1050353;751114410;75111;75;11.0;none;all;False;0;1;2607.8277737456906;335568
1055232;751155723;75115;75;11.0;none;none;False;0;0;741.4929829205549;337092
1057025;751166117;75116;75;11.0;all;none;False;1;0;3272.0265379180337;337677
1057336;751083205;75108;75;11.0;some;some;False;1;1;18362.904998555852;337769
1059586;751197310;75119;75;11.0;some;some;False;1;2;9022.513374847447;338485
1059888;751051904;75105;75;11.0;none;none;False;0;0;5285.498587042673;338591
1060160;751145513;75114;75;11.0;none;none;False;0;0;2202.350987132604;338675
1061891;751156002;75115;75;11.0;all;all;False;1;3;2859.0187558811035;339222
1062451;751103908;75110;75;11.0;none;none;False;0;0;1472.672832045222;339406
1064095;751186916;75118;75;11.0;all;none;False;1;0;5012.97931629132;339939
1064098;751197408;75119;75;11.0;none;none;False;0;0;3422.795591601849;339940
1064795;751155809;75115;75;11.0;none;none;False;0;0;3360.9566026952243;340162
1064831;751051807;75105;75;11.0;none;none;False;0;0;2476.179800041931;340172
1065698;751197602;75119;75;11.0;none;none;False;0;0;4374.586045096441;340445
1068527;751197612;75119;75;11.0;some;all;False;1;2;2300.4725514000233;341373
1069140;751051801;75105;75;11.0;none;none;False;0;0;2299.0884255759024;341572
1069580;751145604;75114;75;11.0;some;none;False;1;0;1989.1109807509617;341706
1069618;751207707;75120;75;11.0;none;none;False;0;0;1281.723541269909;341716
1069788;751145301;75114;75;11.0;none;none;False;0;0;1646.3467241342892;341774
1069943;751176806;75117;75;11.0;none;none;False;0;0;4712.929511021432;341828
1071558;751207710;75120;75;11.0;none;none;False;0;0;3157.771356694189;342324
1072308;751207706;75120;75;11.0;some;some;False;1;2;2906.803909515894;342550
1073416;751041504;75104;75;11.0;none;none;False;0;0;2340.2903820151705;342906
1073688;751156009;75115;75;11.0;none;none;False;0;0;1645.1967836389551;342994
1073720;751166216;75116;75;11.0;none;all;False;0;2;8058.708250639401;343005
1076883;751207902;75120;75;11.0;none;all;False;0;2;2666.1161952906796;343988
1079469;751093305;75109;75;11.0;none;none;False;0;0;924.2840468387968;344836
1079477;751197317;75119;75;11.0;none;none;False;0;0;2562.158671419919;344838
1080215;751155809;75115;75;11.0;none;all;False;0;2;1662.6848764232427;345077
1080347;751083005;75108;75;11.0;none;none;False;0;0;8221.665287345386;345116
1080775;751155707;75115;75;11.0;some;none;False;2;0;5205.704262791423;345250
1081929;751124805;75112;75;11.0;none;none;False;0;0;5592.502845719235;345622
1082017;751135125;75113;75;11.0;none;none;False;0;0;555.0454800358164;345650
1082407;751166121;75116;75;11.0;all;none;False;1;0;3071.3963344354474;345770
1083103;751155818;75115;75;11.0;none;some;False;0;2;14363.035115017565;345986
1083680;751155904;75115;75;11.0;none;none;False;0;0;1558.521449593167;346168
1083989;751103903;75110;75;11.0;none;none;False;0;0;6269.010138239614;346259
1086708;751031101;75103;75;11.0;none;some;False;0;1;12554.219472342545;347110
1086858;751104004;75110;75;11.0;none;none;False;0;0;1720.238819569787;347155
1087454;751186919;75118;75;11.0;none;none;False;0;0;7405.472251484301;347352
1088000;751072804;75107;75;11.0;all;none;False;2;0;4267.23509706241;347523
1089865;751114214;75111;75;11.0;none;some;False;0;1;1964.228012360722;348121
1091027;751124623;75112;75;11.0;none;all;False;0;1;2144.241705906884;348487
1091841;751197304;75119;75;11.0;none;some;False;0;1;3745.6173516342005;348753
1091968;751156012;75115;75;11.0;none;some;False;0;1;4424.628477868328;348794
1092309;751166201;75116;75;11.0;all;all;False;1;1;3564.732234946832;348900
1095814;751135112;75113;75;11.0;none;none;False;0;0;2265.023204777299;350034
1096768;751135201;75113;75;11.0;none;none;False;0;0;3727.6272990525845;350343
1098200;751114112;75111;75;11.0;none;none;False;0;0;5341.251962841044;350806
1098253;751104005;75110;75;11.0;none;none;False;0;0;1341.8378001346387;350824
1098527;751072504;75107;75;11.0;none;none;False;0;0;11081.680424361584;350907
1098592;751166217;75116;75;11.0;none;all;False;0;2;3297.194261270008;350925
1098594;751176801;75117;75;11.0;none;none;False;0;0;2696.4596242714615;350926
1099034;751114318;75111;75;11.0;none;all;False;0;2;1258.012863879062;351063
1099301;751114106;75111;75;11.0;none;all;False;0;1;1219.8532328883857;351148
1099324;751187204;75118;75;11.0;some;some;False;1;3;4641.1347207607705;351156
1100128;751114304;75111;75;11.0;none;none;False;0;0;2757.4880537666786;351418
1100499;751155727;75115;75;11.0;none;none;False;0;0;3042.9582678023216;351545
1100970;751010301;75101;75;11.0;none;none;False;0;0;4461.616444326533;351694
1101512;751135122;75113;75;11.0;none;none;False;0;0;1289.7019081054023;351874
1101805;751104008;75110;75;11.0;none;none;False;0;0;5241.716345453506;351961
1101958;751124606;75112;75;11.0;none;none;False;0;0;2868.8956290685837;352010
1102603;751135006;75113;75;11.0;none;none;False;0;0;321.6117896739472;352217
1102988;751197614;75119;75;11.0;none;none;False;0;0;1543.2999619766456;352335
1104017;751093609;75109;75;11.0;none;none;False;0;0;2740.6775561632594;352677
1104139;751093502;75109;75;11.0;none;none;False;0;0;156.52007459423444;352716
1107491;751187105;75118;75;11.0;all;all;False;1;2;666.9713821079156;353812
1107607;751207911;75120;75;11.0;none;none;False;0;0;2515.7763031558634;353852
1107680;751207913;75120;75;11.0;none;some;False;0;1;3459.7883944301857;353875
1109372;751114204;75111;75;11.0;none;none;False;0;0;4897.997085948944;354412
1110097;751166212;75116;75;11.0;some;none;False;1;0;5734.509450587273;354649
1110446;751197515;75119;75;11.0;none;none;False;0;0;3467.802059002043;354760
1112604;751187205;75118;75;11.0;none;none;False;0;0;624.4672618452939;355451
1112981;751197316;75119;75;11.0;none;none;False;0;0;1843.880596645814;355560
1114768;751103802;75110;75;11.0;none;none;False;0;0;1478.6764541091065;356123
1115657;751176507;75117;75;11.0;all;none;False;1;0;1280.3475348493166;356393
1116463;751145402;75114;75;11.0;all;all;False;3;3;129.4170127533057;356654
1116464;751145402;75114;75;11.0;all;none;False;3;0;4332.40414310116;356654
1116614;751186910;75118;75;11.0;none;none;False;0;0;3915.8826676318254;356709
1119658;751124608;75112;75;11.0;none;all;False;0;3;1575.7844343298086;357683
1123590;751187020;75118;75;11.0;none;none;False;0;0;330.28236336776587;358912
1123615;751031104;75103;75;11.0;none;all;False;0;2;3696.939783576854;358920
1123937;751083002;75108;75;11.0;none;none;False;0;0;90.89057681002687;359026
1124405;751176816;75117;75;11.0;all;none;False;1;0;5327.834837615562;359174
1124695;751166402;75116;75;11.0;none;all;False;0;1;4697.076750810237;359264
1125538;751124610;75112;75;11.0;some;none;False;1;0;3601.8384326837972;359543
1126312;751145602;75114;75;11.0;none;none;False;0;0;2226.968119030826;359787
1127199;773370101;77337;77;11.0;some;none;False;1;0;3793.154195117688;360078
1127631;770830303;77083;77;11.0;none;none;False;0;0;2010.1347482874223;360222
1128487;773370203;77337;77;11.0;none;none;False;0;0;3166.1888589643695;360489
1128932;773370206;77337;77;11.0;some;none;False;1;0;4156.51519378532;360623
1128994;773370202;77337;77;11.0;some;some;False;1;4;9682.542969447844;360644
1129719;770830201;77083;77;11.0;some;some;False;1;2;5274.991956577606;360868
1130136;770830303;77083;77;11.0;none;none;False;0;0;1364.5249661979262;360999
1132794;770830101;77083;77;11.0;all;none;False;1;0;2798.711012931046;361838
1135683;770830102;77083;77;11.0;some;some;False;1;2;10059.086540005483;362783
1137862;770830101;77083;77;11.0;all;all;False;2;2;1598.545055564339;363483
1139209;770830301;77083;77;11.0;all;none;False;1;0;2453.9455561421873;363919
1140510;770830301;77083;77;11.0;some;some;False;1;1;3684.9599695497022;364327
1140638;773370101;77337;77;11.0;all;none;False;2;0;5244.122662331428;364371
1141588;773370201;77337;77;11.0;all;none;False;1;0;1105.994678114743;364663
1142858;770830201;77083;77;11.0;some;some;False;3;3;6121.710346211917;365070
1143942;772580101;77258;77;11.0;all;all;False;1;1;1332.9652940850438;365409
1144023;772580201;77258;77;11.0;all;all;False;1;2;2869.740983240832;365434
1144637;770830201;77083;77;11.0;all;some;False;2;2;5080.207204347147;365643
1144923;773370101;77337;77;11.0;all;all;False;1;1;2413.225929030812;365736
1144978;770830301;77083;77;11.0;some;none;False;1;0;5403.051958531276;365755
1147207;773370205;77337;77;11.0;none;all;False;0;3;2016.084264215174;366470
1147212;770830102;77083;77;11.0;all;none;False;2;0;5883.798676750152;366471
1149762;772580102;77258;77;11.0;some;all;False;1;2;4448.982735749116;367281
1150552;770830302;77083;77;11.0;some;some;False;1;3;2654.281784806995;367528
1151831;771080602;77108;77;11.0;none;none;False;0;0;2531.9980298511573;367944
1152116;771080701;77108;77;11.0;all;none;False;1;0;4359.147933769389;368042
1153675;771080102;77108;77;11.0;all;all;False;1;2;3202.937164539024;368540
1155905;771080301;77108;77;11.0;all;none;False;1;0;927.4038715745347;369235
1156545;771080501;77108;77;11.0;some;all;False;1;3;4951.703963581843;369440
1158487;771080302;77108;77;11.0;all;none;False;2;0;2257.494778469803;370074
1159192;771080502;77108;77;11.0;some;some;False;1;1;3979.6525265236064;370291
1160724;771080201;77108;77;11.0;some;none;False;1;0;3912.4698540011523;370775
1161510;771080503;77108;77;11.0;all;none;False;1;0;2933.975081018218;371041
1162095;771080501;77108;77;11.0;none;none;False;0;0;1103.0183632440826;371233
1162443;771080201;77108;77;11.0;none;some;False;0;1;1059.162134758421;371344
1162867;771080501;77108;77;11.0;some;all;False;1;3;3065.277125808273;371484
1166497;771080301;77108;77;11.0;some;all;False;2;4;2450.964731647791;372678
1168381;771080601;77108;77;11.0;none;none;False;0;0;4259.1735143659425;373292
1168598;771080401;77108;77;11.0;all;none;False;1;0;2832.9095361162326;373367
1168755;771080702;77108;77;11.0;all;some;False;2;2;1252.911200100916;373415
1169655;771080301;77108;77;11.0;some;some;False;1;2;6092.958445312072;373700
1171663;771080501;77108;77;11.0;none;none;False;0;0;7056.56435967517;374343
1172164;771080302;77108;77;11.0;all;some;False;2;3;3620.9658594240236;374498
1173221;771080201;77108;77;11.0;all;none;False;2;0;10209.254611538252;374834
1174032;771080602;77108;77;11.0;all;some;False;1;1;2283.1539710596303;375089
1174249;770010000;77001;77;11.0;all;none;False;2;0;6740.933767105339;375151
1174638;770010000;77001;77;11.0;all;all;False;2;2;2423.7828573400543;375236
1175451;770030000;77003;77;11.0;all;none;False;2;0;3543.4309116836753;375419
1176859;770050000;77005;77;11.0;all;all;False;2;2;2646.8439327321885;375735
1180857;770090000;77009;77;11.0;all;none;False;2;0;1900.3418364118988;376645
1181026;770130000;77013;77;11.0;all;none;False;2;0;6038.682438252031;376683
1182442;771180101;77118;77;11.0;all;none;False;3;0;2961.912558568364;377001
1183337;771180101;77118;77;11.0;all;all;False;1;1;2980.1219358806707;377199
1188335;770160000;77016;77;11.0;all;none;False;2;0;3242.3703344925425;378329
1189098;770180000;77018;77;11.0;all;none;False;2;0;4487.270189811626;378503
1190338;770180000;77018;77;11.0;all;none;False;2;0;2799.672512755571;378784
1190630;770180000;77018;77;11.0;none;none;False;0;0;2414.3580680545074;378855
1190930;770180000;77018;77;11.0;all;none;False;2;0;3731.386131494053;378923
1193133;771180104;77118;77;11.0;all;some;False;2;2;3953.1738145339777;379413
1195464;770220000;77022;77;11.0;all;none;False;1;0;1882.477241153022;379933
1196829;771220201;77122;77;11.0;all;all;False;1;1;2444.4592143332825;380349
1197269;770530101;77053;77;11.0;all;none;False;1;0;2449.9318522348904;380485
1197534;771220102;77122;77;11.0;all;some;False;1;1;2755.10539069934;380563
1198275;772960107;77296;77;11.0;some;some;False;1;2;3920.007205134064;380795
1198625;772510105;77251;77;11.0;all;all;False;2;5;4363.034673796785;380901
1199009;771220101;77122;77;11.0;all;all;False;1;3;1443.2839837102308;381018
1199903;771220201;77122;77;11.0;some;all;False;1;2;4665.685361576505;381302
1200659;770530102;77053;77;11.0;none;none;False;0;0;1715.0608522630002;381546
1202411;770530101;77053;77;11.0;all;all;False;1;2;2249.395631406476;382119
1202476;772960102;77296;77;11.0;all;none;False;3;0;4812.175826785235;382137
1204008;770530201;77053;77;11.0;all;all;False;1;1;60.522276448221724;382651
1204334;770530201;77053;77;11.0;all;some;False;2;1;2748.7266966012753;382757
1204658;772960107;77296;77;11.0;all;none;False;1;0;3069.1985706383102;382858
1208649;771220102;77122;77;11.0;all;none;False;1;0;2259.586693288733;384142
1209387;772960107;77296;77;11.0;all;all;False;1;2;1993.3594741093086;384387
1215944;772960103;77296;77;11.0;all;some;False;2;1;3237.9422955646173;386488
1216104;772510106;77251;77;11.0;all;none;False;1;0;1420.1678454455405;386536
1219058;772510106;77251;77;11.0;all;none;False;1;0;282.0111315310553;387491
1220992;772510106;77251;77;11.0;all;none;False;1;0;3369.835917260251;388128
1221523;771220402;77122;77;11.0;all;all;False;1;3;1967.003732900506;388290
1221861;772960101;77296;77;11.0;some;some;False;1;1;354.80354620826773;388397
1223017;772960106;77296;77;11.0;some;some;False;1;2;2189.9521775467274;388783
1223088;771220203;77122;77;11.0;all;none;False;2;0;3039.8821010407905;388805
1223985;770530201;77053;77;11.0;some;none;False;2;0;6224.2974496068255;389079
1224173;772960106;77296;77;11.0;all;all;False;1;1;1660.5217952932965;389145
1224915;770290000;77029;77;11.0;all;some;False;3;2;4786.262224327544;389374
1226897;770340000;77034;77;11.0;all;all;False;1;3;3071.4134872358613;389957
1228263;771310101;77131;77;11.0;all;none;False;2;0;1987.3201478165252;390269
1228879;770380000;77038;77;11.0;some;some;False;1;2;16242.156333609459;390408
1229620;770400000;77040;77;11.0;all;some;False;2;1;4159.128455820333;390581
1229742;770400000;77040;77;11.0;all;none;False;1;0;3850.7148579046293;390609
1230493;770400000;77040;77;11.0;all;none;False;1;0;3098.983078212734;390792
1231099;770400000;77040;77;11.0;all;some;False;3;1;2054.81806341985;390935
1232607;770400000;77040;77;11.0;all;some;False;2;2;5192.102610357432;391278
1236285;771310201;77131;77;11.0;all;none;False;2;0;1290.485947936584;392116
1236450;770420000;77042;77;11.0;all;some;False;1;1;2983.0179007119787;392150
1237637;770420000;77042;77;11.0;all;all;False;2;2;3453.5268342702757;392414
1238057;771310101;77131;77;11.0;all;none;False;1;0;2266.8222574311676;392507
1240451;770420000;77042;77;11.0;all;all;False;1;1;3097.6285578948027;393060
1244146;771310202;77131;77;11.0;all;all;False;1;1;3403.5276120692624;393903
1244807;770450000;77045;77;11.0;none;none;False;0;0;1046.750501036513;394049
1245971;771310301;77131;77;11.0;none;some;False;0;1;893.4230969643079;394308
1246661;770470000;77047;77;11.0;some;none;False;1;0;3034.218897855856;394464
1250272;770470000;77047;77;11.0;some;none;False;1;0;4544.001989176979;395302
1250552;770480000;77048;77;11.0;all;none;False;2;0;6001.631760767017;395362
1250923;771310301;77131;77;11.0;all;none;False;1;0;1497.9129194344046;395451
1251023;770480000;77048;77;11.0;all;some;False;3;3;2715.7475455398317;395475
1252023;770480000;77048;77;11.0;all;none;False;2;0;2978.02161542041;395703
1253202;770480000;77048;77;11.0;none;none;False;0;0;2496.302090611845;395980
1253434;771310301;77131;77;11.0;some;none;False;1;0;452.1541865044062;396033
1254340;770490000;77049;77;11.0;all;none;False;2;0;5478.925417249133;396222
1254368;770550000;77055;77;11.0;all;none;False;1;0;3160.7049351041305;396227
1254428;770610000;77061;77;11.0;all;all;False;2;2;3200.8973581449154;396240
1256118;773300101;77330;77;11.0;all;none;False;1;0;1534.7987560295896;396583
1257055;770610000;77061;77;11.0;all;none;False;2;0;2721.1796985140527;396774
1259523;771830101;77183;77;11.0;some;none;False;1;0;3983.9826185805086;397275
1259591;770610000;77061;77;11.0;all;none;False;2;0;3643.4156997395658;397289
1260951;770700000;77070;77;11.0;all;some;False;1;3;9947.645423403696;397565
1261481;770710000;77071;77;11.0;some;all;False;1;2;3356.1622171944095;397672
1261753;770720000;77072;77;11.0;all;all;False;1;2;2442.6157590021608;397727
1262374;770810000;77081;77;11.0;all;all;False;3;5;8549.612809277096;397853
1262777;770810000;77081;77;11.0;all;none;False;2;0;3114.7290018672543;397935
1263372;770850000;77085;77;11.0;all;none;False;2;0;864.290302882021;398056
1263737;770950000;77095;77;11.0;some;none;False;1;0;4155.246711712324;398130
1264445;770970000;77097;77;11.0;all;none;False;1;0;2982.860380966332;398273
1265180;770990000;77099;77;11.0;all;all;False;1;4;668.2380705084446;398421
1265932;770990000;77099;77;11.0;all;none;False;2;0;5380.1639033928195;398573
1266023;771830101;77183;77;11.0;all;all;False;3;1;1485.0330058638267;398592
1266985;773300101;77330;77;11.0;all;all;False;2;3;4837.85956009453;398787
1269199;771000000;77100;77;11.0;all;all;False;1;1;1404.3495805341481;399234
1270291;771000000;77100;77;11.0;some;all;False;1;3;3298.8705903838663;399457
1271671;771830101;77183;77;11.0;all;none;False;2;0;1777.2666376090272;399736
1272380;771110000;77111;77;11.0;some;all;False;1;4;6835.3388755084015;399879
1277410;771830102;77183;77;11.0;none;none;False;0;0;3611.9654857863134;400901
1279149;771110000;77111;77;11.0;all;all;False;1;2;1488.92873348668;401288
1279297;771860105;77186;77;11.0;all;none;False;1;0;1838.4261923796337;401321
1280301;771860104;77186;77;11.0;all;all;False;2;2;2653.906682103766;401576
1283928;771130000;77113;77;11.0;none;none;False;0;0;2376.374135801325;402512
1284226;771130000;77113;77;11.0;none;some;False;1;1;6197.762721716387;402593
1284624;770140105;77014;77;11.0;all;none;False;2;0;6391.580998495203;402700
1286273;771160000;77116;77;11.0;all;all;False;1;2;2138.6147503982083;403119
1286691;771210000;77121;77;11.0;some;some;False;1;1;2696.6959885746733;403231
1287903;770140101;77014;77;11.0;all;none;False;1;0;4369.903592631158;403531
1288031;771210000;77121;77;11.0;all;none;False;1;0;1973.0937439609904;403565
1288517;771860102;77186;77;11.0;all;some;False;1;1;1440.8335800166071;403692
1288575;770140104;77014;77;11.0;all;some;False;2;1;462.6825093076262;403708
1290444;771250000;77125;77;11.0;all;some;False;1;1;2494.1778260268857;404179
1290905;770140105;77014;77;11.0;all;all;False;1;5;1819.2640594534241;404294
1291788;771860101;77186;77;11.0;none;all;False;0;5;2216.4042326557988;404508
1293003;771280000;77128;77;11.0;all;all;False;1;2;1406.2393681615345;404817
1295195;771860106;77186;77;11.0;some;none;False;1;0;3346.2059512806536;405378
1296267;771280000;77128;77;11.0;all;all;False;2;3;3732.1614795977234;405654
1296417;770140102;77014;77;11.0;all;none;False;1;0;1450.1480235145289;405693
1296931;771860102;77186;77;11.0;all;none;False;1;0;957.8024723398402;405835
1299832;770140102;77014;77;11.0;all;none;False;1;0;1783.754787049301;406568
1304933;770140101;77014;77;11.0;some;none;False;1;0;9424.530814389665;407891
1307251;771300000;77130;77;11.0;none;none;False;0;0;4055.296496005577;408464
1307506;770140101;77014;77;11.0;none;none;False;0;0;1754.2034945577773;408528
1308967;771350000;77135;77;11.0;all;some;False;2;2;8289.311564329128;408862
1309663;771370000;77137;77;11.0;all;all;False;1;2;3912.644350814371;409002
1309792;771410000;77141;77;11.0;all;none;False;1;0;4164.841918670783;409027
1310232;771430000;77143;77;11.0;all;none;False;1;0;2349.584787276184;409117
1310546;771430000;77143;77;11.0;all;some;False;2;2;3879.971645470842;409180
1310821;771480000;77148;77;11.0;all;all;False;1;3;1777.0832069994183;409235
1311077;771540000;77154;77;11.0;all;none;False;1;0;3699.387885216974;409287
1311267;771550000;77155;77;11.0;all;all;False;1;1;1531.060895433497;409326
1313219;771550000;77155;77;11.0;all;some;False;3;3;11462.909105834673;409724
1313723;771580000;77158;77;11.0;all;none;False;1;0;2209.3979719527665;409825
1313974;771590000;77159;77;11.0;all;all;False;1;5;1688.41053041461;409877
1314124;771590000;77159;77;11.0;all;some;False;2;1;2481.3767783795697;409908
1314311;771620000;77162;77;11.0;all;none;False;3;0;99.39541512293113;409947
1314571;771620000;77162;77;11.0;all;all;False;1;3;2305.46590973652;409999
1316202;771640000;77164;77;11.0;all;some;False;3;2;5490.583226191049;410326
1318282;771680000;77168;77;11.0;all;none;False;1;0;1555.421457870511;410748
1321468;771800000;77180;77;11.0;all;all;False;2;2;3859.336609172371;411392
1322324;771810000;77181;77;11.0;all;all;False;2;3;6735.2475899276;411564
1322887;771810000;77181;77;11.0;all;all;False;2;2;3415.210907994973;411678
1323556;771810000;77181;77;11.0;some;all;False;1;2;4674.778987334177;411815
1323936;771820000;77182;77;11.0;all;all;False;1;2;595.4800117268569;411892
1324327;771820000;77182;77;11.0;some;some;False;3;3;4680.279043935685;411971
1324536;771820000;77182;77;11.0;all;some;False;2;2;2754.378729649036;412014
1326497;771840000;77184;77;11.0;all;all;False;2;2;3685.5253819731506;412414
1331878;771920000;77192;77;11.0;all;none;False;3;0;5542.61954556171;413668
1333801;774640101;77464;77;11.0;some;none;False;3;0;7522.906220117333;414190
1338287;772430303;77243;77;11.0;all;some;False;2;2;7397.356030275882;415390
1338917;771920000;77192;77;11.0;all;some;False;1;1;3298.148246010569;415554
1343333;774640102;77464;77;11.0;all;some;False;2;1;4083.34106577287;416691
1343383;771920000;77192;77;11.0;all;none;False;1;0;2627.4357735366257;416705
1343496;774380102;77438;77;11.0;all;some;False;3;2;7250.718580053582;416735
1348497;771920000;77192;77;11.0;all;some;False;2;1;2936.2403360095086;418052
1348758;772430103;77243;77;11.0;all;none;False;1;0;1078.0395593920773;418125
1348779;773070104;77307;77;11.0;none;none;False;0;0;4298.603901903169;418130
1348899;772430201;77243;77;11.0;some;none;False;3;0;1337.2578947574107;418160
1349224;773070102;77307;77;11.0;all;none;False;1;0;4750.016292154702;418252
1351128;771920000;77192;77;11.0;all;none;False;1;0;2819.8235047824696;418760
1352268;771940000;77194;77;11.0;some;all;False;1;2;5508.820823216763;419073
1352672;771940000;77194;77;11.0;all;all;False;2;3;5549.701753907482;419178
1353212;774640102;77464;77;11.0;all;some;False;2;1;2292.3891167924976;419326
1354153;774640103;77464;77;11.0;all;none;False;1;0;4062.211563907067;419580
1355090;772430202;77243;77;11.0;all;all;False;1;3;3253.2822334429306;419832
1356664;772430103;77243;77;11.0;none;none;False;0;0;3679.7668159578707;420241
1356673;772430103;77243;77;11.0;none;none;False;0;0;3758.5643231073936;420244
1357816;772430302;77243;77;11.0;all;none;False;2;0;5861.757921819524;420540
1358744;771950000;77195;77;11.0;all;some;False;2;2;4232.962221162241;420781
1358875;772430303;77243;77;11.0;none;none;False;0;0;11116.527182023801;420815
1359002;774640101;77464;77;11.0;all;all;False;1;1;634.3350253393927;420845
1359157;773070102;77307;77;11.0;all;none;False;2;0;3649.219822673116;420887
1361228;772840801;77284;77;11.0;some;none;False;1;0;3665.387102677344;421491
1364158;772840901;77284;77;11.0;all;none;False;1;0;62.86813059653861;422436
1365332;772840504;77284;77;11.0;all;some;False;2;2;2199.2718640046405;422805
1365903;772840702;77284;77;11.0;all;none;False;2;0;1057.7586050069394;422987
1366815;772840802;77284;77;11.0;some;all;False;1;4;2480.3142105038214;423279
1367868;772840603;77284;77;11.0;some;none;False;1;0;4653.874137452827;423631
1367883;772840102;77284;77;11.0;all;none;False;1;0;1993.4704311982005;423634
1368664;772840204;77284;77;11.0;all;all;False;1;4;477.4366535922585;423880
1371112;772840203;77284;77;11.0;none;all;False;0;1;1190.7402260660044;424655
1373182;772840503;77284;77;11.0;all;none;False;1;0;2070.6337524919727;425316
1374455;772840702;77284;77;11.0;all;none;False;1;0;2563.579408497959;425723
1376259;772840701;77284;77;11.0;all;none;False;1;0;2647.556775290516;426304
1376678;772840901;77284;77;11.0;none;none;False;0;0;3508.3923766291086;426451
1377131;772840103;77284;77;11.0;none;none;False;0;0;1954.0788094519014;426601
1377418;772840701;77284;77;11.0;all;some;False;2;2;1916.711089021043;426685
1377545;772840802;77284;77;11.0;all;none;False;1;0;2368.1544931793514;426741
1378010;772840801;77284;77;11.0;none;none;False;0;0;1476.1134563198564;426891
1379277;772840504;77284;77;11.0;all;none;False;2;0;3240.7342391530406;427301
1381009;772840103;77284;77;11.0;all;all;False;3;2;2307.010980806121;427858
1381947;772840902;77284;77;11.0;all;all;False;1;2;2650.864288188434;428152
1385657;772880204;77288;77;11.0;none;none;False;0;0;1717.3759775764793;429307
1386833;772880401;77288;77;11.0;all;none;False;1;0;1050.2958052167166;429652
1387641;772880301;77288;77;11.0;none;none;False;0;0;3980.7494023091713;429876
1388682;772880401;77288;77;11.0;none;none;False;0;0;3687.8572311288613;430182
1389360;772880502;77288;77;11.0;some;none;False;1;0;4028.342133490933;430386
1389784;772880501;77288;77;11.0;none;none;False;0;0;1238.802322299009;430510
1392010;772880103;77288;77;11.0;none;none;False;0;0;1976.5290359259402;431188
1392510;772880203;77288;77;11.0;all;none;False;1;0;1818.7756250950276;431337
1393691;772880503;77288;77;11.0;all;all;False;1;2;1457.4481875664649;431678
1394974;772030000;77203;77;11.0;all;none;False;2;0;3447.219291441931;432055
1396426;772880601;77288;77;11.0;all;none;False;1;0;2125.9573414064407;432469
1397151;772880401;77288;77;11.0;some;all;False;1;2;2509.332507353797;432684
1398600;772880602;77288;77;11.0;all;none;False;1;0;1648.0980250375035;433124
1399017;772880503;77288;77;11.0;none;none;False;0;0;775.1202310142419;433247
1399343;772880401;77288;77;11.0;all;all;False;1;2;2005.6131644583159;433338
1399889;772880401;77288;77;11.0;all;none;False;1;0;1171.1877271393482;433492
1401520;774870102;77487;77;11.0;all;none;False;3;0;2463.272258741091;433987
1402287;772880301;77288;77;11.0;all;none;False;1;0;3241.579087165883;434238
1402584;772040000;77204;77;11.0;all;all;False;1;1;4034.8087126484293;434324
1402805;772880301;77288;77;11.0;all;none;False;1;0;316.3684542731598;434386
1403159;772880203;77288;77;11.0;some;some;False;1;1;6374.466268176891;434487
1403342;774870102;77487;77;11.0;all;none;False;2;0;3566.3621744282427;434538
1412302;772100000;77210;77;11.0;all;all;False;1;2;1994.2367258803977;437159
1412433;772880603;77288;77;11.0;all;all;False;1;2;1242.2856605383483;437193
1412755;772880301;77288;77;11.0;all;all;False;1;2;1671.1590083584413;437282
1413890;772940203;77294;77;11.0;some;none;False;1;0;3836.8909656736996;437581
1419109;771530101;77153;77;11.0;all;some;False;2;1;2971.841279559694;438899
1420721;773490102;77349;77;11.0;all;some;False;2;1;3720.7326565313356;439305
1421561;771530101;77153;77;11.0;some;none;False;2;0;7932.437860541801;439505
1424016;772100000;77210;77;11.0;all;all;False;1;2;1495.6738378481537;440115
1424136;771530101;77153;77;11.0;some;all;False;2;3;3922.8881874646936;440144
1424187;772110000;77211;77;11.0;all;some;False;2;2;4936.1554845970495;440156
1426088;773490102;77349;77;11.0;all;none;False;1;0;2900.5411639735958;440618
1426931;772940101;77294;77;11.0;none;some;False;0;1;3455.2728796593224;440828
1427027;772140000;77214;77;11.0;some;all;False;1;2;1453.0717071189868;440851
1427127;771530103;77153;77;11.0;some;some;False;1;2;4631.282465545685;440875
1427714;772140000;77214;77;11.0;all;some;False;1;2;3527.546499456747;441025
1428392;772940203;77294;77;11.0;all;all;False;1;1;1668.2711760496647;441194
1429896;773490102;77349;77;11.0;all;all;False;2;2;4313.586549282566;441561
1429898;772170000;77217;77;11.0;all;some;False;3;4;10439.826619674828;441562
1430726;771530101;77153;77;11.0;some;none;False;2;0;4098.46424781995;441772
1431116;772170000;77217;77;11.0;some;none;False;1;0;6291.6777790515525;441866
1432359;771530102;77153;77;11.0;some;none;False;3;0;8033.44352091908;442179
1433487;772210000;77221;77;11.0;all;none;False;1;0;2541.3830701503316;442467
1434814;772220000;77222;77;11.0;all;all;False;1;2;1664.2466737677094;442783
1435324;772940203;77294;77;11.0;all;none;False;1;0;1513.3919700854935;442911
1435963;771530101;77153;77;11.0;some;some;False;1;1;1923.0656417476364;443067
1436156;771530101;77153;77;11.0;all;all;False;1;2;3011.2045526594875;443114
1439205;770790103;77079;77;11.0;some;all;False;1;2;2522.8346657728644;443896
1439459;770790101;77079;77;11.0;all;all;False;2;2;2451.117361119117;443961
1439833;772220000;77222;77;11.0;all;all;False;2;2;2857.0716446267966;444053
1440563;772290000;77229;77;11.0;all;all;False;1;2;2966.764549337394;444247
1440853;773050203;77305;77;11.0;some;none;False;1;0;1482.301691383703;444331
1441410;772300000;77230;77;11.0;some;all;False;2;4;5482.458881188069;444482
1441572;772320000;77232;77;11.0;some;some;False;2;2;5561.532459118547;444523
1442812;773050203;77305;77;11.0;all;all;False;1;3;1362.724696397644;444860
1443340;773050203;77305;77;11.0;all;all;False;2;3;3930.469551780214;444999
1443575;773050104;77305;77;11.0;all;all;False;1;3;2925.425799145792;445067
1443706;773050202;77305;77;11.0;all;all;False;1;2;1306.0702995008428;445102
1444573;772340000;77234;77;11.0;all;all;False;2;3;5032.702208991798;445335
1445584;773160102;77316;77;11.0;all;all;False;1;3;2163.830204291003;445594
1446099;772380000;77238;77;11.0;all;none;False;1;0;3669.5699562883897;445727
1447762;773050103;77305;77;11.0;none;none;False;0;0;627.9981667552413;446164
1449201;773050202;77305;77;11.0;some;some;False;1;1;3912.085965164525;446558
1449373;772380000;77238;77;11.0;all;some;False;2;1;2137.171742732702;446604
1449664;772390000;77239;77;11.0;some;some;False;2;2;1145.9217581494154;446682
1452523;772400000;77240;77;11.0;some;some;False;1;1;1313.9074809680292;447429
1452731;772410000;77241;77;11.0;all;all;False;1;3;2335.576281660762;447477
1453030;772470000;77247;77;11.0;all;all;False;2;2;5215.355639357716;447552
1453159;770790103;77079;77;11.0;some;none;False;1;0;2182.0446706451744;447584
1453588;773160102;77316;77;11.0;all;some;False;2;1;6443.986862180731;447696
1454763;773050203;77305;77;11.0;all;none;False;1;0;1828.3804650938773;448011
1455959;772530000;77253;77;11.0;all;some;False;2;2;5657.943254569384;448326
1455966;772570000;77257;77;11.0;all;some;False;2;2;3234.945618121553;448327
1456444;773050202;77305;77;11.0;some;none;False;1;0;1842.6458566240417;448449
1457777;772590000;77259;77;11.0;all;some;False;1;1;2034.2667043459874;448784
1459164;773160101;77316;77;11.0;all;all;False;2;4;3194.222270511454;449158
1460272;773160103;77316;77;11.0;some;none;False;1;0;4508.673564591612;449448
1461535;772590000;77259;77;11.0;all;some;False;2;1;3587.645335613635;449780
1461752;773050105;77305;77;11.0;all;some;False;2;1;4037.720054591191;449838
1462548;773160102;77316;77;11.0;all;all;False;3;2;2582.7178173786515;450042
1462789;772620000;77262;77;11.0;all;some;False;2;2;2831.2942521245445;450105
1466138;772680000;77268;77;11.0;all;none;False;2;0;3926.5204366148714;450973
1467011;772680000;77268;77;11.0;some;none;False;1;0;10818.801297145761;451148
1468421;772680000;77268;77;11.0;all;none;False;2;0;6879.528173634264;451430
1469305;772680000;77268;77;11.0;all;some;False;2;1;8203.099382920267;451607
1471782;772680000;77268;77;11.0;all;all;False;2;2;1401.5139414650864;452105
1471947;770370102;77037;77;11.0;all;all;False;1;3;2684.3665289581813;452138
1472941;772680000;77268;77;11.0;all;some;False;2;2;8153.353239684388;452336
1474472;772680000;77268;77;11.0;all;none;False;2;0;5371.179033992437;452642
1474924;772690000;77269;77;11.0;some;none;False;1;0;1981.3706832195144;452733
1475134;772690000;77269;77;11.0;all;none;False;1;0;1124.8255765320598;452775
1475255;772760000;77276;77;11.0;some;some;False;1;1;3984.5761492994075;452799
1476204;772760000;77276;77;11.0;all;some;False;2;1;3911.3101044495147;452990
1476982;772760000;77276;77;11.0;all;some;False;2;1;1322.230648860471;453148
1477569;772770000;77277;77;11.0;all;none;False;1;0;1947.8330364191181;453265
1477957;770370101;77037;77;11.0;all;some;False;2;1;1294.2087317352693;453343
1478076;772870000;77287;77;11.0;some;none;False;1;0;4921.886700479463;453367
1478701;772900000;77290;77;11.0;all;none;False;2;0;2176.890428985948;453492
1480878;772920000;77292;77;11.0;all;none;False;1;0;2581.7401467718787;453927
1482940;773000000;77300;77;11.0;all;all;False;1;2;1482.388445946976;454339
1482941;773000000;77300;77;11.0;all;none;False;1;0;634.9706790238182;454339
1485059;773110000;77311;77;11.0;all;all;False;1;2;2420.4249881266055;454763
1486668;773120000;77312;77;11.0;all;none;False;2;0;2579.0758930867423;455085
1487970;773200000;77320;77;11.0;some;some;False;1;1;2037.3125107855874;455347
1491235;773200000;77320;77;11.0;all;none;False;2;0;1900.4324622810348;456033
1492909;773330201;77333;77;11.0;all;none;False;2;0;2524.4296666065084;456412
1493555;773200000;77320;77;11.0;none;none;False;0;0;4492.935851824477;456560
1493714;773330201;77333;77;11.0;all;all;False;1;2;1520.5513191746074;456596
1493912;773200000;77320;77;11.0;some;some;False;2;2;3375.8269214665834;456637
1495531;773330101;77333;77;11.0;some;some;False;2;2;4591.172740325898;457004
1495545;773330201;77333;77;11.0;all;some;False;2;1;6652.227478989303;457007
1495806;774310101;77431;77;11.0;all;all;False;2;2;2696.7397113890243;457065
1496700;774580101;77458;77;11.0;all;all;False;1;3;1979.1504426363433;457265
1497227;774580102;77458;77;11.0;some;some;False;2;1;1676.406968834488;457385
1498739;773330101;77333;77;11.0;some;none;False;1;0;4104.178470898472;457726
1499873;773200000;77320;77;11.0;all;some;False;2;2;5969.4716749719855;457983
1500245;773200000;77320;77;11.0;all;none;False;2;0;2181.0379693365453;458064
1501244;773330102;77333;77;11.0;none;none;False;0;0;1938.8077900752064;458292
1502343;773220000;77322;77;11.0;some;none;False;2;0;5919.455083297653;458535
1502487;773230000;77323;77;11.0;all;all;False;2;4;5537.638506530169;458569
1503437;773290000;77329;77;11.0;some;some;False;1;1;4157.571322823804;458782
1505491;773350000;77335;77;11.0;all;some;False;3;2;5595.00959491355;459245
1505918;774580102;77458;77;11.0;none;all;False;0;3;3280.9696084230327;459341
1506684;773390000;77339;77;11.0;all;some;False;2;2;12161.94318923764;459521
1511111;773400000;77340;77;11.0;all;all;False;2;3;2011.0126184738037;460535
1511148;774580102;77458;77;11.0;none;all;False;0;6;425.4447404468988;460542
1512801;773410000;77341;77;11.0;some;some;False;3;2;8341.788852686863;460927
1514470;773580000;77358;77;11.0;none;none;False;0;0;2619.153275402302;461305
1515087;774310101;77431;77;11.0;all;some;False;2;2;5231.467447690173;461441
1516802;773590000;77359;77;11.0;all;some;False;1;1;4551.739955248577;461853
1517189;773500401;77350;77;11.0;all;some;False;3;2;1172.1907729148145;461938
1517916;773500303;77350;77;11.0;some;none;False;1;0;20.277687758632773;462112
1518516;772150103;77215;77;11.0;none;none;False;0;0;1872.3727713577687;462264
1518728;773500401;77350;77;11.0;none;none;False;0;0;3585.139657368526;462314
1519724;773500303;77350;77;11.0;all;none;False;1;0;3878.769847421502;462555
1520012;774700101;77470;77;11.0;all;none;False;1;0;1767.5519940521272;462623
1520893;773500402;77350;77;11.0;some;some;False;1;2;4995.89627995921;462832
1521540;774700103;77470;77;11.0;all;some;False;3;3;5563.708577303086;462984
1522995;773600000;77360;77;11.0;all;all;False;1;2;2268.93641796034;463324
1523571;772150101;77215;77;11.0;all;none;False;2;0;2041.150526766988;463464
1524505;774700101;77470;77;11.0;some;none;False;1;0;4025.932207482075;463687
1524852;773630000;77363;77;11.0;all;none;False;1;0;1467.1969296754696;463766
1525019;773640000;77364;77;11.0;all;none;False;2;0;2569.031805861925;463808
1526067;773500401;77350;77;11.0;all;none;False;1;0;3823.271829212554;464055
1526247;773710000;77371;77;11.0;some;some;False;2;4;7242.8939862804655;464098
1526844;772490101;77249;77;11.0;all;none;False;1;0;4407.215496161784;464237
1527845;773720000;77372;77;11.0;some;some;False;1;1;519.2685756113525;464477
1529629;773500401;77350;77;11.0;some;some;False;1;5;8236.592631339023;464897
1530820;772490103;77249;77;11.0;all;none;False;2;0;6428.610950797462;465182
1530911;773720000;77372;77;11.0;all;some;False;1;1;3674.04707285086;465201
1531865;773500201;77350;77;11.0;all;some;False;2;1;1877.4453034304202;465425
1532581;773720000;77372;77;11.0;all;none;False;2;0;3194.6332415673996;465596
1533019;773500501;77350;77;11.0;all;none;False;2;0;2420.249759853723;465701
1533170;773760000;77376;77;11.0;all;none;False;1;0;1933.7017790499842;465737
1533492;773780000;77378;77;11.0;some;none;False;1;0;3598.6129032479134;465818
1533756;774700102;77470;77;11.0;all;all;False;2;5;2768.8261378701527;465878
1534503;773780000;77378;77;11.0;all;none;False;1;0;1093.175616731382;466057
1535110;774700101;77470;77;11.0;all;none;False;2;0;1984.9059476143343;466202
1535784;773500201;77350;77;11.0;all;none;False;1;0;2667.2412576503752;466370
1536775;773810000;77381;77;11.0;none;all;False;0;1;2235.150446173085;466610
1537813;774700103;77470;77;11.0;all;all;False;1;2;2050.805465175252;466859
1538282;772490103;77249;77;11.0;all;none;False;3;0;8951.562516066288;466973
1538326;772490102;77249;77;11.0;all;all;False;2;2;2230.726603957284;466983
1539580;772150101;77215;77;11.0;none;none;False;0;0;1741.0152631560159;467287
1539619;774700101;77470;77;11.0;some;some;False;1;1;3793.721286616732;467301
1540023;773820000;77382;77;11.0;all;none;False;1;0;6633.418104087636;467397
1541105;773730103;77373;77;11.0;all;all;False;2;2;3685.484533420613;467669
1541237;773730101;77373;77;11.0;all;none;False;1;0;2598.2860723055046;467704
1543307;773730101;77373;77;11.0;all;all;False;1;2;1658.5007648678547;468351
1543405;773730402;77373;77;11.0;all;none;False;1;0;3348.312719136995;468382
1543830;773730102;77373;77;11.0;none;all;False;0;1;350.15549819195024;468518
1546589;773900301;77390;77;11.0;all;all;False;1;1;1891.3283591925974;469355
1548137;773900301;77390;77;11.0;all;all;False;1;3;544.966218044218;469854
1549237;773900401;77390;77;11.0;some;none;False;1;0;8408.464163012373;470190
1549922;773730103;77373;77;11.0;all;all;False;2;2;2188.633359279618;470399
1550351;773730401;77373;77;11.0;all;all;False;1;3;744.2159631731923;470531
1550867;773730503;77373;77;11.0;all;none;False;1;0;2788.781669270169;470674
1553596;773730103;77373;77;11.0;all;all;False;2;3;1901.025733015229;471525
1556120;773730201;77373;77;11.0;some;none;False;1;0;4445.147536113021;472295
1558316;773730301;77373;77;11.0;some;none;False;1;0;2138.9272745572707;472966
1559254;773730101;77373;77;11.0;some;none;False;2;0;8048.185332509329;473249
1560403;773730502;77373;77;11.0;all;none;False;1;0;1074.7939040796302;473608
1561044;773900302;77390;77;11.0;some;all;False;2;3;3534.594107990485;473803
1561594;773900301;77390;77;11.0;none;none;False;0;0;2089.134338640306;473975
1563591;773900201;77390;77;11.0;some;some;False;1;1;2925.7479177525447;474587
1565996;773730503;77373;77;11.0;all;all;False;1;1;1573.7040476693305;475333
1566511;771690102;77169;77;11.0;some;all;False;1;3;1319.6914939624378;475488
1566713;773730103;77373;77;11.0;none;none;False;0;0;2860.2357714650216;475553
1566868;773730201;77373;77;11.0;some;none;False;2;0;5740.486902240041;475606
1567538;773730101;77373;77;11.0;none;none;False;0;0;1682.0340101258546;475804
1568622;773820000;77382;77;11.0;some;some;False;1;2;10198.257760908713;476078
1569979;773820000;77382;77;11.0;some;some;False;1;1;4001.2242049634588;476383
1570721;773790202;77379;77;11.0;all;none;False;1;0;1917.3169231042352;476549
1571978;773840000;77384;77;11.0;none;none;False;0;0;6587.963523417706;476831
1573360;773840000;77384;77;11.0;all;none;False;3;0;4884.730412223621;477139
1574166;773850000;77385;77;11.0;some;none;False;1;0;2442.840217448321;477323
1574401;773890000;77389;77;11.0;all;none;False;3;0;4719.296302141531;477375
1574719;773890000;77389;77;11.0;all;all;False;2;3;3400.139412973623;477446
1575571;773790102;77379;77;11.0;all;all;False;1;2;2832.994275700228;477634
1575775;773930000;77393;77;11.0;all;none;False;3;0;5052.377034730787;477679
1576276;773940000;77394;77;11.0;all;some;False;2;2;72.83220781528082;477790
1576469;773940000;77394;77;11.0;all;none;False;1;0;1610.3772737644967;477835
1577783;774020000;77402;77;11.0;all;some;False;2;1;4438.0067626135715;478131
1578084;774090000;77409;77;11.0;some;some;False;1;1;5248.648586094418;478197
1579257;774090000;77409;77;11.0;all;all;False;2;2;3612.0288180424445;478462
1581198;774090000;77409;77;11.0;all;none;False;2;0;4721.00382866922;478902
1581584;774100000;77410;77;11.0;all;some;False;3;1;3527.1085832132544;478986
1583308;774110000;77411;77;11.0;all;all;False;1;2;595.4986239483183;479375
1583655;774130000;77413;77;11.0;all;all;False;2;6;5036.925367179183;479457
1585369;774140000;77414;77;11.0;all;none;False;2;0;4057.4659933418634;479840
1585784;774150000;77415;77;11.0;all;some;False;2;2;2673.4153003602946;479937
1586462;774190000;77419;77;11.0;all;some;False;3;1;5385.795686162997;480089
1586793;774200000;77420;77;11.0;all;all;False;2;3;534.1885722232521;480166
1587143;774240000;77424;77;11.0;all;some;False;2;2;2216.935944779336;480246
1587770;774280000;77428;77;11.0;all;none;False;1;0;947.8631324484624;480386
1588556;774290000;77429;77;11.0;some;none;False;1;0;3203.65653424772;480563
1588567;774300000;77430;77;11.0;all;none;False;3;0;447.13676224914224;480565
1589050;774300000;77430;77;11.0;all;none;False;2;0;1889.2614996168404;480676
1589129;774300000;77430;77;11.0;all;none;False;2;0;2853.652798914112;480694
1589479;773790202;77379;77;11.0;all;all;False;1;2;1640.3905950690341;480774
1589957;773790201;77379;77;11.0;none;none;False;0;0;2225.076495255571;480887
1590191;773790103;77379;77;11.0;none;all;False;0;1;2275.879743650437;480939
1590645;774320000;77432;77;11.0;all;none;False;2;0;6887.680995226619;481037
1593846;771520201;77152;77;11.0;none;none;False;0;0;2581.642562009388;481901
1593910;774330000;77433;77;11.0;all;none;False;2;0;20.416881115224736;481919
1594133;774360000;77436;77;11.0;all;all;False;2;4;3222.0826970306643;481985
1594526;771520303;77152;77;11.0;all;some;False;2;3;4965.860398145237;482105
1595075;774070103;77407;77;11.0;all;some;False;2;1;7506.050577175434;482257
1597975;774370000;77437;77;11.0;some;none;False;1;0;3690.4763606016086;483096
1599621;774390000;77439;77;11.0;all;all;False;1;2;2223.1820653232844;483567
1600546;774400000;77440;77;11.0;all;all;False;2;4;6578.849011306755;483818
1600685;774070102;77407;77;11.0;all;all;False;3;3;7733.949071001507;483858
1602313;774070104;77407;77;11.0;all;none;False;1;0;1480.8857106023934;484325
1602729;774400000;77440;77;11.0;all;some;False;2;2;7294.718051266966;484448
1603804;774410000;77441;77;11.0;all;all;False;1;2;2420.110359020011;484761
1604197;774070102;77407;77;11.0;all;none;False;1;0;2056.4808724887416;484872
1604515;771520401;77152;77;11.0;all;none;False;1;0;4071.4763163624284;484970
1605585;774430000;77443;77;11.0;all;some;False;2;2;3882.856914785049;485271
1608977;773260102;77326;77;11.0;some;none;False;1;0;3587.2080051400826;486227
1609502;771520401;77152;77;11.0;some;some;False;1;1;2290.284189873857;486378
1610129;771520301;77152;77;11.0;some;some;False;1;1;6664.4946852254;486553
1614062;772850204;77285;77;11.0;some;none;False;1;0;1797.5714252883997;487681
1614302;774450201;77445;77;11.0;some;some;False;1;1;3845.1012652870936;487754
1615340;774950103;77495;77;11.0;all;some;False;3;1;2042.829125308095;488061
1615425;772850204;77285;77;11.0;all;none;False;1;0;2085.214300660783;488086
1617470;774450201;77445;77;11.0;all;all;False;2;2;2200.22278816576;488684
1619149;772850301;77285;77;11.0;all;some;False;2;1;2715.1711616010975;489188
1621172;774450301;77445;77;11.0;all;none;False;2;0;3521.2788619425532;489791
1621905;772850202;77285;77;11.0;some;none;False;1;0;3218.2076554756413;490005
1622367;772850102;77285;77;11.0;some;some;False;2;2;2952.2995065436116;490147
1622779;772850102;77285;77;11.0;none;none;False;0;0;6970.7671158596995;490272
1624985;772850102;77285;77;11.0;some;some;False;1;1;3783.9022145710424;490926
1626436;774450401;77445;77;11.0;all;all;False;2;2;3298.1329784072677;491368
1629683;774450301;77445;77;11.0;all;none;False;2;0;1253.4312791756772;492343
1629859;774450102;77445;77;11.0;all;some;False;1;2;3859.745222335197;492397
1630751;774450401;77445;77;11.0;some;none;False;2;0;3903.6692876182833;492661
1630768;772850202;77285;77;11.0;some;none;False;1;0;1592.7930883200424;492666
1630793;772850201;77285;77;11.0;none;none;False;0;0;3361.1643014337656;492673
1630867;770670103;77067;77;11.0;all;all;False;2;2;3136.9609751989556;492694
1631723;772850103;77285;77;11.0;some;none;False;2;0;2304.116161817033;492940
1631879;774450202;77445;77;11.0;some;all;False;1;2;3877.269454466602;492984
1631979;774950102;77495;77;11.0;all;all;False;1;2;3195.955253558101;493013
1632435;774950103;77495;77;11.0;all;none;False;2;0;4433.052481861608;493156
1633484;772850204;77285;77;11.0;some;some;False;2;4;10166.585050923837;493471
1636080;774450301;77445;77;11.0;none;all;False;0;2;1964.6077494373912;494245
1636102;774950101;77495;77;11.0;all;some;False;2;2;3611.449157130508;494251
1636571;774450202;77445;77;11.0;all;none;False;1;0;5212.409622720922;494395
1636950;772850203;77285;77;11.0;none;all;False;0;2;1046.381435353864;494511
1637214;774450401;77445;77;11.0;all;none;False;3;0;1192.9278804889047;494592
1637865;772850204;77285;77;11.0;none;none;False;0;0;3999.27555794118;494788
1637916;774450302;77445;77;11.0;all;some;False;2;1;5756.449112898468;494804
1638298;774950101;77495;77;11.0;all;none;False;2;0;1839.3054720318623;494912
1638662;774450201;77445;77;11.0;all;none;False;2;0;2581.4080871049505;495020
1643286;774490000;77449;77;11.0;none;none;False;0;0;2635.421276700672;496197
1643631;774490000;77449;77;11.0;all;all;False;2;4;3971.420020905118;496268
1643739;774500000;77450;77;11.0;some;some;False;1;1;6886.425255220995;496290
1644163;774500000;77450;77;11.0;all;some;False;2;1;1409.4089900007054;496375
1645470;774510000;77451;77;11.0;none;none;False;0;0;3753.680531334507;496639
1647168;774510000;77451;77;11.0;some;some;False;1;1;6441.756992729991;496983
1647288;774510000;77451;77;11.0;all;none;False;1;0;1343.4382080967885;497007
1648839;774530000;77453;77;11.0;all;some;False;2;3;6012.769737600884;497320
1649110;774540000;77454;77;11.0;some;some;False;1;2;7812.19536846267;497373
1650762;774550000;77455;77;11.0;none;none;False;0;0;2482.4345029328224;497703
1650784;774550000;77455;77;11.0;all;all;False;2;2;4135.3585006797975;497708
1655530;774570000;77457;77;11.0;all;none;False;3;0;2090.1436789109416;498663
1656210;774590000;77459;77;11.0;some;all;False;1;3;5073.498361852103;498799
1657722;774590000;77459;77;11.0;all;some;False;2;1;2473.757386926689;499104
1658125;774620000;77462;77;11.0;none;none;False;0;0;1419.828898094089;499184
1659631;774630000;77463;77;11.0;all;some;False;3;1;4787.6441353527725;499490
1661081;774630000;77463;77;11.0;all;some;False;2;1;4204.003223616586;499784
1661922;774630000;77463;77;11.0;all;none;False;2;0;3992.3097916563493;499954
1662152;774650000;77465;77;11.0;all;none;False;2;0;4806.836345506024;500001
1662282;774730000;77473;77;11.0;all;some;False;2;1;3807.24263903558;500027
1662434;771710102;77171;77;11.0;all;all;False;2;2;2904.0339991426713;500058
1662880;774780000;77478;77;11.0;all;none;False;1;0;1419.5265115863874;500147
1663343;774780000;77478;77;11.0;all;some;False;2;1;4195.477305565952;500240
1663348;771710102;77171;77;11.0;some;none;False;2;0;7565.02276756949;500241
1665395;771710102;77171;77;11.0;some;none;False;2;0;4512.230023576032;500653
1665455;774800000;77480;77;11.0;all;none;False;3;0;10550.84360238768;500665
1667553;774810000;77481;77;11.0;all;all;False;2;2;4165.06460868821;501086
1669060;774820000;77482;77;11.0;all;all;False;2;3;4305.78461909713;501386
1669787;774830000;77483;77;11.0;all;all;False;2;3;1453.0275041227544;501533
1674841;770580102;77058;77;11.0;all;some;False;2;2;4982.361081892995;503004
1676677;770580104;77058;77;11.0;all;all;False;1;1;2084.2680498098316;503566
1677291;770580104;77058;77;11.0;some;some;False;1;1;6386.633460091419;503751
1678640;774900000;77490;77;11.0;some;some;False;1;2;8172.160214193817;504194
1679099;770580104;77058;77;11.0;none;none;False;0;0;5838.39396603002;504336
1680221;774680202;77468;77;11.0;all;none;False;1;0;2079.7901659915683;504682
1682139;770580104;77058;77;11.0;all;none;False;2;0;3344.542750420789;505266
1682266;770580102;77058;77;11.0;all;none;False;3;0;2830.651608384101;505304
1682518;774680202;77468;77;11.0;all;all;False;1;2;990.5777564003876;505383
1683189;774680103;77468;77;11.0;some;none;False;1;0;4755.870503320973;505584
1685111;774680204;77468;77;11.0;all;all;False;1;2;2558.9919053566186;506193
1686498;774680101;77468;77;11.0;all;all;False;1;1;1687.4028228618783;506632
1686572;774680205;77468;77;11.0;some;none;False;1;0;319.79695449043203;506659
1687230;774680103;77468;77;11.0;all;all;False;1;2;2284.194301646664;506865
1687557;774680205;77468;77;11.0;none;none;False;0;0;528.3711441386273;506971
1689370;770580104;77058;77;11.0;all;none;False;1;0;2365.451287331061;507531
1690252;774680205;77468;77;11.0;all;none;False;1;0;1447.0302910077444;507797
1690419;774680202;77468;77;11.0;none;none;False;0;0;2457.5608025114802;507846
1690734;774940000;77494;77;11.0;all;all;False;1;2;2114.9270604909852;507943
1692456;770580104;77058;77;11.0;all;all;False;1;3;6935.645837901438;508470
1692717;775040000;77504;77;11.0;all;none;False;1;0;2695.7182632797453;508544
1695480;775140201;77514;77;11.0;some;none;False;1;0;5925.152204309428;509340
1695668;775140102;77514;77;11.0;some;some;False;1;1;4002.872061887286;509399
1696095;775140102;77514;77;11.0;all;none;False;1;0;1759.2899511943167;509527
1696402;775140201;77514;77;11.0;all;all;False;1;1;2035.5151401479557;509611
1698481;774790103;77479;77;11.0;some;all;False;1;2;2864.5874739594747;510217
1698621;775140301;77514;77;11.0;none;none;False;0;0;1714.2181872678839;510259
1699653;774790103;77479;77;11.0;all;all;False;2;4;1878.2057519632813;510559
1699778;775140201;77514;77;11.0;all;all;False;1;3;2867.07045023483;510595
1702671;775140301;77514;77;11.0;all;none;False;1;0;1986.6694251907697;511420
1703507;771390101;77139;77;11.0;all;none;False;1;0;2456.9398669883976;511663
1706677;774790105;77479;77;11.0;all;some;False;2;2;5256.000118067653;512568
1707145;771390101;77139;77;11.0;some;none;False;1;0;3075.2032868631086;512708
1707286;775110000;77511;77;11.0;all;none;False;2;0;1914.2686442751844;512751
1709776;774790101;77479;77;11.0;none;none;False;0;0;3009.566386424246;513479
1710502;775140101;77514;77;11.0;all;none;False;1;0;5187.530796645449;513682
1711747;774790101;77479;77;11.0;some;none;False;1;0;4781.9561937142735;514033
1713946;775140102;77514;77;11.0;all;none;False;1;0;1624.324306352548;514677
1715021;775140201;77514;77;11.0;all;all;False;2;3;3855.5389748244615;514985
1715856;780030000;78003;78;11.0;all;none;False;2;0;3925.106536135925;515187
1716103;780030000;78003;78;11.0;some;some;False;2;2;5696.321827657516;515239
1716207;780290104;78029;78;11.0;all;some;False;1;1;2623.7819356437694;515262
1716664;780030000;78003;78;11.0;some;none;False;2;0;2312.8744219316577;515364
1716979;780030000;78003;78;11.0;all;all;False;2;3;852.6020645959045;515433
1717093;780060000;78006;78;11.0;all;none;False;2;0;8208.992007554742;515457
1717740;780070000;78007;78;11.0;all;all;False;2;2;3596.216455258978;515601
1717761;780300000;78030;78;11.0;some;none;False;1;0;2938.729970172459;515606
1719952;780340000;78034;78;11.0;all;all;False;2;2;5039.57817078322;516087
1720408;780430000;78043;78;11.0;some;some;False;1;2;2701.4033598046312;516191
1720429;780290101;78029;78;11.0;some;some;False;1;2;2802.3244901790754;516196
1721304;780430000;78043;78;11.0;all;none;False;2;0;4647.914128715984;516390
1723894;783800101;78380;78;11.0;all;all;False;3;6;6142.111509022732;516951
1726475;780430000;78043;78;11.0;all;all;False;1;2;4144.542899258774;517525
1726583;780430000;78043;78;11.0;all;none;False;2;0;5255.950432374818;517551
1727048;780290106;78029;78;11.0;all;none;False;2;0;3970.724826012287;517657
1729506;780480000;78048;78;11.0;all;some;False;3;1;6609.262720501888;518210
1731377;780480000;78048;78;11.0;all;all;False;2;2;5349.18181245798;518625
1732158;780290105;78029;78;11.0;none;none;False;0;0;2631.9822032919874;518799
1732370;780490000;78049;78;11.0;all;none;False;1;0;4664.861839079809;518847
1732764;780490000;78049;78;11.0;all;all;False;1;2;1970.3135878522553;518939
1733370;780290106;78029;78;11.0;none;none;False;0;0;1856.3248310909332;519077
1733930;780770000;78077;78;11.0;all;all;False;2;3;4096.038408357949;519203
1736232;780870000;78087;78;11.0;all;all;False;1;1;2398.419641953087;519706
1737710;780890000;78089;78;11.0;all;all;False;3;3;2396.512064763914;520032
1738011;780890000;78089;78;11.0;all;all;False;1;5;1012.9861228847736;520100
1738014;780900000;78090;78;11.0;all;all;False;1;7;2755.2371123769394;520100
1738147;780900000;78090;78;11.0;all;none;False;3;0;5675.055319902871;520131
1738723;781180000;78118;78;11.0;some;none;False;1;0;4214.907139693207;520261
1739298;783800102;78380;78;11.0;all;none;False;1;0;3844.820508056085;520388
1740042;781180000;78118;78;11.0;all;none;False;2;0;1611.1140540152373;520555
1740249;780290101;78029;78;11.0;all;none;False;2;0;2722.1336380108237;520601
1740464;781180000;78118;78;11.0;some;none;False;1;0;4805.121800661822;520643
1742200;781200000;78120;78;11.0;all;none;False;1;0;2079.955074169779;521025
1744821;781250000;78125;78;11.0;all;all;False;2;3;4492.712605758957;521602
1745069;781280000;78128;78;11.0;some;none;False;1;0;2149.3951823270495;521652
1745585;781470000;78147;78;11.0;all;some;False;2;3;5416.914157676879;521752
1745600;781520000;78152;78;11.0;all;none;False;2;0;2176.129685666462;521755
1746882;781520000;78152;78;11.0;all;none;False;2;0;11009.768552125593;522012
1747732;781520000;78152;78;11.0;none;none;False;0;0;11778.916483042585;522180
1748805;781520000;78152;78;11.0;some;some;False;1;2;23654.523641427935;522393
1749107;781680000;78168;78;11.0;none;none;False;0;0;2903.140386983411;522453
1750757;781680000;78168;78;11.0;all;all;False;2;3;1389.710829675841;522780
1751049;781710000;78171;78;11.0;some;some;False;1;1;7822.663034721714;522836
1751444;781710000;78171;78;11.0;all;some;False;1;1;4040.83617609912;522915
1751912;781890000;78189;78;11.0;all;some;False;2;1;8579.652807952487;523008
1752032;781920000;78192;78;11.0;all;some;False;2;1;3624.048753635937;523033
1753324;782240000;78224;78;11.0;some;none;False;1;0;250.3810340010383;523292
1753967;782240000;78224;78;11.0;all;some;False;2;3;6233.68683914027;523416
1756253;782240000;78224;78;11.0;some;none;False;1;0;2418.951068435334;523869
1756959;782330000;78233;78;11.0;some;all;False;1;3;4406.54591530444;524007
1759896;782330000;78233;78;11.0;all;all;False;2;5;4320.316575014636;524594
1760299;782330000;78233;78;11.0;all;some;False;1;3;20815.58406584145;524674
1761494;782330000;78233;78;11.0;all;all;False;1;4;4488.558566954012;524911
1761548;782360000;78236;78;11.0;all;all;False;1;2;2198.6607770828155;524922
1762675;782380000;78238;78;11.0;some;some;False;2;2;7382.6640494512285;525148
1763539;782380000;78238;78;11.0;all;none;False;2;0;2400.6872857363455;525318
1765750;782460000;78246;78;11.0;all;none;False;2;0;3863.048775658377;525759
1766746;782460000;78246;78;11.0;none;none;False;0;0;2191.5011711999655;525956
1766971;782550000;78255;78;11.0;all;none;False;2;0;3002.48800789784;526000
1767337;782550000;78255;78;11.0;all;none;False;2;0;5357.171095502813;526074
1768666;782610000;78261;78;11.0;some;none;False;1;0;6079.135288567904;526338
1770165;783720102;78372;78;11.0;all;none;False;2;0;6614.110149924375;526722
1770204;781460106;78146;78;11.0;some;all;False;1;3;4350.214059711268;526734
1770984;783720105;78372;78;11.0;all;none;False;1;0;2883.5476598017876;526978
1772182;782650000;78265;78;11.0;some;some;False;1;2;537.0928239027472;527358
1772608;783720105;78372;78;11.0;some;all;False;2;6;13665.667382392465;527486
1773408;783720107;78372;78;11.0;none;none;False;0;0;3838.6002219573556;527727
1774145;786500104;78650;78;11.0;none;none;False;0;0;8562.252946603767;527951
1774535;781460101;78146;78;11.0;some;all;False;1;2;7556.594447853364;528082
1775435;786500105;78650;78;11.0;all;all;False;1;1;8623.969236623985;528361
1778441;783720105;78372;78;11.0;all;none;False;1;0;5756.328675096821;529297
1778936;781460101;78146;78;11.0;all;all;False;1;1;3645.5630503040734;529458
1779162;783720107;78372;78;11.0;some;some;False;1;2;9608.273706071672;529525
1779208;786500105;78650;78;11.0;some;none;False;1;0;5029.2367351565545;529538
1779481;781460107;78146;78;11.0;some;none;False;1;0;5869.576927502661;529623
1780917;781460101;78146;78;11.0;some;none;False;1;0;4993.087359327393;530085
1782145;783720104;78372;78;11.0;some;all;False;1;3;7471.0814573748885;530461
1782296;781460104;78146;78;11.0;all;none;False;2;0;2153.0468764515326;530507
1784118;786500104;78650;78;11.0;all;all;False;1;3;4994.257562402116;531046
1786027;781460108;78146;78;11.0;some;some;False;1;1;5833.400049576915;531647
1786215;781460102;78146;78;11.0;all;some;False;2;3;5668.883500382831;531708
1787037;781460108;78146;78;11.0;all;none;False;1;0;4257.423796036936;531962
1787312;781900101;78190;78;11.0;all;none;False;2;0;280.0076254658211;532040
1788457;783720103;78372;78;11.0;all;some;False;2;1;7731.477133473247;532404
1789146;781900102;78190;78;11.0;all;none;False;3;0;14368.206485409393;532619
1790366;786500105;78650;78;11.0;none;all;False;0;2;9315.551946217536;532995
1793101;781460101;78146;78;11.0;all;all;False;1;1;3089.208593480549;533842
1793112;781460104;78146;78;11.0;all;none;False;1;0;2472.8818719268043;533845
1793326;781460109;78146;78;11.0;some;none;False;1;0;4220.9331341619545;533906
1794955;786500104;78650;78;11.0;some;all;False;1;3;16103.662307187607;534401
1795588;783720101;78372;78;11.0;some;none;False;1;0;3065.8348453720755;534595
1795600;781460106;78146;78;11.0;all;none;False;1;0;2524.3223814879766;534599
1796638;783720107;78372;78;11.0;some;all;False;1;4;9137.536738084586;534911
1799097;781460103;78146;78;11.0;some;some;False;2;2;6368.098420373147;535686
1799128;781460112;78146;78;11.0;all;none;False;2;0;1808.7186842895687;535697
1801552;782810000;78281;78;11.0;none;all;False;0;1;4056.6592903439973;536432
1802174;781460105;78146;78;11.0;none;none;False;0;0;1965.579922527039;536616
1803681;782910000;78291;78;11.0;some;none;False;2;0;15193.209077373398;537068
1806805;780920104;78092;78;11.0;some;some;False;1;2;14443.624315328267;537967
1808164;781580112;78158;78;11.0;all;none;False;1;0;2627.306119269181;538360
1808469;781580112;78158;78;11.0;none;none;False;0;0;675.9202196763935;538444
1808672;781580101;78158;78;11.0;some;some;False;1;2;12237.604700539834;538502
1809682;783070000;78307;78;11.0;all;all;False;1;2;2600.852273166247;538790
1810847;783100000;78310;78;11.0;some;all;False;1;2;2866.102223255503;539125
1811697;781260107;78126;78;11.0;none;all;False;0;2;1822.3223176274057;539367
1812531;781580201;78158;78;11.0;all;all;False;1;3;1656.0719025061521;539612
1814619;781580113;78158;78;11.0;some;all;False;1;3;4096.5082034342795;540223
1814802;781580110;78158;78;11.0;none;none;False;0;0;3745.5515314093564;540274
1815592;781580113;78158;78;11.0;none;none;False;0;0;4335.176503362156;540504
1817746;780920102;78092;78;11.0;all;some;False;1;2;5207.227252962611;541129
1818447;781260110;78126;78;11.0;some;some;False;1;1;2591.8512780066385;541330
1820316;781580108;78158;78;11.0;some;none;False;1;0;2788.331761221981;541867
1821074;781580201;78158;78;11.0;all;all;False;1;2;3435.533565101404;542078
1822291;781260109;78126;78;11.0;none;none;False;0;0;11689.368561980764;542429
1824014;781260109;78126;78;11.0;all;some;False;2;2;10550.50363151798;542935
1826297;781260101;78126;78;11.0;all;all;False;1;3;420.33584133777293;543597
1826393;781260109;78126;78;11.0;some;none;False;1;0;2934.7399570331286;543625
1826740;781580105;78158;78;11.0;all;all;False;1;7;6316.43282249832;543725
1827112;781580104;78158;78;11.0;all;all;False;1;4;3659.5566605880585;543830
1828269;781260107;78126;78;11.0;none;none;False;0;0;3668.1090398973984;544155
1832805;781580112;78158;78;11.0;some;none;False;1;0;4024.2471788161783;545473
1833428;781580108;78158;78;11.0;all;none;False;2;0;1057.233073804898;545656
1834007;781580103;78158;78;11.0;none;none;False;0;0;1516.8029998103598;545823
1834363;780920104;78092;78;11.0;some;none;False;1;0;4397.817601460636;545918
1834704;783500103;78350;78;11.0;some;some;False;2;2;11903.729225091309;546017
1834992;781580110;78158;78;11.0;all;none;False;2;0;2923.898223919461;546102
1835993;781720102;78172;78;11.0;all;none;False;1;0;5321.413348979019;546396
1836185;781380104;78138;78;11.0;all;none;False;2;0;4615.523022731348;546458
1836804;780150105;78015;78;11.0;all;none;False;2;0;3346.685842740387;546666
1839798;780150101;78015;78;11.0;some;all;False;1;3;4010.7286788640613;547613
1840477;781720115;78172;78;11.0;all;all;False;1;2;5581.615685773031;547832
1841058;781380103;78138;78;11.0;all;all;False;1;1;1362.1796178283687;548013
1842466;780150103;78015;78;11.0;none;none;False;0;0;10528.89882121785;548455
1842653;781720104;78172;78;11.0;all;none;False;1;0;5077.587732058496;548514
1843016;781720105;78172;78;11.0;all;all;False;2;3;5506.657511802196;548632
1843609;781380102;78138;78;11.0;none;none;False;0;0;3401.5719597564007;548827
1844498;780150104;78015;78;11.0;all;some;False;2;1;5809.306948945125;549100
1844955;780150104;78015;78;11.0;some;none;False;1;0;9818.87986147099;549242
1846927;781720114;78172;78;11.0;all;all;False;2;2;3810.847825458443;549882
1848004;781720108;78172;78;11.0;all;none;False;3;0;4490.188845980677;550231
1850746;781720110;78172;78;11.0;some;all;False;1;3;4109.667080659207;551104
1851003;781720101;78172;78;11.0;some;none;False;1;0;7023.463986613157;551184
1851400;780150104;78015;78;11.0;all;all;False;1;4;3072.38989337436;551312
1852246;783100000;78310;78;11.0;some;all;False;2;3;2864.0988524018353;551590
1852310;781720110;78172;78;11.0;all;all;False;1;4;4350.733060925824;551610
1853592;783100000;78310;78;11.0;all;all;False;1;4;174.16021750631322;552021
1854500;781720105;78172;78;11.0;all;all;False;2;4;2862.40645375606;552306
1855861;781720115;78172;78;11.0;all;some;False;2;2;3043.5896976127806;552748
1855880;783140000;78314;78;11.0;some;none;False;1;0;3272.517769447886;552753
1856060;781720112;78172;78;11.0;all;none;False;1;0;1245.1591756346345;552807
1856395;780150102;78015;78;11.0;all;some;False;2;1;7697.757956810051;552906
1857484;783140000;78314;78;11.0;all;some;False;2;1;3030.573434909531;553252
1858334;781720102;78172;78;11.0;some;none;False;1;0;2621.3883188784075;553523
1859921;780150104;78015;78;11.0;all;none;False;1;0;2020.2935660439036;554010
1860291;780150104;78015;78;11.0;all;none;False;1;0;3075.4711247634436;554132
1860310;781720111;78172;78;11.0;all;none;False;1;0;1267.6061271519843;554139
1860643;781720105;78172;78;11.0;some;some;False;1;2;1420.5667567515286;554246
1862103;783110302;78311;78;11.0;all;none;False;1;0;8420.910083632056;554694
1862147;783110103;78311;78;11.0;all;none;False;2;0;2553.495201565286;554712
1862273;783110302;78311;78;11.0;all;none;False;1;0;1938.454696488177;554751
1864220;784180104;78418;78;11.0;some;none;False;1;0;1298.1980047822462;555379
1864494;781240101;78124;78;11.0;some;none;False;1;0;9296.31365482196;555462
1864759;784180104;78418;78;11.0;all;all;False;1;3;5734.48352448344;555545
1865916;783110402;78311;78;11.0;all;none;False;2;0;5891.737270814076;555916
1866082;784180103;78418;78;11.0;all;none;False;1;0;2224.4325871830156;555966
1866379;783110102;78311;78;11.0;all;none;False;2;0;10585.785449475134;556056
1866802;783110403;78311;78;11.0;all;none;False;1;0;525.1788736970349;556194
1868695;784180106;78418;78;11.0;all;none;False;2;0;8254.23791012171;556775
1870152;783110303;78311;78;11.0;all;none;False;2;0;9902.814971857471;557253
1870359;784180105;78418;78;11.0;some;all;False;1;4;3868.361943959507;557319
1871892;783110501;78311;78;11.0;some;some;False;1;1;6245.193356245114;557802
1874578;783110203;78311;78;11.0;all;none;False;2;0;5046.868565693719;558647
1875408;781240103;78124;78;11.0;some;some;False;3;2;6475.174628715019;558922
1876094;783110401;78311;78;11.0;all;some;False;1;1;7127.8278779700395;559135
1877487;783110401;78311;78;11.0;some;none;False;1;0;2680.1000426882956;559578
1878164;784180103;78418;78;11.0;all;none;False;2;0;3388.390435735214;559788
1878623;783110303;78311;78;11.0;some;all;False;2;3;2059.352592733864;559933
1878653;783110103;78311;78;11.0;some;some;False;1;1;1448.8383623371917;559942
1880945;781240104;78124;78;11.0;none;none;False;0;0;2614.4147220252635;560674
1881349;783110302;78311;78;11.0;all;all;False;1;1;1867.5698793036433;560800
1882434;784180102;78418;78;11.0;all;some;False;2;2;1049.1561652590592;561141
1882576;784180103;78418;78;11.0;all;all;False;1;4;3142.086784650118;561186
1885279;781240105;78124;78;11.0;some;some;False;2;1;1954.3747161059532;562046
1886954;781240103;78124;78;11.0;all;none;False;2;0;1362.586433280492;562585
1886966;783110101;78311;78;11.0;some;all;False;1;2;2302.3287315209654;562589
1887063;783110402;78311;78;11.0;some;none;False;1;0;3628.860407586695;562621
1888399;783200000;78320;78;11.0;all;none;False;1;0;4511.148863224857;562966
1889923;782170103;78217;78;11.0;all;some;False;2;1;2093.190565003555;563339
1891792;783350102;78335;78;11.0;all;some;False;2;1;278.8425739046668;563792
1892182;783210000;78321;78;11.0;all;all;False;1;2;3563.5426426074205;563882
1893736;783210000;78321;78;11.0;some;some;False;2;2;5934.489723449128;564257
1893950;783210000;78321;78;11.0;some;none;False;1;0;10977.589338449268;564312
1894593;783270000;78327;78;11.0;all;none;False;1;0;2678.606324791093;564473
1894662;783290000;78329;78;11.0;all;none;False;1;0;2521.079405846523;564488
1898145;782170103;78217;78;11.0;some;none;False;1;0;3502.291099274336;565328
1898441;783340000;78334;78;11.0;some;some;False;1;2;9572.21972202024;565400
1900591;783370000;78337;78;11.0;some;some;False;2;4;4794.1241574871865;565914
1903613;783460000;78346;78;11.0;all;none;False;1;0;1913.4726559443618;566651
1903919;783670000;78367;78;11.0;all;some;False;2;3;9205.855585782982;566728
1904446;783680000;78368;78;11.0;all;none;False;1;0;9389.646352173451;566854
1904564;783680000;78368;78;11.0;all;none;False;2;0;4225.906225989662;566882
1904763;782670103;78267;78;11.0;none;none;False;0;0;1458.1591369197272;566929
1904869;783810000;78381;78;11.0;some;none;False;2;0;9504.972769795831;566954
1906203;782670103;78267;78;11.0;some;some;False;2;1;5856.998421606955;567269
1907053;782170101;78217;78;11.0;all;all;False;2;2;5790.712102760037;567480
1907801;783820000;78382;78;11.0;all;all;False;1;2;518.4465976494419;567665
1907826;783820000;78382;78;11.0;some;some;False;1;2;5959.2940473637045;567671
1909347;782670102;78267;78;11.0;all;all;False;1;2;3162.137626818986;568045
1911476;783610112;78361;78;11.0;some;none;False;1;0;1659.116945271773;568643
1911921;783620107;78362;78;11.0;some;none;False;1;0;3420.755888186643;568776
1913010;783610120;78361;78;11.0;all;none;False;2;0;4433.25013211293;569081
1914128;783610118;78361;78;11.0;none;none;False;0;0;1821.3260833867316;569407
1914428;783620102;78362;78;11.0;all;all;False;1;2;4849.52967148976;569496
1915876;783610118;78361;78;11.0;some;some;False;1;3;6981.388087858221;569907
1915980;783610103;78361;78;11.0;none;none;False;0;0;1419.282387851433;569941
1916250;783610104;78361;78;11.0;none;some;False;0;1;3948.402362974013;570025
1917058;783610104;78361;78;11.0;none;none;False;0;0;922.0255700223305;570256
1919475;783620108;78362;78;11.0;all;none;False;1;0;1831.328532671393;570945
1920912;783610112;78361;78;11.0;all;all;False;1;1;669.169555863814;571358
1920924;783610118;78361;78;11.0;all;none;False;1;0;1758.9445328897627;571363
1921074;783610112;78361;78;11.0;some;some;False;1;1;2274.509041250579;571407
1922991;783610111;78361;78;11.0;some;all;False;1;2;1500.7680488625706;571960
1924174;783620108;78362;78;11.0;some;none;False;1;0;714.4572930837609;572305
1924936;783610119;78361;78;11.0;none;none;False;0;0;2169.022025155138;572516
1925453;783620101;78362;78;11.0;some;all;False;1;3;1648.0967697614979;572668
1926398;783610118;78361;78;11.0;none;some;False;0;1;1517.585215752442;572970
1926518;783610119;78361;78;11.0;some;some;False;1;2;2152.148682805314;573004
1926994;783610104;78361;78;11.0;none;none;False;0;0;7134.515491114339;573143
1927366;783610120;78361;78;11.0;none;none;False;0;0;1364.0534290026478;573247
1927444;783620101;78362;78;11.0;some;some;False;1;2;3276.553365862524;573269
1928946;783610120;78361;78;11.0;none;none;False;0;0;892.4639826237112;573699
1931066;783610120;78361;78;11.0;none;all;False;0;1;1655.0029849613334;574319
1932014;783610111;78361;78;11.0;some;none;False;1;0;4701.465872866392;574612
1934563;783610113;78361;78;11.0;all;none;False;1;0;1486.387244950953;575338
1939746;783620107;78362;78;11.0;none;none;False;0;0;1115.6141970381432;576843
1940659;783620101;78362;78;11.0;none;none;False;0;0;2122.0804286750435;577114
1944527;783820000;78382;78;11.0;none;none;False;0;0;2391.8418125577587;578164
1944958;786880102;78688;78;11.0;some;none;False;1;0;4171.442581830005;578272
1946126;783820000;78382;78;11.0;some;all;False;1;2;4328.157336989348;578569
1947239;783830106;78383;78;11.0;none;none;False;0;0;3688.85722891916;578851
1948524;783840000;78384;78;11.0;all;all;False;1;1;1820.761212977987;579187
1949639;783560102;78356;78;11.0;all;some;False;2;2;345.0479525779891;579468
1950445;781600101;78160;78;11.0;all;none;False;2;0;3302.407147721952;579675
1953350;785750102;78575;78;11.0;all;all;False;1;4;1087.9137165089626;580404
1954311;781600102;78160;78;11.0;none;none;False;0;0;2924.6582358140104;580646
1956123;785750102;78575;78;11.0;all;none;False;2;0;3438.382202933387;581118
1957163;786880103;78688;78;11.0;all;none;False;1;0;2961.888964334722;581379
1957421;784020000;78402;78;11.0;all;some;False;3;2;4250.13453415754;581437
1960509;783560104;78356;78;11.0;all;none;False;2;0;11090.559956417697;582212
1961428;783830105;78383;78;11.0;all;all;False;1;2;4175.307403433257;582450
1963334;783830106;78383;78;11.0;none;none;False;0;0;4036.3643179803958;582927
1963797;785750102;78575;78;11.0;all;some;False;3;2;6516.678864743209;583040
1965818;783560101;78356;78;11.0;all;some;False;2;3;9363.572333044945;583569
1966892;785750102;78575;78;11.0;all;none;False;1;0;5852.328584280638;583840
1967787;783830102;78383;78;11.0;all;all;False;1;4;587.5281432505773;584073
1968028;784020000;78402;78;11.0;all;some;False;2;1;6322.045067066279;584135
1968648;786880103;78688;78;11.0;some;none;False;1;0;3317.2040897278052;584293
1969043;784020000;78402;78;11.0;all;none;False;1;0;4475.181227315943;584394
1969326;784030000;78403;78;11.0;all;none;False;3;0;10124.309630213746;584465
1969419;783970102;78397;78;11.0;all;all;False;1;2;287.68380557608697;584489
1970234;783830106;78383;78;11.0;some;none;False;1;0;6607.663221152544;584701
1970235;783830106;78383;78;11.0;all;all;False;1;6;5725.89275037054;584701
1970320;783830107;78383;78;11.0;all;all;False;2;2;2536.105800183429;584724
1970552;783970102;78397;78;11.0;none;none;False;0;0;2752.5272736801858;584785
1970841;781600101;78160;78;11.0;some;none;False;1;0;6766.60974594381;584856
1971374;783560101;78356;78;11.0;all;none;False;2;0;3904.333587277088;584984
1971420;783830102;78383;78;11.0;all;none;False;2;0;5976.981906001689;584996
1972779;784230115;78423;78;11.0;all;none;False;1;0;4255.831030746236;585372
1973710;784230115;78423;78;11.0;some;all;False;1;4;4322.931250059517;585669
1974120;784230109;78423;78;11.0;all;some;False;2;1;1943.8873950442094;585798
1975769;784230102;78423;78;11.0;some;some;False;1;1;2264.092366897734;586317
1976095;782970105;78297;78;11.0;all;all;False;2;3;3718.765730626648;586426
1976809;784230115;78423;78;11.0;none;none;False;0;0;6418.457494116499;586643
1977277;784230101;78423;78;11.0;none;none;False;0;0;4370.004507334463;586791
1979211;782970103;78297;78;11.0;all;all;False;1;3;4555.054425687774;587423
1981181;784230103;78423;78;11.0;all;all;False;1;2;2732.0136048443496;588015
1981657;784230112;78423;78;11.0;some;none;False;2;0;6960.859314592099;588167
1988077;784230114;78423;78;11.0;all;none;False;2;0;7515.512200673731;590229
1988233;784230116;78423;78;11.0;all;some;False;2;2;3108.7442623578977;590276
1988572;784230104;78423;78;11.0;some;some;False;1;3;4909.853927074943;590377
1990486;782970102;78297;78;11.0;some;all;False;1;3;3000.479466622461;590991
1990488;782970102;78297;78;11.0;some;all;False;1;2;1857.1664848692067;590991
1991764;784230112;78423;78;11.0;all;none;False;1;0;6159.015180408933;591414
1994160;782970108;78297;78;11.0;all;none;False;1;0;3564.9170017630872;592178
1994343;784230103;78423;78;11.0;some;all;False;1;4;4377.591283189263;592242
1995271;782970103;78297;78;11.0;none;none;False;0;0;1421.025184995644;592539
1996104;784230101;78423;78;11.0;none;none;False;0;0;2500.164282204388;592797
1997563;782970105;78297;78;11.0;all;all;False;1;2;1612.7083803786472;593248
1999964;784400105;78440;78;11.0;all;some;False;1;2;2627.034766494139;593975
2000851;784010104;78401;78;11.0;all;all;False;1;2;893.9064840580107;594213
2001662;784400112;78440;78;11.0;some;all;False;1;3;2783.2177420464714;594435
2003648;784400102;78440;78;11.0;some;none;False;1;0;3571.7458209082806;594968
2004012;784400103;78440;78;11.0;all;some;False;2;2;2431.9260125157816;595070
2005897;784400112;78440;78;11.0;none;some;False;0;1;4913.203681977729;595576
2007181;784030000;78403;78;11.0;all;all;False;1;5;1674.154999048582;595899
2007476;784160000;78416;78;11.0;some;some;False;1;2;3351.318874347595;595980
2010965;784200000;78420;78;11.0;all;some;False;3;1;12994.657774642135;596908
2012334;784200000;78420;78;11.0;some;some;False;1;4;3371.4675161096907;597263
2012902;784400103;78440;78;11.0;all;some;False;2;1;3556.0614600171707;597418
2014699;784200000;78420;78;11.0;all;none;False;3;0;1087.9332061687228;597903
2016307;784010104;78401;78;11.0;all;all;False;1;5;2336.880835484618;598330
2016461;784310000;78431;78;11.0;all;none;False;1;0;6446.463702161187;598377
2020929;784400112;78440;78;11.0;some;none;False;2;0;3637.287627125267;599570
2021292;784420000;78442;78;11.0;none;none;False;0;0;4533.713462313981;599662
2021522;784640000;78464;78;11.0;some;all;False;2;3;5694.420436716842;599718
2021681;784650000;78465;78;11.0;some;all;False;1;2;6584.607380126063;599764
2022751;781650102;78165;78;11.0;some;all;False;1;2;3158.4525348581856;600081
2025648;784900109;78490;78;11.0;all;all;False;1;2;1509.372286228367;600929
2026094;781650106;78165;78;11.0;none;none;False;0;0;2771.7432304963277;601057
2027121;781650104;78165;78;11.0;none;none;False;0;0;1942.7386508338602;601365
2028086;784900107;78490;78;11.0;all;none;False;2;0;3193.6698104917095;601658
2029570;784900109;78490;78;11.0;some;none;False;1;0;3971.4806017139767;602112
2031889;784900110;78490;78;11.0;some;none;False;1;0;6388.698829387396;602788
2033912;784900108;78490;78;11.0;all;none;False;3;0;8854.115384714307;603397
2034894;780620102;78062;78;11.0;all;none;False;1;0;3339.5240507408153;603691
2036876;781650105;78165;78;11.0;some;none;False;1;0;2529.879185410913;604266
2039113;781650105;78165;78;11.0;all;all;False;1;2;1892.6585290069938;604922
2039472;780620103;78062;78;11.0;all;none;False;2;0;3640.15741064921;605026
2040416;781650101;78165;78;11.0;some;none;False;1;0;6220.47706787742;605323
2043211;781650101;78165;78;11.0;all;some;False;2;3;8157.282401252092;606167
2043833;784900107;78490;78;11.0;some;all;False;2;5;4104.619571973295;606355
2044077;784900102;78490;78;11.0;all;all;False;1;4;1249.7464643382757;606430
2044536;781650101;78165;78;11.0;none;some;False;0;1;1913.6627283452444;606567
2045451;781230105;78123;78;11.0;some;none;False;1;0;3996.9218086632536;606841
2046116;784980104;78498;78;11.0;all;none;False;2;0;5132.5674640246125;607044
2047325;780050103;78005;78;11.0;all;some;False;2;2;5964.608099666257;607432
2050023;781230102;78123;78;11.0;some;all;False;1;4;1363.028178452156;608276
2052468;784980113;78498;78;11.0;none;none;False;0;0;3793.5987767391794;609051
2053183;781230102;78123;78;11.0;all;some;False;1;1;3079.7762285336407;609263
2053353;781230102;78123;78;11.0;some;some;False;1;2;4327.441783626771;609313
2054690;784980108;78498;78;11.0;some;none;False;1;0;4509.640148794941;609724
2056829;784980109;78498;78;11.0;all;none;False;1;0;1983.8197476028326;610405
2058488;781230103;78123;78;11.0;none;all;False;0;2;1899.939915195273;610940
2059399;784980107;78498;78;11.0;all;all;False;1;5;1931.5750674926367;611235
2061201;784980105;78498;78;11.0;some;none;False;1;0;6516.98866278153;611831
2062037;784980108;78498;78;11.0;all;all;False;1;3;1182.2892173608902;612105
2062216;784980107;78498;78;11.0;none;none;False;0;0;1856.3845136005095;612169
2062795;784980104;78498;78;11.0;all;none;False;2;0;4684.562982028111;612340
2062966;781230102;78123;78;11.0;all;some;False;2;1;3249.6683479759586;612398
2063625;780050109;78005;78;11.0;all;all;False;1;3;2030.2198217899913;612591
2065061;780050107;78005;78;11.0;all;none;False;1;0;3249.124298204743;613027
2067116;781230105;78123;78;11.0;some;none;False;1;0;2674.4373833861946;613693
2067271;780050109;78005;78;11.0;all;all;False;1;3;4822.431227035388;613746
2067809;784980101;78498;78;11.0;some;all;False;1;4;2997.9109132643607;613913
2068051;780050105;78005;78;11.0;all;all;False;1;2;2016.5787340602503;613998
2069822;784980105;78498;78;11.0;none;none;False;0;0;3777.4216894720635;614580
2069987;784980107;78498;78;11.0;none;some;False;0;1;3994.716283224295;614634
2070740;780050105;78005;78;11.0;none;all;False;0;1;3923.4769309560324;614872
2071301;784980114;78498;78;11.0;all;all;False;1;3;3968.715116749452;615040
2074553;780050107;78005;78;11.0;all;none;False;2;0;1577.9905551483762;616084
2075098;784980116;78498;78;11.0;all;none;False;1;0;3252.6811685827524;616264
2076023;784980105;78498;78;11.0;all;all;False;1;4;2649.691475335211;616542
2078909;780050104;78005;78;11.0;some;none;False;1;0;3560.095461470267;617473
2081746;785170101;78517;78;11.0;none;none;False;0;0;2323.8408913639746;618238
2082293;784660000;78466;78;11.0;some;none;False;1;0;6790.845212536657;618367
2084605;784660000;78466;78;11.0;all;some;False;2;1;9611.924928415985;618919
2085189;785170110;78517;78;11.0;all;none;False;1;0;2705.73220843718;619062
2086467;785170105;78517;78;11.0;all;none;False;1;0;2828.3379698838417;619366
2086483;784660000;78466;78;11.0;all;some;False;3;2;1970.5870751831958;619369
2087631;785170104;78517;78;11.0;all;none;False;1;0;1829.5970934752218;619659
2087711;784660000;78466;78;11.0;all;some;False;2;2;374.8851639211292;619680
2088115;784660000;78466;78;11.0;all;all;False;3;4;10039.326243281928;619778
2089080;784660000;78466;78;11.0;all;none;False;2;0;9536.197957877419;620003
2089380;785170107;78517;78;11.0;all;none;False;1;0;2548.673613224578;620075
2090852;785370101;78537;78;11.0;all;none;False;3;0;7587.2720614031;620434
2091794;784700000;78470;78;11.0;all;all;False;2;2;7398.7168348739815;620666
2092770;784840000;78484;78;11.0;all;none;False;3;0;7291.770010961106;620890
2093502;784970000;78497;78;11.0;all;all;False;2;3;5755.6416528265945;621072
2093838;785170101;78517;78;11.0;all;all;False;1;2;2994.080096983742;621157
2094838;785170106;78517;78;11.0;some;some;False;2;2;6564.5404996106045;621403
2095038;785170104;78517;78;11.0;all;none;False;1;0;3709.277812916206;621450
2098168;784970000;78497;78;11.0;all;all;False;2;2;8705.491011115717;622205
2099260;784990000;78499;78;11.0;all;none;False;2;0;3778.8534476606765;622467
2099461;785010000;78501;78;11.0;all;all;False;1;4;1485.950699250483;622515
2101464;785020000;78502;78;11.0;all;none;False;2;0;143.1240551595193;622997
2102116;785170108;78517;78;11.0;all;none;False;2;0;3553.9115536895406;623151
2102785;785020000;78502;78;11.0;some;all;False;1;2;736.1547703520653;623310
2102927;785020000;78502;78;11.0;all;none;False;3;0;6039.885823853737;623344
2104405;785170108;78517;78;11.0;all;none;False;1;0;1644.5441200701089;623703
2105203;785170110;78517;78;11.0;all;none;False;1;0;1465.4126762569397;623895
2105504;785170109;78517;78;11.0;some;none;False;1;0;3666.9265219664844;623962
2107793;785020000;78502;78;11.0;all;none;False;1;0;4120.862386441287;624514
2107875;782200101;78220;78;11.0;some;none;False;1;0;4903.297344579785;624534
2108371;785020000;78502;78;11.0;some;none;False;1;0;2989.0970928362963;624651
2109423;782200101;78220;78;11.0;all;some;False;1;2;3199.16188423568;624906
2110421;785170105;78517;78;11.0;all;some;False;3;3;11115.37566709044;625152
2111449;782200101;78220;78;11.0;all;some;False;3;2;10559.515690264816;625394
2111965;785020000;78502;78;11.0;all;none;False;1;0;2988.1414673439667;625519
2113930;785170108;78517;78;11.0;some;none;False;1;0;2431.283668166121;625988
2116240;780730103;78073;78;11.0;some;some;False;1;1;6099.966603874409;626656
2117662;780730105;78073;78;11.0;all;some;False;2;2;4500.122058135666;627132
2117950;780730104;78073;78;11.0;some;all;False;1;2;1100.5103699916176;627219
2120224;780730103;78073;78;11.0;all;some;False;1;1;805.2217332564414;627922
2120500;780730105;78073;78;11.0;all;none;False;2;0;3151.1081039985515;628001
2121882;780730105;78073;78;11.0;some;all;False;1;3;2828.7243902727455;628429
2122745;782420103;78242;78;11.0;all;some;False;1;1;3310.700202190266;628699
2122886;782420106;78242;78;11.0;some;none;False;1;0;1990.3805512855834;628747
2124156;780730104;78073;78;11.0;some;some;False;2;1;445.113211137114;629183
2127201;785450105;78545;78;11.0;all;some;False;2;2;5713.54461344489;630141
2127814;780730103;78073;78;11.0;all;all;False;1;1;4247.567179684108;630330
2128071;785050000;78505;78;11.0;all;none;False;3;0;8851.993664993286;630413
2129548;782420106;78242;78;11.0;all;none;False;1;0;1682.241069251168;630887
2131176;785450104;78545;78;11.0;none;none;False;0;0;1256.9717835630304;631408
2132795;785450101;78545;78;11.0;all;none;False;2;0;1145.222613357099;631909
2133995;780730105;78073;78;11.0;all;all;False;3;3;4567.036807692761;632297
2136185;782420105;78242;78;11.0;some;some;False;1;1;1618.8108871997033;632982
2136827;780730108;78073;78;11.0;all;all;False;1;2;2772.3318173699367;633176
2136995;780730105;78073;78;11.0;some;some;False;1;2;7763.196209472674;633227
2141098;785450104;78545;78;11.0;all;none;False;1;0;2515.8431294920088;634509
2142127;781330101;78133;78;11.0;none;none;False;0;0;9943.49837602927;634830
2142137;785130000;78513;78;11.0;all;all;False;1;4;2656.3672958612856;634832
2142621;785510105;78551;78;11.0;all;some;False;2;1;7442.775889500575;634974
2143734;784810102;78481;78;11.0;some;some;False;2;1;4656.439929592332;635291
2144428;784810106;78481;78;11.0;all;none;False;2;0;5414.556407095373;635501
2145696;785510201;78551;78;11.0;all;none;False;1;0;5382.638044847796;635874
2146140;785510106;78551;78;11.0;none;none;False;0;0;4686.197992118724;636003
2146754;781330102;78133;78;11.0;some;some;False;3;4;1818.4459565485708;636175
2147040;781330101;78133;78;11.0;all;all;False;1;2;3246.30880331209;636260
2149594;785510117;78551;78;11.0;some;all;False;1;2;9347.93194274114;636994
2149983;785180000;78518;78;11.0;all;all;False;1;5;4487.111977655074;637106
2150493;785510107;78551;78;11.0;none;all;False;0;3;6554.734667384329;637249
2150852;785510108;78551;78;11.0;none;none;False;0;0;6948.391325719472;637347
2151481;784810105;78481;78;11.0;some;none;False;1;0;7830.304862201285;637533
2151740;785510103;78551;78;11.0;none;all;False;0;1;2597.459720312187;637611
2152424;785310000;78531;78;11.0;all;none;False;1;0;3138.647557926009;637803
2153566;785510201;78551;78;11.0;all;all;False;2;2;5023.832527845497;638142
2153734;784810108;78481;78;11.0;some;none;False;1;0;4997.903306223948;638190
2154040;785510119;78551;78;11.0;none;none;False;0;0;4889.3538808323965;638281
2154862;785510201;78551;78;11.0;some;some;False;1;1;8459.96181257745;638538
2155305;785510119;78551;78;11.0;all;some;False;1;2;3374.5649500201657;638662
2157107;785510103;78551;78;11.0;none;none;False;0;0;700.4126488492493;639194
2159759;785310000;78531;78;11.0;all;none;False;2;0;2960.7688549325435;639964
2160879;784810102;78481;78;11.0;all;some;False;2;2;4436.878612162193;640303
2161257;785510117;78551;78;11.0;all;all;False;1;2;3876.40762471754;640415
2161490;785510116;78551;78;11.0;all;all;False;2;2;3568.428935471103;640485
2162012;785510113;78551;78;11.0;some;none;False;1;0;2054.922985039905;640641
2162583;785510108;78551;78;11.0;none;none;False;0;0;5947.700047946322;640805
2162823;785310000;78531;78;11.0;some;none;False;1;0;3410.853103984907;640869
2164452;785310000;78531;78;11.0;all;none;False;2;0;1841.0299106066936;641350
2164741;785510106;78551;78;11.0;all;some;False;1;2;5679.603887664978;641435
2164935;784810101;78481;78;11.0;all;all;False;1;2;7675.087085498283;641486
2165261;785510103;78551;78;11.0;some;none;False;1;0;809.2746597941798;641583
2166514;784810104;78481;78;11.0;none;none;False;0;0;4178.309971783923;641944
2166576;785510107;78551;78;11.0;all;none;False;1;0;6637.699325085707;641960
2166766;785510117;78551;78;11.0;none;none;False;0;0;3670.5603668988765;642014
2167281;785510110;78551;78;11.0;some;some;False;2;3;8024.05352034054;642168
2167585;784810103;78481;78;11.0;none;some;False;0;1;8527.131219921783;642258
2168101;784810101;78481;78;11.0;all;some;False;2;2;12439.53169627691;642400
2169514;785510109;78551;78;11.0;all;none;False;1;0;9986.989518135026;642816
2170289;785510113;78551;78;11.0;all;some;False;2;2;12669.72619090846;643047
2170598;785510103;78551;78;11.0;none;none;False;0;0;3042.200502980087;643142
2171922;785510112;78551;78;11.0;all;all;False;1;2;1282.1957117389595;643516
2172735;785500000;78550;78;11.0;all;none;False;1;0;4432.933235228981;643751
2175822;783580104;78358;78;11.0;none;none;False;0;0;1820.4760027186405;644648
2176827;785861101;78586;78;11.0;some;none;False;1;0;2025.1043527377458;644975
2178064;783580103;78358;78;11.0;none;some;False;0;1;10454.827963853295;645350
2178083;785860202;78586;78;11.0;none;none;False;0;0;146.81937459493784;645356
2179848;785860601;78586;78;11.0;all;some;False;1;1;3880.433915660275;645909
2180363;785860501;78586;78;11.0;all;some;False;1;1;6094.014073813918;646064
2184668;785860201;78586;78;11.0;some;some;False;1;3;6891.79478791053;647379
2184725;783580102;78358;78;11.0;all;none;False;1;0;3910.5670332259283;647396
2185279;785861001;78586;78;11.0;some;all;False;2;4;3633.913112245792;647572
2185847;785860703;78586;78;11.0;none;none;False;0;0;4193.242020398754;647752
2186144;783580109;78358;78;11.0;all;none;False;1;0;6003.938679138233;647841
2186516;785861001;78586;78;11.0;all;none;False;1;0;2718.541440311803;647951
2186588;783580106;78358;78;11.0;none;all;False;0;3;2754.0507223989016;647970
2186759;785860401;78586;78;11.0;none;all;False;0;2;726.7845090950769;648016
2187281;785860701;78586;78;11.0;none;all;False;0;1;3635.963806973874;648176
2189482;785860501;78586;78;11.0;some;some;False;1;1;4412.149167504358;648852
2189973;785860203;78586;78;11.0;all;none;False;1;0;3507.938693452925;649012
2190011;783580106;78358;78;11.0;none;all;False;0;2;4453.891415601108;649024
2190518;785860802;78586;78;11.0;none;none;False;0;0;2155.6092421395792;649186
2191133;783580107;78358;78;11.0;some;none;False;3;0;20131.689083118505;649374
2191511;783580108;78358;78;11.0;all;all;False;2;10;4291.330646470767;649481
2192768;785861201;78586;78;11.0;all;all;False;1;2;1656.1095963218854;649873
2192925;785861201;78586;78;11.0;all;all;False;1;2;1433.470603847477;649918
2194463;785860301;78586;78;11.0;all;none;False;1;0;1333.6984066949403;650391
2194720;783580102;78358;78;11.0;all;all;False;1;2;1908.726733174632;650468
2195036;783580105;78358;78;11.0;some;some;False;1;2;6694.399800313584;650564
2198712;783580105;78358;78;11.0;some;all;False;1;3;3953.7070948503288;651691
2199542;785861001;78586;78;11.0;some;some;False;1;2;2982.385494033281;651942
2201022;785860101;78586;78;11.0;some;none;False;1;0;2122.898592917743;652392
2201428;785860401;78586;78;11.0;all;all;False;1;4;2111.401789148325;652515
2201581;785860302;78586;78;11.0;some;some;False;1;1;8427.138269689258;652565
2203214;783580109;78358;78;11.0;some;none;False;2;0;6961.421139102995;653045
2203845;785860702;78586;78;11.0;some;all;False;1;5;4935.161988465251;653239
2203857;785861102;78586;78;11.0;all;all;False;1;3;2823.736572040917;653243
2204467;785861201;78586;78;11.0;all;all;False;1;2;3671.1463861806146;653426
2207333;783580103;78358;78;11.0;all;none;False;1;0;2487.39751144075;654308
2207994;783580105;78358;78;11.0;all;none;False;1;0;5525.1438785151195;654506
2209299;785860501;78586;78;11.0;some;some;False;1;4;6402.972683431652;654908
2210806;782080106;78208;78;11.0;none;none;False;0;0;3883.2290666704343;655377
2211182;786210102;78621;78;11.0;all;none;False;2;0;4736.58842185682;655498
2212836;782080101;78208;78;11.0;all;some;False;2;3;1457.476238260673;655997
2217037;786210104;78621;78;11.0;all;some;False;2;2;1779.4712052875118;657284
2217760;782080106;78208;78;11.0;some;none;False;1;0;937.600052871546;657502
2219544;786210110;78621;78;11.0;none;none;False;0;0;1920.012145774754;658047
2220485;782080107;78208;78;11.0;some;none;False;2;0;8678.40077278299;658335
2221217;782080104;78208;78;11.0;some;some;False;1;2;6813.986500911212;658569
2221934;782080108;78208;78;11.0;none;none;False;0;0;3021.8366733490893;658789
2224168;782080108;78208;78;11.0;all;some;False;2;3;4793.943219296574;659481
2227538;782080101;78208;78;11.0;all;none;False;1;0;3875.575645121916;660508
2228083;786210108;78621;78;11.0;all;all;False;1;1;2230.373515708935;660667
2228584;786210109;78621;78;11.0;some;some;False;1;2;1876.623453238432;660817
2228799;786210101;78621;78;11.0;some;some;False;1;4;3016.417937311991;660895
2230509;782080102;78208;78;11.0;all;all;False;1;1;1546.4451208750065;661420
2231154;786210111;78621;78;11.0;some;all;False;1;4;1668.2023365245498;661627
2231280;782080106;78208;78;11.0;all;none;False;3;0;1661.8015525585938;661661
2231688;782080108;78208;78;11.0;none;none;False;0;0;3365.5277397068003;661793
2232231;786210104;78621;78;11.0;some;some;False;1;1;2395.491281734306;661978
2233157;786440103;78644;78;11.0;none;none;False;0;0;5454.895977756516;662255
2235434;786210104;78621;78;11.0;some;none;False;1;0;1917.122137456917;662941
2236628;785500000;78550;78;11.0;all;none;False;1;0;1251.1455725890835;663289
2236757;784550103;78455;78;11.0;all;none;False;1;0;2943.940606954883;663322
2236851;786420101;78642;78;11.0;some;some;False;1;1;12682.716154617105;663348
2237243;785670000;78567;78;11.0;some;some;False;2;1;6024.287315012348;663447
2238011;786420102;78642;78;11.0;all;some;False;3;1;6259.532359351659;663643
2238389;786430101;78643;78;11.0;none;none;False;0;0;2324.744011047204;663738
2243376;786420101;78642;78;11.0;all;none;False;3;0;1495.541411475813;665021
2244610;786420104;78642;78;11.0;none;all;False;1;1;1984.1769294797693;665336
2245320;785690000;78569;78;11.0;all;none;False;2;0;2126.4535100302246;665524
2246991;786420102;78642;78;11.0;some;all;False;1;4;5475.082591341526;665956
2247480;785690000;78569;78;11.0;all;none;False;2;0;432.604595268815;666095
2248116;786240101;78624;78;11.0;all;all;False;2;2;4089.7668145704247;666262
2250220;785690000;78569;78;11.0;all;none;False;1;0;3398.296984499176;666805
2250968;785910000;78591;78;11.0;all;all;False;2;2;6057.750816076392;667009
2252861;786010000;78601;78;11.0;all;some;False;2;2;5907.567279839238;667506
2253845;786010000;78601;78;11.0;all;none;False;2;0;2206.3361377769847;667754
2254913;786150000;78615;78;11.0;all;none;False;1;0;2690.386340982939;668035
2254933;786240103;78624;78;11.0;some;some;False;1;1;3019.315346738203;668040
2255872;786160000;78616;78;11.0;some;none;False;1;0;3701.3566566219088;668281
2255932;785710102;78571;78;11.0;all;none;False;2;0;2026.669575928587;668295
2258144;786380000;78638;78;11.0;some;some;False;3;1;4621.596703169939;668872
2258764;786420104;78642;78;11.0;all;some;False;1;1;256.2150568527276;669029
2259314;786420101;78642;78;11.0;none;none;False;0;0;2995.9226668266706;669165
2259682;786380000;78638;78;11.0;all;some;False;2;2;2701.0612741382593;669265
2261395;785710102;78571;78;11.0;all;none;False;1;0;4643.623078818716;669715
2261639;786430104;78643;78;11.0;some;some;False;1;1;5919.6921065718025;669778
2261714;784550101;78455;78;11.0;all;all;False;2;2;3523.6557154320053;669795
2261799;786720000;78672;78;11.0;none;none;False;0;0;5368.8830871952205;669817
2261963;786720000;78672;78;11.0;all;none;False;1;0;6898.078662406666;669859
2262458;786240103;78624;78;11.0;all;some;False;2;1;5100.477890147234;669991
2264671;785710102;78571;78;11.0;all;none;False;1;0;5132.766635151967;670567
2264765;785710102;78571;78;11.0;all;none;False;2;0;6257.826214340194;670588
2265845;786860106;78686;78;11.0;all;all;False;2;2;4167.454390387971;670882
2268312;783220105;78322;78;11.0;all;all;False;2;3;4784.700339898187;671592
2268899;783220102;78322;78;11.0;all;some;False;2;2;6637.400135529575;671755
2269055;786860107;78686;78;11.0;all;all;False;1;1;4464.729164459407;671800
2270178;786400110;78640;78;11.0;all;none;False;1;0;2165.2880542568732;672137
2271100;786860102;78686;78;11.0;all;all;False;1;2;5745.134987302729;672418
2273255;786400105;78640;78;11.0;all;all;False;2;5;5291.180034868864;673060
2275970;786400111;78640;78;11.0;none;none;False;0;0;2026.935198547658;673868
2276342;786400103;78640;78;11.0;all;none;False;2;0;9013.855527194648;673980
2277278;781170101;78117;78;11.0;all;none;False;2;0;5112.629889615333;674263
2278060;786860106;78686;78;11.0;all;all;False;1;2;3042.451183683555;674486
2278515;786400108;78640;78;11.0;all;all;False;1;2;2338.9126692913987;674618
2280427;786400110;78640;78;11.0;all;all;False;2;2;1161.0943545229268;675170
2283682;786860105;78686;78;11.0;all;none;False;2;0;1355.584770681051;676103
2284644;783220104;78322;78;11.0;all;some;False;2;3;3529.2345147144956;676385
2286130;781170101;78117;78;11.0;all;all;False;1;2;4035.9750982944224;676833
2286926;783220105;78322;78;11.0;all;some;False;1;2;5471.112664287003;677049
2287744;783220105;78322;78;11.0;all;some;False;2;1;16621.984743202014;677292
2287798;781170102;78117;78;11.0;all;all;False;1;3;3514.898095759005;677303
2289594;786460303;78646;78;11.0;some;some;False;1;2;4312.916322712136;677816
2290106;786460502;78646;78;11.0;all;none;False;1;0;477.6004652373765;677983
2292270;786460601;78646;78;11.0;all;none;False;1;0;5030.6116914938775;678661
2294289;786460501;78646;78;11.0;some;some;False;1;2;7537.353155913351;679316
2294665;786460603;78646;78;11.0;all;all;False;1;3;6084.082001210624;679433
2298230;786460201;78646;78;11.0;all;some;False;2;2;3433.216158662466;680537
2298330;786460604;78646;78;11.0;some;none;False;1;0;5500.357749353812;680569
2298398;786460201;78646;78;11.0;none;none;False;0;0;1514.5606165315853;680591
2300333;786460501;78646;78;11.0;all;none;False;1;0;3177.955875281763;681215
2302007;786460504;78646;78;11.0;some;none;False;2;0;7529.1108891029535;681759
2302141;786460308;78646;78;11.0;all;some;False;2;2;1798.7492916390297;681802
2303432;786460601;78646;78;11.0;all;all;False;1;3;3982.4732734550735;682217
2304046;786460502;78646;78;11.0;none;none;False;0;0;1838.4982477042552;682400
2304231;786460304;78646;78;11.0;all;all;False;1;5;6364.994933743017;682458
2304351;786460308;78646;78;11.0;all;none;False;1;0;1501.3161701999968;682495
2304392;786460504;78646;78;11.0;all;none;False;1;0;2487.032991874052;682509
2307076;786460305;78646;78;11.0;some;some;False;1;2;2849.0984239391564;683338
2309218;786460504;78646;78;11.0;all;none;False;1;0;3044.1591973801287;684030
2309403;786460503;78646;78;11.0;all;none;False;2;0;204.28111842855844;684094
2309815;786460305;78646;78;11.0;all;some;False;1;2;7304.028557629974;684226
2310170;786460606;78646;78;11.0;some;none;False;1;0;6260.821068538451;684327
2310570;786460201;78646;78;11.0;some;some;False;1;2;9407.667937320577;684451
2310892;786460303;78646;78;11.0;all;none;False;1;0;3498.2181769757976;684564
2312850;786460501;78646;78;11.0;all;all;False;2;2;1165.972850854121;685180
2313341;786460308;78646;78;11.0;all;none;False;3;0;6324.851310830167;685343
2313539;786460506;78646;78;11.0;none;none;False;0;0;5727.069437572171;685406
2314042;786460605;78646;78;11.0;none;all;False;0;1;4407.095786181467;685560
2315072;786460302;78646;78;11.0;all;all;False;1;2;2008.1229291268223;685897
2315435;786460605;78646;78;11.0;none;none;False;0;0;1177.6935067491531;686015
2315483;786460407;78646;78;11.0;all;none;False;1;0;1580.0285326989697;686034
2315664;786460202;78646;78;11.0;none;none;False;0;0;2558.934609402933;686097
2317258;786460606;78646;78;11.0;all;all;False;1;5;4388.514282893208;686583
2317861;786460404;78646;78;11.0;some;some;False;1;1;12855.024139237174;686764
2318083;786460305;78646;78;11.0;none;none;False;0;0;5743.474434349055;686830
2319460;786460102;78646;78;11.0;some;some;False;1;1;8358.97846191367;687249
2319472;786460202;78646;78;11.0;all;all;False;1;1;2708.124498742629;687252
2321030;786460404;78646;78;11.0;all;none;False;1;0;4778.2458143609265;687748
2324795;786460304;78646;78;11.0;some;some;False;1;1;1355.6520201299636;688937
2324902;786460301;78646;78;11.0;all;none;False;2;0;4639.6209396863305;688969
2326330;786460102;78646;78;11.0;none;none;False;0;0;5168.590249121966;689426
2327385;910160000;91016;91;11.0;all;some;False;2;2;3240.322348207587;689723
2328490;910170000;91017;91;11.0;all;all;False;1;3;3366.306680525356;689985
2329915;910410000;91041;91;11.0;some;all;False;1;2;6140.179597658535;690330
2330225;910210103;91021;91;11.0;all;none;False;1;0;735.2174099689214;690403
2331175;910210102;91021;91;11.0;some;none;False;1;0;3989.0771163460713;690629
2335037;910440000;91044;91;11.0;all;none;False;2;0;8500.109915383144;691541
2335289;910450000;91045;91;11.0;some;none;False;2;0;7456.530501545376;691601
2335329;915520103;91552;91;11.0;all;all;False;1;4;4905.96581315091;691612
2335612;910450000;91045;91;11.0;some;none;False;1;0;5350.371583230404;691675
2337432;910450000;91045;91;11.0;some;all;False;1;4;4651.5840433650565;692118
2337550;910470000;91047;91;11.0;all;some;False;2;1;2055.519016229505;692147
2338929;910640000;91064;91;11.0;all;some;False;2;1;3839.034682089396;692476
2339287;910800000;91080;91;11.0;none;none;False;0;0;3096.9981725260313;692562
2340801;910850000;91085;91;11.0;all;none;False;1;0;2914.741953182541;692923
2340814;910850000;91085;91;11.0;none;none;False;0;0;2470.0380005031557;692926
2341212;915520102;91552;91;11.0;some;none;False;1;0;5343.173864343071;693025
2341877;910210102;91021;91;11.0;all;none;False;2;0;3904.7441599523345;693189
2344207;910930000;91093;91;11.0;all;some;False;1;2;5504.74773413207;693752
2344914;915520101;91552;91;11.0;all;some;False;4;1;5239.690853530729;693914
2345686;910950000;91095;91;11.0;all;none;False;2;0;8183.252672919836;694096
2345974;910970000;91097;91;11.0;all;some;False;2;1;5252.477814039413;694160
2346018;910970000;91097;91;11.0;all;some;False;1;1;4349.207574207421;694170
2346893;910970000;91097;91;11.0;all;all;False;2;2;2313.259065408271;694382
2347526;910970000;91097;91;11.0;all;none;False;2;0;3552.2996692559195;694529
2348286;910210101;91021;91;11.0;none;none;False;0;0;2012.7009973448273;694716
2349021;910980000;91098;91;11.0;all;all;False;1;1;4519.883488596248;694896
2350379;910990000;91099;91;11.0;all;none;False;1;0;1104.9226245359682;695228
2350975;911060000;91106;91;11.0;all;all;False;2;5;3351.6039576250582;695375
2351395;911110000;91111;91;11.0;some;none;False;1;0;1734.8347380291452;695475
2352475;911110000;91111;91;11.0;some;some;False;2;1;7035.4908636204245;695734
2354170;910270101;91027;91;11.0;none;none;False;0;0;3094.6925949826064;696170
2354715;910270107;91027;91;11.0;all;some;False;1;2;6662.781986144638;696351
2356233;910270108;91027;91;11.0;some;some;False;1;2;5192.3874419854565;696783
2357930;913260101;91326;91;11.0;all;none;False;1;0;988.641322544846;697305
2358535;910270108;91027;91;11.0;all;all;False;2;3;2627.0480237414217;697491
2361228;914790101;91479;91;11.0;all;all;False;3;3;5140.781768025334;698331
2361405;913260202;91326;91;11.0;all;none;False;1;0;2184.1135738979124;698385
2363187;913260103;91326;91;11.0;all;none;False;1;0;1012.1038312785677;698943
2363501;913260202;91326;91;11.0;all;none;False;2;0;2231.0278570931046;699036
2364137;910270103;91027;91;11.0;all;none;False;3;0;2841.7337316085427;699234
2365958;910270105;91027;91;11.0;some;none;False;2;0;5619.06129267054;699784
2366535;910270103;91027;91;11.0;none;none;False;0;0;1651.4418243027321;699957
2366587;913260101;91326;91;11.0;none;none;False;0;0;2613.7500756241006;699974
2366929;913260101;91326;91;11.0;all;all;False;2;4;2652.648870427241;700080
2367452;914790101;91479;91;11.0;all;all;False;1;2;2675.1566614500975;700235
2367781;913260202;91326;91;11.0;all;some;False;2;1;2441.0483209412955;700330
2368898;910270104;91027;91;11.0;all;none;False;1;0;4646.755216065561;700680
2370336;913260101;91326;91;11.0;all;all;False;1;2;3636.075412487186;701102
2370554;910270105;91027;91;11.0;some;none;False;1;0;858.9581397687957;701162
2371004;910270104;91027;91;11.0;all;some;False;1;1;3458.250199247458;701300
2371012;910270109;91027;91;11.0;none;none;False;0;0;3942.272419047805;701302
2371395;913260202;91326;91;11.0;all;none;False;1;0;5432.883336729538;701411
2372117;913260202;91326;91;11.0;all;all;False;2;2;2020.3970007289222;701635
2373123;910270106;91027;91;11.0;some;some;False;1;2;5863.87979462814;701943
2373382;910270106;91027;91;11.0;some;some;False;1;3;1903.2758279151074;702015
2376381;910270111;91027;91;11.0;all;some;False;2;1;4770.023814899983;702913
2378058;913260201;91326;91;11.0;all;all;False;1;1;3591.9377127292487;703408
2379802;914790103;91479;91;11.0;all;none;False;3;0;3351.1637636970017;703947
2380642;911030104;91103;91;11.0;all;none;False;2;0;3369.0132313220274;704203
2380648;915700107;91570;91;11.0;all;none;False;3;0;3340.3232537997246;704205
2382392;911030102;91103;91;11.0;all;all;False;3;8;6899.934562820817;704722
2384204;911030104;91103;91;11.0;none;none;False;0;0;2645.486850151622;705235
2384678;915700104;91570;91;11.0;all;none;False;2;0;3168.1208981852506;705378
2384766;911030104;91103;91;11.0;all;none;False;1;0;2347.3757826635037;705404
2384882;911030104;91103;91;11.0;none;none;False;0;0;1389.2154889422445;705438
2386309;911150000;91115;91;11.0;all;some;False;3;1;10379.68309011515;705845
2387570;911030104;91103;91;11.0;all;none;False;1;0;2101.07923088532;706218
2389533;911030104;91103;91;11.0;all;all;False;1;4;2854.066830722897;706781
2389936;915700106;91570;91;11.0;all;some;False;1;2;7066.766783336276;706899
2394698;911150000;91115;91;11.0;all;all;False;3;3;5100.564383379921;708305
2397332;911290000;91129;91;11.0;all;all;False;2;4;2814.3887973210367;709070
2397435;915700106;91570;91;11.0;all;none;False;1;0;3035.8847722298824;709103
2397769;911300000;91130;91;11.0;all;all;False;2;8;3889.485539994132;709212
2398542;911320000;91132;91;11.0;all;some;False;2;2;3987.7232983901627;709434
2398693;915700104;91570;91;11.0;some;some;False;1;1;6472.621192572716;709478
2399952;915700108;91570;91;11.0;some;some;False;2;3;2576.362659141471;709847
2402886;911350000;91135;91;11.0;all;none;False;2;0;1365.4365311489667;710688
2403066;911030104;91103;91;11.0;none;none;False;0;0;1809.2385617070888;710747
2403499;911350000;91135;91;11.0;all;some;False;2;2;6867.621275249423;710874
2403959;911030105;91103;91;11.0;some;none;False;1;0;3127.4008778469224;711008
2404086;911030102;91103;91;11.0;all;none;False;1;0;2813.154100823396;711046
2404588;911030102;91103;91;11.0;all;all;False;2;2;4409.912946382405;711189
2407675;911740601;91174;91;11.0;some;none;False;1;0;2755.5160086558053;712079
2408082;911740503;91174;91;11.0;all;none;False;2;0;3121.9774040842804;712200
2408104;911740701;91174;91;11.0;all;all;False;1;2;970.2433381436892;712207
2408278;911740302;91174;91;11.0;all;some;False;2;2;7451.409062144601;712258
2408376;911740601;91174;91;11.0;some;none;False;1;0;2527.8529994669348;712286
2409534;911740101;91174;91;11.0;none;none;False;0;0;2017.7777226654757;712641
2412737;911360000;91136;91;11.0;some;some;False;3;1;8472.908661573343;713614
2413686;911740503;91174;91;11.0;none;none;False;0;0;1662.0276489518176;713897
2415099;911740601;91174;91;11.0;all;all;False;1;1;2589.1716663915176;714305
2419935;911740801;91174;91;11.0;all;none;False;2;0;3416.6544426070936;715731
2421329;911740801;91174;91;11.0;all;none;False;1;0;1640.846093838281;716128
2422907;911740502;91174;91;11.0;all;some;False;2;3;2653.852116010183;716586
2424322;911740801;91174;91;11.0;all;some;False;2;1;3933.2198779787036;717019
2424459;913400102;91340;91;11.0;none;none;False;0;0;3875.7479248894724;717057
2425133;911740701;91174;91;11.0;some;some;False;1;2;2906.805391250511;717270
2426236;911740601;91174;91;11.0;all;all;False;1;2;1818.8151333426306;717612
2426976;911740202;91174;91;11.0;all;all;False;1;2;3140.6176398016223;717838
2428291;911740502;91174;91;11.0;all;none;False;2;0;1642.104869014004;718229
2428937;911740502;91174;91;11.0;all;all;False;1;1;2809.4693288885505;718419
2430653;911740701;91174;91;11.0;some;none;False;2;0;2430.5315696836496;718931
2431254;911740801;91174;91;11.0;some;none;False;1;0;2338.1105136338642;719108
2432620;911740102;91174;91;11.0;none;none;False;0;0;2643.9744484632506;719521
2432776;911740601;91174;91;11.0;all;none;False;1;0;892.4297701092878;719569
2432948;911360000;91136;91;11.0;none;none;False;0;0;2518.8233267114383;719617
2433183;911740801;91174;91;11.0;some;none;False;1;0;2154.1437826471756;719689
2433201;911740502;91174;91;11.0;all;none;False;1;0;607.894436222946;719694
2434539;911450000;91145;91;11.0;some;all;False;1;2;10287.093144123672;720094
2435059;911560000;91156;91;11.0;all;all;False;1;2;1808.6931710867236;720209
2435221;911560000;91156;91;11.0;some;none;False;1;0;4360.131258114893;720246
2436873;911590000;91159;91;11.0;all;all;False;2;2;2944.200515185823;720613
2437270;911840000;91184;91;11.0;some;none;False;1;0;3625.675888267122;720703
2437519;911980000;91198;91;11.0;all;all;False;2;2;4090.0924165317697;720758
2438156;912000101;91200;91;11.0;all;all;False;2;6;3472.0671779842287;720901
2438191;912070000;91207;91;11.0;some;some;False;3;1;4936.456410918416;720908
2439516;912070000;91207;91;11.0;all;some;False;2;1;3896.4168670531;721202
2440614;912070000;91207;91;11.0;all;all;False;2;5;4953.016778609253;721453
2441875;912250000;91225;91;11.0;all;all;False;1;2;2216.877679653232;721735
2444670;912000103;91200;91;11.0;all;all;False;1;1;3232.9271401340857;722368
2445271;912260000;91226;91;11.0;all;none;False;1;0;1703.17811540965;722501
2445731;912260000;91226;91;11.0;all;all;False;2;4;4597.052255925999;722603
2446667;912400000;91240;91;11.0;all;all;False;3;2;3486.100234671432;722809
2446807;912000103;91200;91;11.0;none;none;False;0;0;1845.521959035359;722841
2452391;912000103;91200;91;11.0;all;all;False;1;5;1917.5047368341584;724091
2453074;912000104;91200;91;11.0;some;none;False;1;0;2856.6682750623913;724243
2453440;911050101;91105;91;11.0;all;none;False;3;0;4234.680603810774;724326
2454369;912430000;91243;91;11.0;some;some;False;2;1;8957.34726794889;724532
2455123;912430000;91243;91;11.0;some;all;False;1;5;7604.184357603531;724702
2456506;912430000;91243;91;11.0;all;none;False;1;0;2989.3936173511893;725011
2456784;912430000;91243;91;11.0;all;some;False;2;1;6075.932584474156;725077
2457217;912440000;91244;91;11.0;all;all;False;2;4;3707.5421225809678;725175
2457511;911050101;91105;91;11.0;all;none;False;2;0;5133.830360765445;725241
2457560;912480000;91248;91;11.0;all;some;False;2;1;6675.676951623262;725252
2457815;912490000;91249;91;11.0;all;all;False;2;2;5047.970756141154;725307
2457893;912490000;91249;91;11.0;all;all;False;2;2;6221.308347493161;725326
2458988;912000104;91200;91;11.0;all;none;False;1;0;1591.668521924287;725568
2459077;912750000;91275;91;11.0;all;none;False;1;0;2987.2971710630513;725588
2459306;912940000;91294;91;11.0;all;none;False;1;0;2687.6251491801186;725641
2459433;912000103;91200;91;11.0;none;none;False;0;0;1109.0917739717474;725667
2459690;911050101;91105;91;11.0;all;none;False;1;0;69.62379486393064;725724
2460523;913150000;91315;91;11.0;all;none;False;1;0;2273.6856674858186;725912
2462541;915530101;91553;91;11.0;all;none;False;1;0;246.59917192637693;726365
2463272;912010108;91201;91;11.0;all;none;False;2;0;3506.2676553249444;726560
2465740;912010108;91201;91;11.0;some;none;False;1;0;2156.400910562773;727241
2466489;913150000;91315;91;11.0;all;all;False;1;2;3487.0596102674904;727443
2466751;916000103;91600;91;11.0;all;some;False;3;3;10852.161919954393;727517
2470847;915530101;91553;91;11.0;all;none;False;1;0;4823.102749861527;728628
2470910;912010111;91201;91;11.0;none;none;False;0;0;2808.4626829455683;728644
2471618;912010109;91201;91;11.0;all;none;False;1;0;3130.141171652101;728834
2472570;912010109;91201;91;11.0;all;none;False;1;0;2816.3185730503847;729091
2472797;915530103;91553;91;11.0;some;none;False;1;0;3559.7086579604993;729154
2473785;913150000;91315;91;11.0;all;none;False;2;0;3229.945073901611;729417
2473996;915530101;91553;91;11.0;all;none;False;2;0;3662.724340315507;729473
2474230;916000102;91600;91;11.0;all;some;False;1;2;7278.6872813561295;729540
2475014;912010111;91201;91;11.0;some;none;False;2;0;7905.445370141284;729752
2476685;916000102;91600;91;11.0;some;all;False;1;4;5121.823473879715;730202
2477692;915530102;91553;91;11.0;all;some;False;2;2;2674.358831819432;730476
2479613;916000103;91600;91;11.0;some;none;False;1;0;3739.1908870940315;730991
2480644;912010101;91201;91;11.0;all;none;False;1;0;2206.0176409304754;731270
2481206;912010103;91201;91;11.0;all;none;False;1;0;3785.6654208994073;731427
2481913;912010107;91201;91;11.0;all;some;False;1;1;6880.191636985319;731619
2481993;912010108;91201;91;11.0;all;all;False;2;2;5904.4951290882345;731642
2483050;913150000;91315;91;11.0;some;some;False;1;1;8000.782797401659;731926
2483896;913180000;91318;91;11.0;some;some;False;2;3;9101.852625895433;732129
2484905;915730106;91573;91;11.0;all;all;False;1;2;3169.441067663893;732387
2485073;912150101;91215;91;11.0;none;none;False;0;0;1024.5652473101352;732430
2485817;912150104;91215;91;11.0;some;some;False;1;1;3997.2801933387345;732619
2486914;912150101;91215;91;11.0;some;some;False;1;2;4684.32498461611;732900
2488108;912150104;91215;91;11.0;all;all;False;2;5;1086.6107984761315;733213
2488738;913180000;91318;91;11.0;none;some;False;0;2;5795.644295273554;733375
2488741;912150103;91215;91;11.0;some;none;False;1;0;5172.232810391656;733376
2488858;913300000;91330;91;11.0;all;all;False;1;2;2490.5156232050153;733404
2489753;915730103;91573;91;11.0;all;some;False;2;1;2112.209906001438;733621
2489962;913300000;91330;91;11.0;none;none;False;0;0;2467.206654985595;733672
2490669;915730104;91573;91;11.0;all;all;False;3;6;1918.7166344686752;733857
2490871;913330000;91333;91;11.0;all;some;False;2;1;3378.1339145482066;733906
2491902;913380000;91338;91;11.0;all;all;False;2;3;1833.2894947730372;734171
2492163;913390000;91339;91;11.0;none;none;False;0;0;3089.609700147725;734238
2494474;915730102;91573;91;11.0;none;none;False;0;0;3740.268750732045;734835
2496626;913390000;91339;91;11.0;some;some;False;1;2;3792.205198902639;735372
2496688;913390000;91339;91;11.0;none;none;False;0;0;2002.4702062771396;735388
2497620;913390000;91339;91;11.0;all;some;False;2;2;3655.551766021904;735619
2499261;913470000;91347;91;11.0;all;some;False;2;2;4668.694859795357;736040
2499974;912150103;91215;91;11.0;all;all;False;1;2;1965.2026180103721;736221
2500243;915730106;91573;91;11.0;all;all;False;1;2;1806.5328436003829;736292
2500423;912150103;91215;91;11.0;none;none;False;0;0;1393.6828967056356;736333
2501013;913470000;91347;91;11.0;some;none;False;1;0;6996.610927832786;736481
2502249;913590000;91359;91;11.0;all;some;False;2;2;5697.15619371498;736798
2502670;912150104;91215;91;11.0;some;all;False;1;3;1720.8638230702447;736911
2504434;913590000;91359;91;11.0;some;none;False;1;0;4826.69516406476;737352
2504985;912230107;91223;91;11.0;all;all;False;2;2;2219.02119132235;737490
2505250;912230101;91223;91;11.0;none;none;False;0;0;2988.3400412305873;737555
2506412;913590000;91359;91;11.0;all;some;False;1;2;5173.700772469335;737847
2507177;913760000;91376;91;11.0;some;none;False;1;0;3151.9349115351497;738037
2508279;913900000;91390;91;11.0;all;none;False;2;0;5704.378059690565;738312
2508297;912230102;91223;91;11.0;all;none;False;1;0;2564.2174270927394;738316
2509129;914050000;91405;91;11.0;all;some;False;3;1;4856.530178051089;738524
2510685;914050000;91405;91;11.0;all;some;False;2;1;3882.9462347338495;738915
2510974;914050000;91405;91;11.0;all;some;False;3;1;5277.855958196953;738986
2512013;914050000;91405;91;11.0;all;all;False;1;2;1930.8239158335589;739248
2515270;914050000;91405;91;11.0;some;some;False;2;1;5848.853817318651;740075
2516386;912230101;91223;91;11.0;some;some;False;2;1;3851.9670227764555;740354
2517091;914110000;91411;91;11.0;all;some;False;2;2;10671.902028307644;740530
2517666;914120000;91412;91;11.0;all;some;False;2;1;3245.0863842986028;740677
2518133;912230106;91223;91;11.0;all;none;False;2;0;4706.340795984187;740794
2518755;912230107;91223;91;11.0;some;some;False;1;1;2639.3002045481076;740944
2519164;912230104;91223;91;11.0;some;all;False;2;5;4415.384304549914;741048
2519190;914250000;91425;91;11.0;none;none;False;0;0;1779.6572167870415;741053
2519612;912230104;91223;91;11.0;none;none;False;0;0;949.2278832530399;741154
2520829;914250000;91425;91;11.0;all;none;False;2;0;6135.924928824527;741456
2522074;912230101;91223;91;11.0;none;none;False;0;0;4391.632111458106;741775
2522148;914250000;91425;91;11.0;none;none;False;0;0;2184.2283836380034;741793
2522318;914330000;91433;91;11.0;all;all;False;1;2;2128.3382773707954;741837
2522701;914330000;91433;91;11.0;all;some;False;2;2;10086.003215942083;741930
2524087;914330000;91433;91;11.0;all;none;False;1;0;2318.9288995653274;742272
2525285;914570000;91457;91;11.0;none;none;False;0;0;4626.009478636217;742569
2526328;914570000;91457;91;11.0;some;some;False;3;2;7152.552628372134;742832
2526383;912230102;91223;91;11.0;all;none;False;1;0;1253.398911111742;742844
2527116;912230103;91223;91;11.0;all;all;False;2;2;2142.5341760300007;743029
2527801;914610000;91461;91;11.0;all;none;False;2;0;2170.4139752059245;743198
2527894;914680000;91468;91;11.0;all;all;False;1;2;647.5652108876853;743224
2528633;914690000;91469;91;11.0;all;some;False;2;1;5422.757627519011;743415
2528923;912230103;91223;91;11.0;all;none;False;1;0;2063.101237126706;743486
2530037;912280201;91228;91;11.0;all;none;False;1;0;1763.0024722143137;743787
2530125;912280201;91228;91;11.0;all;some;False;2;4;3509.066450385292;743815
2530372;912280104;91228;91;11.0;none;some;False;0;1;3621.3497633770908;743894
2531054;912280106;91228;91;11.0;none;none;False;0;0;2999.0254427750433;744107
2531848;912280116;91228;91;11.0;none;none;False;0;0;168.84339103759285;744360
2532155;912280104;91228;91;11.0;all;none;False;1;0;1219.9962516333055;744455
2533238;912280112;91228;91;11.0;all;none;False;1;0;604.4139706910918;744787
2534027;912280114;91228;91;11.0;all;none;False;2;0;7429.17981655502;745037
2535299;912280114;91228;91;11.0;all;none;False;2;0;3422.964925474482;745441
2535784;912280120;91228;91;11.0;none;all;False;0;1;866.7892957579377;745595
2536330;912280201;91228;91;11.0;none;all;False;0;1;1410.3132456985416;745773
2536696;912280202;91228;91;11.0;all;none;False;1;0;2105.2244556307223;745883
2537320;912280105;91228;91;11.0;none;all;False;0;1;3193.6670486265252;746070
2537684;912280114;91228;91;11.0;all;some;False;2;1;2018.8256374788693;746188
2538578;912280101;91228;91;11.0;all;some;False;2;1;172.87216165074526;746476
2538674;912280102;91228;91;11.0;some;some;False;1;3;2535.498947399448;746505
2538739;912280118;91228;91;11.0;all;all;False;2;2;2476.7929433104046;746530
2539154;912280104;91228;91;11.0;none;none;False;0;0;1864.7096323213873;746657
2539932;912280101;91228;91;11.0;none;some;False;0;1;1036.156449457946;746887
2540098;912280205;91228;91;11.0;none;none;False;0;0;120.04965034603494;746933
2542000;912280204;91228;91;11.0;all;none;False;1;0;693.3906266421723;747525
2544129;912280113;91228;91;11.0;some;none;False;1;0;2819.9014457591707;748191
2544664;912280122;91228;91;11.0;none;none;False;0;0;1450.7177183149236;748356
2546219;912280114;91228;91;11.0;all;all;False;1;1;1277.4620966058449;748840
2546743;912280103;91228;91;11.0;none;none;False;0;0;1127.8652536847696;749000
2547407;912280119;91228;91;11.0;all;some;False;2;1;2868.9004310432065;749209
2547539;912280108;91228;91;11.0;all;none;False;1;0;2918.0223725965357;749251
2547607;912280102;91228;91;11.0;all;some;False;2;1;2147.4948280375916;749273
2548026;912280108;91228;91;11.0;all;all;False;1;3;3096.1042521482887;749405
2549414;912280104;91228;91;11.0;none;none;False;0;0;3303.6208516036468;749821
2550596;912280108;91228;91;11.0;none;all;False;0;1;1496.6598952004308;750187
2552073;912280119;91228;91;11.0;all;some;False;2;1;2320.0092285546325;750664
2553028;912280111;91228;91;11.0;none;all;False;0;1;1720.5749509092575;750964
2554409;912280109;91228;91;11.0;none;none;False;0;0;9705.467543119203;751396
2554445;912280114;91228;91;11.0;all;none;False;1;0;2396.7090130336105;751409
2554928;912280117;91228;91;11.0;none;none;False;0;0;1568.1252677960633;751557
2555688;912280115;91228;91;11.0;some;none;False;1;0;3092.162613142658;751793
2556034;912280108;91228;91;11.0;all;none;False;1;0;2183.319910148091;751900
2557053;912280103;91228;91;11.0;all;none;False;2;0;3740.6573504238595;752219
2557792;912720106;91272;91;11.0;all;all;False;2;2;3751.710393332321;752403
2558276;911220104;91122;91;11.0;some;some;False;1;1;5302.630034138973;752535
2558483;911220104;91122;91;11.0;some;all;False;2;4;4977.780178896362;752591
2560304;914820000;91482;91;11.0;all;none;False;1;0;4266.058260671774;753058
2561086;916450102;91645;91;11.0;some;none;False;2;0;19115.146545067008;753265
2562324;914940000;91494;91;11.0;all;none;False;2;0;3487.590267795257;753584
2565548;912720107;91272;91;11.0;all;none;False;2;0;3858.549154284504;754400
2565554;911220104;91122;91;11.0;some;none;False;1;0;3056.6266954144444;754401
2568128;911220103;91122;91;11.0;all;none;False;2;0;262.9554739720283;755059
2568335;912720102;91272;91;11.0;all;none;False;3;0;10384.766260839871;755118
2570717;912720105;91272;91;11.0;some;some;False;1;1;4615.386990942485;755717
2570977;916450107;91645;91;11.0;some;some;False;3;1;14813.989510133037;755792
2570978;916450107;91645;91;11.0;some;none;False;3;0;5070.546080995982;755792
2571925;916450107;91645;91;11.0;all;some;False;2;4;16960.449880554195;756040
2575313;914940000;91494;91;11.0;all;some;False;3;1;4627.9900400311535;756924
2576555;911220103;91122;91;11.0;some;none;False;2;0;9677.83746657985;757257
2576578;914940000;91494;91;11.0;all;none;False;1;0;2601.5522082746347;757263
2577313;912720107;91272;91;11.0;some;none;False;1;0;5127.477210481956;757451
2579358;914940000;91494;91;11.0;all;none;False;1;0;2408.809309995987;757997
2579676;916450106;91645;91;11.0;all;none;False;1;0;2425.2701731214033;758083
2580002;914940000;91494;91;11.0;some;all;False;1;3;549.6890832488114;758166
2581699;912720101;91272;91;11.0;none;some;False;0;1;6889.436529674714;758608
2583265;912720101;91272;91;11.0;none;all;False;0;1;3630.7277052052395;758999
2583621;914940000;91494;91;11.0;all;some;False;2;3;4487.241262865129;759088
2584221;914950000;91495;91;11.0;none;all;False;0;1;1869.2132947140087;759245
2584386;916450106;91645;91;11.0;all;none;False;1;0;1247.0661742619723;759290
2584990;913450105;91345;91;11.0;all;some;False;2;2;3680.3496088343536;759444
2585384;913450104;91345;91;11.0;all;all;False;2;3;4917.195299708108;759544
2587003;913450108;91345;91;11.0;some;none;False;1;0;2265.18293354502;759965
2587297;913450106;91345;91;11.0;all;all;False;2;5;3783.511894891166;760041
2588210;912160104;91216;91;11.0;some;some;False;1;2;2131.549240331358;760277
2588252;915140000;91514;91;11.0;all;all;False;1;2;993.3296630801872;760287
2588796;913450106;91345;91;11.0;none;none;False;0;0;3116.315730201523;760429
2591338;913450103;91345;91;11.0;none;none;False;0;0;1906.2179756603905;761069
2591668;915140000;91514;91;11.0;none;none;False;0;0;2043.0959240899454;761153
2591833;915250000;91525;91;11.0;all;all;False;2;2;5960.70087544241;761195
2592863;913450102;91345;91;11.0;all;none;False;1;0;1622.5581359654557;761459
2593079;915340000;91534;91;11.0;all;none;False;1;0;2193.9907023058818;761518
2594030;913450107;91345;91;11.0;all;all;False;2;5;1351.4518943444598;761767
2594220;915340000;91534;91;11.0;all;some;False;1;1;5691.123605825137;761812
2595203;915340000;91534;91;11.0;some;none;False;2;0;5538.137863799164;762065
2598360;915340000;91534;91;11.0;none;none;False;0;0;2645.49174574774;762882
2598644;913450101;91345;91;11.0;all;none;False;1;0;1724.531534860402;762956
2599473;915400000;91540;91;11.0;all;all;False;2;4;3839.203781646606;763173
2601464;912160102;91216;91;11.0;all;none;False;2;0;2918.786542561167;763678
2602055;915400000;91540;91;11.0;some;none;False;1;0;3686.79283884825;763826
2602066;915400000;91540;91;11.0;some;none;False;1;0;3167.3356514378975;763828
2602465;912160103;91216;91;11.0;some;all;False;1;2;4728.670241505551;763929
2603626;913450104;91345;91;11.0;none;none;False;0;0;1675.6510911283883;764228
2605023;915460000;91546;91;11.0;all;some;False;2;1;5613.808110976991;764579
2605026;915460000;91546;91;11.0;all;all;False;2;4;3850.562621683841;764579
2607028;913450102;91345;91;11.0;all;all;False;2;2;3676.2615895191166;765090
2607149;915460000;91546;91;11.0;some;none;False;1;0;4808.536237358145;765121
2608297;912160104;91216;91;11.0;all;all;False;2;2;5967.283161049931;765412
2608688;915460000;91546;91;11.0;some;all;False;1;2;3636.3192506557593;765508
2612436;915600000;91560;91;11.0;all;none;False;1;0;1985.4335978229497;766459
2617010;913770114;91377;91;11.0;none;none;False;0;0;2505.57038418801;767826
2617036;913770114;91377;91;11.0;all;all;False;2;3;1946.5778326846107;767833
2618507;913770109;91377;91;11.0;all;all;False;2;2;1935.8381025186727;768287
2621644;913770114;91377;91;11.0;all;none;False;1;0;2630.286790600011;769265
2621945;911610107;91161;91;11.0;some;some;False;2;2;7087.705249360305;769371
2623196;913770114;91377;91;11.0;all;all;False;1;3;1970.531855309051;769762
2623367;913770114;91377;91;11.0;all;some;False;1;1;6638.4489358294495;769807
2623435;913770108;91377;91;11.0;none;none;False;0;0;4521.236603927626;769826
2623698;913770111;91377;91;11.0;all;none;False;2;0;5720.923558378941;769902
2623983;911610106;91161;91;11.0;all;none;False;1;0;3187.779986835304;769995
2624127;911610107;91161;91;11.0;all;all;False;2;2;2033.1982551621072;770042
2625908;911610101;91161;91;11.0;some;some;False;2;1;5589.190387884046;770598
2626527;913770103;91377;91;11.0;all;none;False;2;0;3465.0382277107005;770789
2626743;913770114;91377;91;11.0;all;none;False;1;0;2217.3622763997246;770855
2626802;913770114;91377;91;11.0;none;none;False;0;0;2351.448959362329;770875
2627006;913770111;91377;91;11.0;all;some;False;2;3;5172.187733056383;770937
2627507;913770104;91377;91;11.0;some;all;False;1;3;2911.89536512375;771097
2627611;913770106;91377;91;11.0;all;all;False;1;3;4092.498986699391;771130
2627726;913770101;91377;91;11.0;some;some;False;2;2;4938.120476923895;771167
2631986;913770113;91377;91;11.0;all;all;False;2;2;4519.695214268901;772526
2632503;913770102;91377;91;11.0;all;all;False;1;2;1716.7494565798704;772682
2632555;913770114;91377;91;11.0;all;none;False;1;0;2516.2124280797025;772697
2632812;913770104;91377;91;11.0;none;none;False;0;0;4409.072598859986;772779
2633209;913770102;91377;91;11.0;none;all;False;1;2;1400.6466830235354;772901
2634243;911610106;91161;91;11.0;all;none;False;1;0;1798.4166634154128;773220
2635059;913770106;91377;91;11.0;none;none;False;0;0;2402.630075538039;773467
2637628;911610107;91161;91;11.0;all;some;False;1;2;3786.7428900562763;774295
2638229;913770114;91377;91;11.0;some;some;False;1;3;4504.759966853816;774497
2639429;913770106;91377;91;11.0;all;none;False;1;0;2812.896746983845;774884
2643575;911610104;91161;91;11.0;some;all;False;1;4;6798.512078117867;776170
2643792;913770108;91377;91;11.0;all;all;False;1;2;1132.2383255280733;776239
2645339;913770109;91377;91;11.0;all;none;False;1;0;3445.00084198685;776719
2647001;915680000;91568;91;11.0;all;some;False;2;1;10218.993292357329;777115
2647706;915770000;91577;91;11.0;all;all;False;2;4;2171.733619363074;777277
2647862;915770000;91577;91;11.0;all;none;False;1;0;2528.016738376751;777313
2648760;915780000;91578;91;11.0;all;none;False;2;0;1619.5013338284275;777510
2649133;915790000;91579;91;11.0;all;some;False;2;1;4110.7054758167515;777594
2649632;913860103;91386;91;11.0;some;some;False;1;2;438.3936014691805;777711
2650074;913860105;91386;91;11.0;some;all;False;1;2;2288.829324091344;777811
2650589;915790000;91579;91;11.0;all;all;False;1;4;1567.8088851146579;777929
2651806;915790000;91579;91;11.0;all;all;False;2;5;4772.295724257881;778208
2656052;915790000;91579;91;11.0;all;none;False;2;0;5630.502430893276;779187
2656239;915870000;91587;91;11.0;some;none;False;1;0;4966.932547617823;779229
2657020;915870000;91587;91;11.0;some;none;False;1;0;5526.822683523165;779407
2657153;915870000;91587;91;11.0;all;all;False;2;2;2279.753101179273;779436
2659126;913860102;91386;91;11.0;all;all;False;2;3;3913.7455108617232;779876
2660609;913860102;91386;91;11.0;some;all;False;1;3;32.38935646319106;780214
2661717;913860101;91386;91;11.0;all;some;False;1;1;2979.2958631738857;780468
2664336;916020000;91602;91;11.0;some;none;False;1;0;4895.802501847747;781072
2664405;916170000;91617;91;11.0;all;some;False;2;1;6592.826092428011;781088
2667055;913860101;91386;91;11.0;all;some;False;1;1;4956.5265827156345;781694
2668520;916170000;91617;91;11.0;all;all;False;2;4;5367.695663959874;782031
2668970;913860105;91386;91;11.0;all;some;False;2;1;2298.0662505141436;782136
2669747;916300000;91630;91;11.0;all;none;False;1;0;2687.7083556779144;782309
2670275;916310000;91631;91;11.0;all;none;False;2;0;3030.36329579807;782435
2670305;913860102;91386;91;11.0;none;all;False;0;1;2501.5205653987537;782441
2670535;916310000;91631;91;11.0;none;all;False;0;1;2901.8971072018317;782495
2670974;916340000;91634;91;11.0;some;some;False;1;1;6484.003901900511;782596
2673559;916490000;91649;91;11.0;all;some;False;2;1;5434.460312656464;783177
2673821;916490000;91649;91;11.0;all;all;False;1;3;4204.30444967398;783240
2674142;916590000;91659;91;11.0;all;some;False;1;2;2542.210717174902;783314
2674953;914770107;91477;91;11.0;all;all;False;3;4;4221.0874510554895;783546
2675697;914770104;91477;91;11.0;some;none;False;1;0;5273.365077572857;783763
2676615;914710103;91471;91;11.0;none;none;False;0;0;5325.456795226959;784057
2677530;914710104;91471;91;11.0;all;all;False;1;3;5173.405351269908;784345
2677716;914770107;91477;91;11.0;all;all;False;2;2;2174.0308917217753;784405
2677913;913120104;91312;91;11.0;all;some;False;2;1;8.257365981244448;784471
2681814;914770109;91477;91;11.0;all;none;False;1;0;1961.5018401687412;785677
2682073;913120101;91312;91;11.0;all;all;False;1;2;1515.8434105360636;785758
2682842;914770107;91477;91;11.0;all;none;False;1;0;3299.515033588138;786016
2682871;914710101;91471;91;11.0;all;none;False;3;0;7159.9638198498715;786026
2685249;914770108;91477;91;11.0;all;some;False;3;4;5536.401122791409;786732
2686973;914710105;91471;91;11.0;some;none;False;1;0;1286.1852423299567;787259
2687934;913120103;91312;91;11.0;all;none;False;1;0;4161.422688889083;787551
2688518;914770107;91477;91;11.0;some;none;False;1;0;7101.983318866787;787727
2688659;914710104;91471;91;11.0;all;none;False;1;0;5520.784919911574;787765
2689504;914770103;91477;91;11.0;all;none;False;1;0;1813.1936505317562;788021
2692926;913120103;91312;91;11.0;some;some;False;1;1;5145.498042690004;789102
2693454;914770108;91477;91;11.0;all;all;False;1;2;6061.928099480474;789269
2694061;914770107;91477;91;11.0;none;none;False;0;0;620.2663159224007;789451
2695032;914770107;91477;91;11.0;none;all;False;0;2;3775.5263168245183;789759
2696471;914770104;91477;91;11.0;all;none;False;2;0;5595.190690959748;790214
2696681;914770104;91477;91;11.0;none;all;False;0;1;1272.2172325281388;790277
2696687;913120104;91312;91;11.0;all;all;False;1;2;4621.769404138286;790278
2697127;914710101;91471;91;11.0;some;none;False;1;0;5190.065443966608;790405
2699685;914770107;91477;91;11.0;none;none;False;0;0;2775.914758300247;791184
2700046;914770106;91477;91;11.0;all;some;False;2;3;839.7762878627196;791298
2701991;914770108;91477;91;11.0;some;some;False;1;3;8751.259833289228;791899
2702188;914770103;91477;91;11.0;all;all;False;1;2;2145.7994016633047;791955
2702257;914770105;91477;91;11.0;all;none;False;3;0;2407.6387985536685;791976
2702567;916590000;91659;91;11.0;all;all;False;1;2;2370.867769378876;792070
2703070;915210107;91521;91;11.0;some;none;False;3;0;3483.961914714489;792221
2703150;915210111;91521;91;11.0;all;some;False;2;3;6056.6738537738665;792242
2703542;915210101;91521;91;11.0;all;all;False;2;2;2943.8638470487444;792370
2704946;915210106;91521;91;11.0;all;all;False;1;1;1740.557982935198;792793
2708084;912350103;91235;91;11.0;all;all;False;1;2;627.2020509595218;793717
2711454;915210102;91521;91;11.0;all;some;False;3;2;8961.278550572748;794692
2711484;916590000;91659;91;11.0;some;all;False;1;4;2135.3853612017315;794700
2711671;912350101;91235;91;11.0;all;all;False;1;4;4262.078239224655;794755
2712467;915210102;91521;91;11.0;some;some;False;2;1;4303.564208717518;794982
2714177;915210110;91521;91;11.0;some;some;False;1;2;4966.093565161192;795483
2714599;910860101;91086;91;11.0;some;none;False;2;0;8292.155777582322;795593
2717064;916590000;91659;91;11.0;all;none;False;2;0;3643.9513103372233;796293
2718235;915210108;91521;91;11.0;some;none;False;1;0;2587.8881887494676;796619
2722356;915210109;91521;91;11.0;some;none;False;1;0;941.4779546550435;797788
2723556;915210104;91521;91;11.0;all;none;False;1;0;3118.5861689112203;798132
2723645;915210111;91521;91;11.0;some;none;False;1;0;2695.5469261559674;798155
2724918;915210103;91521;91;11.0;none;none;False;0;0;1051.7003728349084;798516
2729885;915490115;91549;91;11.0;none;all;False;0;3;2276.3098644445154;799974
2731212;915490104;91549;91;11.0;all;all;False;4;4;4253.762598035761;800354
2731250;915490113;91549;91;11.0;all;all;False;2;2;4715.729324210647;800365
2732342;914340106;91434;91;11.0;all;none;False;3;0;5828.04245251886;800699
2734626;915490103;91549;91;11.0;all;all;False;1;2;795.61782520619;801372
2734893;915490112;91549;91;11.0;all;all;False;3;4;7109.655911807622;801454
2735023;914340103;91434;91;11.0;all;all;False;2;2;112.06610395162193;801495
2736015;915490113;91549;91;11.0;all;none;False;2;0;3613.9256966433195;801798
2738093;914340102;91434;91;11.0;all;some;False;1;1;7532.7741730304415;802404
2738621;914340101;91434;91;11.0;some;some;False;1;1;1881.290853945602;802552
2739404;915490106;91549;91;11.0;all;all;False;1;2;2233.7706615258558;802778
2740291;914340103;91434;91;11.0;some;none;False;1;0;2183.7603922638004;803031
2740340;914340105;91434;91;11.0;all;some;False;2;2;2795.3532442818237;803046
2742339;915490109;91549;91;11.0;all;none;False;1;0;4934.580698188707;803646
2742727;914340107;91434;91;11.0;all;all;False;3;3;5285.800193382808;803761
2743294;915490104;91549;91;11.0;some;none;False;2;0;1076.564044269956;803922
2744387;915490112;91549;91;11.0;all;all;False;1;1;1887.738433161138;804241
2746554;915490106;91549;91;11.0;some;all;False;1;3;2376.444302750426;804868
2747267;914340104;91434;91;11.0;all;all;False;3;3;3282.811315748834;805075
2747447;916650000;91665;91;11.0;all;all;False;1;2;2780.5393467121203;805128
2747965;915490113;91549;91;11.0;all;all;False;1;1;1989.9364479056885;805276
2748350;916670000;91667;91;11.0;all;some;False;2;2;3792.9941833405283;805389
2750569;915490104;91549;91;11.0;none;all;False;0;3;1252.3856565354147;806029
2750641;915490107;91549;91;11.0;some;all;False;2;3;6631.449177939807;806050
2751025;916670000;91667;91;11.0;all;none;False;3;0;8535.129649254583;806169
2751421;915490114;91549;91;11.0;some;all;False;1;9;2342.702670084977;806289
2752904;916670000;91667;91;11.0;some;none;False;1;0;5387.097966154237;806717
2753766;914320101;91432;91;11.0;all;none;False;1;0;45.214183506756335;806978
2754236;914320104;91432;91;11.0;all;none;False;1;0;1954.2416375311448;807116
2754800;915890101;91589;91;11.0;some;none;False;1;0;5204.084932878942;807292
2756501;914320101;91432;91;11.0;all;none;False;3;0;2110.7891436389605;807809
2757155;915890114;91589;91;11.0;all;some;False;3;2;5545.512130207453;808016
2758176;914320103;91432;91;11.0;all;none;False;2;0;5391.613499416513;808333
2758984;915890111;91589;91;11.0;some;some;False;1;1;3634.699931700273;808581
2759467;915890108;91589;91;11.0;all;some;False;3;1;3232.8380616552586;808723
2759669;915890114;91589;91;11.0;all;none;False;1;0;6128.916158068754;808787
2759805;915890104;91589;91;11.0;all;none;False;1;0;3731.953466704446;808826
2759848;916790000;91679;91;11.0;all;none;False;2;0;2585.1301532646303;808838
2760054;914320102;91432;91;11.0;some;some;False;1;1;3658.4033869099067;808906
2765174;915890111;91589;91;11.0;none;some;False;0;1;5575.595690320029;810456
2765951;915890114;91589;91;11.0;all;some;False;2;1;4978.404203672085;810689
2766962;915890109;91589;91;11.0;all;none;False;2;0;2282.2553452254547;811008
2769751;914320104;91432;91;11.0;all;all;False;1;1;3258.340218135331;811906
2770456;915890113;91589;91;11.0;all;none;False;2;0;6951.5540877525655;812131
2771541;915890107;91589;91;11.0;all;none;False;2;0;8062.7251134077915;812468
2771825;914320101;91432;91;11.0;all;some;False;2;2;8873.409226211357;812551
2772400;915890106;91589;91;11.0;all;none;False;1;0;870.9648397276079;812718
2772430;914320103;91432;91;11.0;all;none;False;1;0;1860.096497156689;812725
2773003;915890101;91589;91;11.0;some;none;False;1;0;5310.576695765677;812909
2773534;915890106;91589;91;11.0;some;some;False;1;2;2675.4342622359723;813066
2773812;915890109;91589;91;11.0;none;none;False;0;0;2915.2996360028765;813147
2774940;914320104;91432;91;11.0;all;some;False;2;2;5403.748529191028;813481
2775009;915890105;91589;91;11.0;all;all;False;1;2;3900.253775678688;813504
2776019;914320101;91432;91;11.0;all;some;False;2;1;7889.655444895338;813820
2776609;916850000;91685;91;11.0;all;all;False;1;3;2409.7811319133953;813998
2777802;916610102;91661;91;11.0;all;all;False;1;3;2640.9508750368477;814370
2778298;916610101;91661;91;11.0;all;all;False;1;3;403.9528833120535;814513
2780008;916610101;91661;91;11.0;all;some;False;2;2;4485.728140455454;815018
2780720;916610102;91661;91;11.0;all;none;False;1;0;2963.4472752173274;815229
2781031;916850000;91685;91;11.0;all;none;False;3;0;3907.534476440139;815314
2782302;916920107;91692;91;11.0;none;none;False;0;0;1657.084324031232;815681
2782537;913630102;91363;91;11.0;some;none;False;1;0;4556.400772212495;815751
2782835;916920106;91692;91;11.0;all;none;False;3;0;5705.570751065295;815831
2784448;916610102;91661;91;11.0;all;none;False;2;0;4450.668496596627;816304
2785411;916920107;91692;91;11.0;some;none;False;2;0;5055.551732593092;816569
2785741;916850000;91685;91;11.0;some;none;False;1;0;3413.8894970396495;816663
2785955;916920101;91692;91;11.0;some;none;False;1;0;4452.385363720706;816728
2786355;916610103;91661;91;11.0;all;all;False;1;4;5157.459164869948;816839
2787482;916920103;91692;91;11.0;all;all;False;1;1;1596.6090827308358;817160
2788508;916920101;91692;91;11.0;all;all;False;1;2;1248.6129074485846;817458
2789324;916920101;91692;91;11.0;all;all;False;1;3;1745.338303636006;817684
2790198;916920105;91692;91;11.0;all;all;False;1;2;1551.5465428597142;817924
2790751;916920107;91692;91;11.0;some;some;False;2;2;3117.480673715684;818082
2792130;916890000;91689;91;11.0;all;all;False;1;3;4665.795601085972;818474
2792774;916920107;91692;91;11.0;all;all;False;2;3;2071.0032637814907;818663
2792879;916610103;91661;91;11.0;all;none;False;3;0;6740.537249187693;818688
2794235;916920101;91692;91;11.0;none;none;False;0;0;2365.5320055159164;819063
2794242;916920101;91692;91;11.0;all;some;False;2;1;2351.7870262846095;819066
2794620;916920101;91692;91;11.0;some;none;False;1;0;2123.833463506076;819177
2795801;916890000;91689;91;11.0;all;some;False;2;2;4688.886708554587;819518
2797437;916920105;91692;91;11.0;none;none;False;0;0;901.5932035920293;819989
2797940;916920104;91692;91;11.0;all;none;False;1;0;980.9579797104823;820125
2798144;916920102;91692;91;11.0;some;all;False;1;2;2285.2242419828117;820176
2799730;913630102;91363;91;11.0;some;some;False;1;1;3568.9925117156736;820619
2800485;916570109;91657;91;11.0;none;none;False;0;0;1584.946786929115;820841
2802995;916570105;91657;91;11.0;some;none;False;1;0;2264.117246242765;821563
2803059;916570105;91657;91;11.0;none;none;False;0;0;8675.044978644537;821581
2803113;916570107;91657;91;11.0;all;some;False;3;2;611.8865038848685;821596
2803667;916570104;91657;91;11.0;all;some;False;1;2;1971.8323918278302;821763
2803892;916570106;91657;91;11.0;all;some;False;2;1;6910.826017491984;821838
2804685;916570103;91657;91;11.0;some;some;False;1;1;3722.6144552473534;822070
2805049;911910103;91191;91;11.0;some;some;False;1;1;1611.814504067571;822173
2806614;916570109;91657;91;11.0;some;none;False;2;0;6279.234126404913;822632
2807114;916570109;91657;91;11.0;some;some;False;2;1;7705.770573308498;822772
2807471;916570108;91657;91;11.0;all;none;False;1;0;1715.297554413277;822873
2807990;916570106;91657;91;11.0;all;none;False;1;0;4519.365483758642;823015
2808170;916570109;91657;91;11.0;some;some;False;1;2;8724.226975479745;823066
2808573;916570106;91657;91;11.0;all;all;False;1;1;1005.8849126009995;823179
2808791;916570102;91657;91;11.0;some;some;False;3;2;4414.964357332716;823243
2809043;911910102;91191;91;11.0;some;all;False;1;2;4688.504370245963;823317
2809075;911910101;91191;91;11.0;some;all;False;1;3;5522.10159861494;823325
2809084;916570106;91657;91;11.0;all;all;False;2;2;1862.6468143759362;823329
2809535;916570109;91657;91;11.0;all;none;False;1;0;1621.9392598666388;823457
2810721;916570105;91657;91;11.0;all;all;False;1;1;1256.7728974740965;823812
2812252;916570108;91657;91;11.0;none;none;False;0;0;1079.7340417742698;824252
2813508;911910103;91191;91;11.0;all;none;False;1;0;3081.700112502137;824607
2814937;911910104;91191;91;11.0;all;some;False;3;2;9767.69773937877;825026
2815332;916570101;91657;91;11.0;all;some;False;2;2;2928.1587477419807;825139
2816864;912860102;91286;91;11.0;some;none;False;1;0;2592.857407695498;825608
2819558;912860103;91286;91;11.0;some;some;False;1;2;6339.669062341243;826421
2819725;916870111;91687;91;11.0;all;none;False;1;0;1426.2457975245234;826469
2821772;916870107;91687;91;11.0;none;none;False;0;0;2806.8191939530257;827082
2822792;916870103;91687;91;11.0;all;all;False;1;2;3243.1248074799555;827404
2824839;916870103;91687;91;11.0;all;all;False;1;1;2357.1137870540315;828032
2826323;912860107;91286;91;11.0;all;none;False;1;0;6054.325047041473;828495
2826459;912860109;91286;91;11.0;none;none;False;0;0;974.324727175219;828537
2827545;912860103;91286;91;11.0;some;none;False;1;0;3053.5028222853575;828872
2827583;916870112;91687;91;11.0;all;all;False;1;1;1544.638366204352;828887
2828704;916870101;91687;91;11.0;none;none;False;0;0;4121.950725864222;829217
2829257;916870111;91687;91;11.0;all;all;False;1;1;1490.4263913118637;829388
2830488;916870101;91687;91;11.0;all;none;False;1;0;2475.697940307574;829776
2833178;916870109;91687;91;11.0;some;none;False;1;0;3921.404564166544;830622
2835127;916870108;91687;91;11.0;some;none;False;1;0;2249.524380807534;831214
2835491;912860103;91286;91;11.0;none;none;False;0;0;1203.8914490073312;831326
2835563;912860105;91286;91;11.0;some;none;False;1;0;3408.9731906739603;831349
2836918;916870107;91687;91;11.0;none;none;False;0;0;2716.7191677834517;831766
2837087;916870101;91687;91;11.0;none;none;False;0;0;1149.8626341646302;831814
2839548;916910105;91691;91;11.0;all;some;False;1;1;68.27042023156177;832576
2840906;916910107;91691;91;11.0;all;all;False;1;3;4053.402409595844;833014
2847928;916910103;91691;91;11.0;all;none;False;2;0;6148.625210258027;835236
2847986;916910103;91691;91;11.0;all;none;False;2;0;2770.5005390975393;835251
2849785;916910101;91691;91;11.0;none;none;False;0;0;488.1786069380173;835816
2850327;911140102;91114;91;11.0;none;none;False;0;0;2559.3996437536853;835978
2852297;911140102;91114;91;11.0;none;none;False;0;0;2145.974405296823;836575
2852635;911140104;91114;91;11.0;all;none;False;1;0;1796.480834782009;836673
2852927;911140104;91114;91;11.0;some;some;False;3;2;6496.814128446751;836766
2854100;911140104;91114;91;11.0;some;none;False;1;0;3044.31354064774;837129
2854328;911140103;91114;91;11.0;all;all;False;1;1;2410.392784189235;837196
2855307;911140103;91114;91;11.0;none;some;False;0;1;420.43815062812416;837501
2855929;911140102;91114;91;11.0;some;none;False;1;0;4372.371699025082;837690
2856623;911140103;91114;91;11.0;none;none;False;0;0;2757.142708924862;837898
2856816;911140102;91114;91;11.0;some;some;False;1;2;6676.404586038122;837954
2857029;911140103;91114;91;11.0;some;none;False;1;0;5644.540666570545;838019
2857557;911140105;91114;91;11.0;some;all;False;1;5;3825.042317867954;838189
2858478;911140102;91114;91;11.0;all;all;False;1;3;3003.674852398639;838474
2859124;911140101;91114;91;11.0;all;some;False;2;1;6656.308263726864;838675
2859126;911140104;91114;91;11.0;all;all;False;2;2;1932.4399907759384;838676
2859137;911140103;91114;91;11.0;some;all;False;1;2;6725.665737460999;838679
2859607;911140102;91114;91;11.0;some;all;False;1;2;2849.8606759006752;838824
2860226;911140101;91114;91;11.0;all;some;False;1;1;2567.7693228023245;839010
2863174;914210108;91421;91;11.0;some;none;False;1;0;1737.326815810086;839926
2864508;914210105;91421;91;11.0;none;none;False;0;0;7824.73663759548;840350
2866724;914210107;91421;91;11.0;all;none;False;2;0;2629.9588505201095;841042
2868444;914210106;91421;91;11.0;none;none;False;0;0;2529.832128894767;841586
2868508;914210108;91421;91;11.0;none;none;False;0;0;2054.149723192477;841607
2872388;920020107;92002;92;11.0;some;all;False;1;4;5917.94167756609;842833
2872400;920020402;92002;92;11.0;all;none;False;1;0;2617.9912939890964;842837
2872460;920020406;92002;92;11.0;some;some;False;3;1;5280.954860910511;842857
2872986;920020304;92002;92;11.0;all;none;False;2;0;2082.2951457387267;843027
2873160;920020401;92002;92;11.0;all;all;False;1;4;6711.292429090465;843088
2873629;920020104;92002;92;11.0;none;all;False;0;3;3046.5256078439897;843238
2874806;920020406;92002;92;11.0;some;all;False;1;2;3104.4361967474715;843595
2876264;920020303;92002;92;11.0;some;some;False;1;2;11143.260464663252;844061
2876393;920020102;92002;92;11.0;none;none;False;0;0;1512.2353758469949;844101
2876643;920020407;92002;92;11.0;all;some;False;2;2;4001.490223895581;844183
2876689;920020101;92002;92;11.0;some;some;False;2;2;3380.955022693046;844197
2876935;920020402;92002;92;11.0;all;all;False;1;6;3006.2677260471323;844282
2877858;920020105;92002;92;11.0;all;some;False;2;3;5709.919164659496;844593
2878834;920020406;92002;92;11.0;all;all;False;1;2;4983.908495545919;844893
2879074;920020402;92002;92;11.0;all;all;False;1;1;4407.040562958796;844960
2880006;920020406;92002;92;11.0;all;some;False;1;1;6208.082340924595;845261
2880415;920020406;92002;92;11.0;all;none;False;2;0;873.0811994532974;845392
2880573;920020204;92002;92;11.0;none;some;False;0;1;5580.9614279956695;845434
2882319;920020107;92002;92;11.0;none;none;False;0;0;4901.562292926623;845987
2885716;920020101;92002;92;11.0;all;none;False;1;0;1752.0190600993196;847116
2885790;920020203;92002;92;11.0;some;none;False;1;0;12536.856990440674;847140
2886389;920020308;92002;92;11.0;some;some;False;1;2;8918.049407318209;847326
2888385;920020405;92002;92;11.0;some;none;False;2;0;11085.71666328234;847944
2889607;920020407;92002;92;11.0;all;none;False;1;0;3167.932935705249;848344
2889770;920020302;92002;92;11.0;all;none;False;1;0;2683.2583953362105;848390
2890313;920020201;92002;92;11.0;some;some;False;1;2;11790.107981223506;848562
2890882;920020201;92002;92;11.0;all;all;False;2;2;2857.8185761672985;848737
2891026;920020301;92002;92;11.0;all;none;False;1;0;2344.5338017014956;848787
2895149;920020305;92002;92;11.0;all;none;False;2;0;13732.382184249442;850090
2895678;920020103;92002;92;11.0;some;all;False;1;2;2889.464270348221;850257
2898074;920070112;92007;92;11.0;none;none;False;0;0;2918.7244905489156;851017
2898110;920070112;92007;92;11.0;none;all;False;1;2;1127.8884160745145;851028
2898548;920070110;92007;92;11.0;all;some;False;1;3;6083.718975266022;851168
2900983;920140103;92014;92;11.0;none;all;False;1;2;713.8447680796754;851934
2901039;920070117;92007;92;11.0;some;some;False;1;1;3142.484833802893;851953
2902893;920070109;92007;92;11.0;all;all;False;1;2;1767.0421060103695;852541
2903328;920070105;92007;92;11.0;all;all;False;2;2;711.6983389791752;852692
2903976;920070103;92007;92;11.0;some;some;False;1;2;9323.62566222235;852899
2905618;920070106;92007;92;11.0;some;none;False;1;0;4447.703462920983;853410
2906240;920070104;92007;92;11.0;some;all;False;1;4;2245.0243972006483;853633
2906699;920140103;92014;92;11.0;none;none;False;0;0;4914.081274453122;853778
2906933;920070107;92007;92;11.0;all;some;False;2;1;3178.1824435693256;853856
2908214;920140108;92014;92;11.0;some;some;False;1;1;6169.834920918501;854279
2909453;920140107;92014;92;11.0;all;none;False;1;0;4200.721268615662;854666
2910337;920140105;92014;92;11.0;all;all;False;1;2;1280.0812015704428;854954
2911259;920140107;92014;92;11.0;all;all;False;1;2;1818.7853521879294;855254
2912539;920140105;92014;92;11.0;none;none;False;1;0;173.78667833387823;855683
2914038;920070117;92007;92;11.0;some;none;False;1;0;3474.989980660769;856164
2914251;920070111;92007;92;11.0;none;none;False;0;0;1362.0550564582863;856231
2917231;920070111;92007;92;11.0;none;none;False;0;0;1385.0009383596755;857175
2917804;920140108;92014;92;11.0;all;none;False;2;0;1985.3739760861465;857348
2917998;920140104;92014;92;11.0;none;all;False;0;2;7764.876817305142;857413
2918029;920070113;92007;92;11.0;none;none;False;0;0;960.778445960749;857423
2918712;920140103;92014;92;11.0;none;some;False;0;2;2769.749520484971;857644
2919072;920140105;92014;92;11.0;none;all;False;0;1;3324.1540576613475;857765
2920424;920070106;92007;92;11.0;none;none;False;0;0;3169.9202082536767;858202
2924100;920070116;92007;92;11.0;all;all;False;1;2;2235.6099337985975;859397
2924163;920070116;92007;92;11.0;some;some;False;1;1;5433.986654362285;859417
2925243;920070106;92007;92;11.0;all;all;False;2;4;2190.5583613436947;859766
2926680;920720110;92072;92;11.0;all;some;False;3;1;7566.711554414159;860235
2931000;920720106;92072;92;11.0;none;some;False;0;1;12271.787945843493;861626
2931897;920720108;92072;92;11.0;none;none;False;0;0;1.2278182058890463;861898
2931969;920720103;92072;92;11.0;all;all;False;1;2;3810.47892316405;861919
2932082;920720103;92072;92;11.0;all;none;False;1;0;3256.224170038877;861955
2932353;920720110;92072;92;11.0;all;none;False;2;0;5170.7069163814795;862034
2935590;920720104;92072;92;11.0;all;none;False;1;0;4310.269967543698;863017
2936110;920190113;92019;92;11.0;some;all;False;1;2;4023.601146041712;863194
2937521;920600101;92060;92;11.0;some;all;False;1;4;8772.817169964908;863644
2937654;920190111;92019;92;11.0;all;none;False;1;0;478.2520556750044;863688
2937884;920600104;92060;92;11.0;all;some;False;2;2;7485.519701181945;863760
2939255;920600102;92060;92;11.0;none;all;False;0;1;97.22725606965463;864199
2941513;920600107;92060;92;11.0;all;all;False;1;2;2986.3945099652683;864900
2942419;920190104;92019;92;11.0;some;some;False;1;1;128.57425156794758;865191
2942968;920600106;92060;92;11.0;all;none;False;1;0;3946.742255693839;865360
2943411;920190102;92019;92;11.0;all;some;False;2;1;5734.167592014531;865498
2943418;920600107;92060;92;11.0;all;none;False;2;0;3737.0786146601677;865500
2945868;920600108;92060;92;11.0;all;some;False;2;1;3844.2907564137686;866259
2946210;920190113;92019;92;11.0;some;some;False;1;2;9198.368563270447;866365
2947038;920710107;92071;92;11.0;all;some;False;1;2;3396.077219592561;866618
2947064;920190104;92019;92;11.0;all;none;False;1;0;3377.8357778510867;866626
2947699;920190109;92019;92;11.0;none;none;False;0;0;3942.3909663942836;866825
2948003;920190104;92019;92;11.0;all;none;False;2;0;8267.142810126576;866922
2948961;920190102;92019;92;11.0;all;none;False;1;0;1700.281098986037;867229
2949038;920600102;92060;92;11.0;none;none;False;0;0;1574.3601136488303;867252
2949474;920600106;92060;92;11.0;all;all;False;2;1;3653.1821592670176;867394
2951611;920190102;92019;92;11.0;some;none;False;1;0;4473.60472617972;868076
2952158;920190102;92019;92;11.0;all;none;False;1;0;3363.2425524564896;868243
2952586;920190114;92019;92;11.0;some;some;False;1;2;3667.2052996598254;868379
2952755;920600108;92060;92;11.0;all;none;False;2;0;5408.171676756289;868431
2956648;920600106;92060;92;11.0;some;some;False;1;1;9880.509208505795;869654
2957323;920190104;92019;92;11.0;all;all;False;1;2;3506.5995276059302;869856
2958086;920600106;92060;92;11.0;all;none;False;1;0;2992.1111288073116;870099
2961489;920190114;92019;92;11.0;all;all;False;2;2;1824.6980171989157;871156
2962814;920190111;92019;92;11.0;some;none;False;1;0;5985.995779565898;871567
2964505;920710107;92071;92;11.0;some;some;False;1;2;8212.044172093585;872095
2966922;920710107;92071;92;11.0;all;some;False;2;2;12367.015901750801;872856
2970071;920600105;92060;92;11.0;all;none;False;1;0;5304.031681593325;873845
2971987;920600101;92060;92;11.0;all;all;False;2;3;4835.506822179006;874439
2972065;920190104;92019;92;11.0;all;all;False;1;2;3279.111623272819;874458
2972450;920600109;92060;92;11.0;all;all;False;1;3;389.6283649315438;874578
2973233;920320110;92032;92;11.0;some;none;False;1;0;2877.560044708342;874826
2973778;920200111;92020;92;11.0;all;some;False;1;1;3070.394937831766;874988
2976267;920200101;92020;92;11.0;none;none;False;0;0;732.730394283889;875785
2977314;920200101;92020;92;11.0;some;some;False;1;2;6580.466343067047;876100
2978527;920200101;92020;92;11.0;all;all;False;1;4;4061.180031588555;876484
2978960;920320110;92032;92;11.0;all;all;False;1;2;4933.93594692875;876618
2982758;920320107;92032;92;11.0;some;none;False;1;0;14293.239074381234;877844
2983809;920320102;92032;92;11.0;none;none;False;0;0;2367.11924143745;878170
2985297;920200103;92020;92;11.0;none;none;False;0;0;2125.5209648770015;878622
2985902;920320107;92032;92;11.0;some;none;False;1;0;4488.064595813545;878803
2986887;920320107;92032;92;11.0;all;all;False;2;2;1647.7844856178126;879126
2988058;920200109;92020;92;11.0;none;none;False;0;0;1042.0476894530595;879494
2988121;920200109;92020;92;11.0;none;none;False;0;0;2662.4064195449646;879513
2988355;920320102;92032;92;11.0;none;all;False;0;1;2837.210014535216;879592
2988544;920200105;92020;92;11.0;none;none;False;0;0;4161.659350403344;879658
2988937;920320109;92032;92;11.0;some;all;False;1;5;7895.634920755436;879783
2989391;920320107;92032;92;11.0;all;all;False;1;3;1646.0780580951937;879925
2990143;920320106;92032;92;11.0;none;some;False;0;1;4974.345058708412;880154
2990600;920200106;92020;92;11.0;some;none;False;1;0;1686.541786478112;880287
2990835;920200106;92020;92;11.0;some;none;False;2;0;10844.90683456527;880362
2990919;920200109;92020;92;11.0;all;some;False;1;1;7748.187260578047;880393
2998873;920200109;92020;92;11.0;all;none;False;2;0;978.2668292137764;882873
3000100;920200105;92020;92;11.0;all;none;False;1;0;2180.544030296419;883252
3000724;920320105;92032;92;11.0;all;none;False;1;0;3215.967419106484;883451
3002092;920750105;92075;92;11.0;some;some;False;1;1;8123.739023433238;883875
3003422;920230503;92023;92;11.0;all;all;False;1;2;4511.926548174583;884306
3003501;920750109;92075;92;11.0;some;some;False;1;1;2771.7162275801984;884331
3004128;920750108;92075;92;11.0;some;none;False;1;0;4124.7504027346695;884530
3004456;920230201;92023;92;11.0;all;all;False;2;3;5714.085463206015;884632
3004759;920230503;92023;92;11.0;none;none;False;0;0;2314.316797833173;884735
3005096;920230104;92023;92;11.0;some;none;False;1;0;4868.197338259044;884838
3005983;920230303;92023;92;11.0;some;none;False;1;0;1007.5065553212153;885139
3006762;920230507;92023;92;11.0;all;none;False;1;0;1221.9210922156294;885386
3006924;920230401;92023;92;11.0;some;all;False;1;2;1046.8010077546946;885443
3008166;920230505;92023;92;11.0;some;some;False;1;1;3343.9383571754724;885831
3009744;920230301;92023;92;11.0;none;all;False;0;1;1211.1271580701136;886340
3009984;920230501;92023;92;11.0;none;none;False;0;0;4561.953889037826;886417
3011302;920230402;92023;92;11.0;none;none;False;0;0;2384.9007789125826;886832
3011437;920230507;92023;92;11.0;all;some;False;1;2;14790.941076994734;886869
3011684;920230302;92023;92;11.0;some;some;False;1;1;2497.067866890399;886954
3012913;920230302;92023;92;11.0;some;some;False;1;1;8998.896999045397;887356
3014931;920230102;92023;92;11.0;some;some;False;1;2;10892.896828552464;888005
3017556;920750104;92075;92;11.0;none;all;False;0;1;2945.3313809995916;888866
3019981;920230104;92023;92;11.0;none;none;False;0;0;3325.595392942439;889658
3021914;920750111;92075;92;11.0;some;none;False;1;0;6704.495913581608;890277
3024109;920750110;92075;92;11.0;all;none;False;1;0;1407.2093911245518;890971
3024895;920230503;92023;92;11.0;some;some;False;1;1;5271.199239685334;891232
3025047;920750104;92075;92;11.0;none;none;False;0;0;3210.8081291942744;891282
3025447;920230103;92023;92;11.0;none;all;False;0;1;1076.784443723975;891410
3026174;920750104;92075;92;11.0;all;none;False;1;0;3056.461550131265;891631
3026662;920230102;92023;92;11.0;all;all;False;1;3;3558.4295652076644;891791
3027347;920750107;92075;92;11.0;some;some;False;1;3;9464.196559212643;892005
3029135;920750109;92075;92;11.0;all;none;False;1;0;1103.0296128285026;892558
3029382;920750110;92075;92;11.0;some;some;False;1;3;2976.730592900448;892638
3030475;920750104;92075;92;11.0;all;none;False;2;0;166.05408768517236;892979
3030571;920750103;92075;92;11.0;none;some;False;0;1;4485.068067531646;893003
3030981;920750109;92075;92;11.0;some;some;False;1;1;3945.9987354354694;893127
3032287;920230503;92023;92;11.0;some;some;False;1;1;6649.428959170772;893550
3032903;920230104;92023;92;11.0;none;none;False;0;0;2518.2993116895364;893743
3033435;920230303;92023;92;11.0;some;none;False;1;0;8924.381484051682;893908
3034016;920230504;92023;92;11.0;none;all;False;0;1;2163.838868423005;894106
3037667;920750104;92075;92;11.0;none;some;False;0;3;6330.253734526933;895242
3037687;920230102;92023;92;11.0;all;some;False;2;2;2705.3034897473876;895248
3039167;920230303;92023;92;11.0;some;none;False;1;0;7328.63872552789;895725
3043880;920240403;92024;92;11.0;none;none;False;0;0;2232.0732483112447;897226
3045212;920240303;92024;92;11.0;some;none;False;1;0;2484.8337179253763;897672
3045713;920240301;92024;92;11.0;none;none;False;0;0;1330.6180778318505;897819
3046787;920240602;92024;92;11.0;none;all;False;1;1;1900.8596009951802;898176
3046891;920240104;92024;92;11.0;none;none;False;0;0;2459.8079810704585;898207
3048323;920240202;92024;92;11.0;none;none;False;0;0;1155.598988190358;898659
3048533;920240102;92024;92;11.0;none;none;False;0;0;2584.466932223884;898724
3048687;920240104;92024;92;11.0;some;none;False;2;0;5439.788396140438;898772
3049707;920240403;92024;92;11.0;all;some;False;1;2;3570.3403522354893;899097
3049985;920240602;92024;92;11.0;none;none;False;0;0;3923.9291597298743;899185
3051882;920240403;92024;92;11.0;all;none;False;1;0;3491.9664079389267;899778
3056103;920240304;92024;92;11.0;none;all;False;0;2;2450.695681330538;901120
3056137;920240304;92024;92;11.0;some;none;False;1;0;5546.5861480640315;901129
3057447;920240103;92024;92;11.0;none;none;False;0;0;3892.29983645966;901545
3057501;920240504;92024;92;11.0;all;all;False;1;3;1372.4489854400326;901564
3058410;920240203;92024;92;11.0;none;none;False;0;0;3073.0161907928327;901848
3060052;920240504;92024;92;11.0;none;none;False;0;0;2271.2364049120656;902372
3060794;920240503;92024;92;11.0;none;none;False;0;0;6166.878289151182;902611
3061393;920240203;92024;92;11.0;some;some;False;1;1;4965.3375056581435;902808
3062590;920240304;92024;92;11.0;none;none;False;0;0;3236.77487914735;903194
3064281;920240404;92024;92;11.0;none;none;False;0;0;1406.8564604077965;903711
3067243;920240202;92024;92;11.0;all;none;False;1;0;1804.8832289455506;904646
3067351;920240504;92024;92;11.0;none;none;False;0;0;2718.9178418277324;904679
3068084;920240401;92024;92;11.0;none;none;False;0;0;2064.7373009542557;904923
3068765;920240302;92024;92;11.0;some;none;False;1;0;8578.389364865694;905135
3069078;920240304;92024;92;11.0;some;none;False;1;0;6613.318581825918;905234
3069113;920240403;92024;92;11.0;none;all;False;0;1;1957.9609045002624;905246
3071852;920350111;92035;92;11.0;some;some;False;1;2;7237.851944482902;906143
3072133;920090106;92009;92;11.0;all;none;False;2;0;2698.7249041337927;906230
3073973;920350101;92035;92;11.0;some;some;False;1;2;10808.74894126961;906806
3074531;920350108;92035;92;11.0;none;none;False;0;0;2748.598443359676;906987
3074935;920090108;92009;92;11.0;none;none;False;0;0;1302.7878125057143;907116
3075621;920090106;92009;92;11.0;all;none;False;2;0;2698.543117574452;907342
3077508;920090112;92009;92;11.0;all;some;False;2;2;10541.693022277508;907914
3078067;920090112;92009;92;11.0;all;none;False;1;0;2234.3768642854047;908086
3078083;920090103;92009;92;11.0;some;some;False;1;2;7011.789201064108;908090
3078210;920350109;92035;92;11.0;none;none;False;0;0;2018.5257974827116;908131
3079212;920350103;92035;92;11.0;none;none;False;0;0;2337.1995487998342;908446
3079727;920090112;92009;92;11.0;all;all;False;1;2;1445.2116617327124;908607
3080229;920350111;92035;92;11.0;all;none;False;1;0;4118.649688579618;908765
3080918;920350106;92035;92;11.0;some;some;False;1;2;7176.226709958073;908987
3081615;920350108;92035;92;11.0;some;all;False;1;2;2554.4733454354314;909201
3084140;920350101;92035;92;11.0;some;some;False;1;3;8439.77307795192;909980
3084696;920090105;92009;92;11.0;all;all;False;1;1;5922.241920242694;910157
3085209;920090105;92009;92;11.0;some;some;False;1;1;2972.711640000994;910323
3086811;920090110;92009;92;11.0;all;all;False;3;3;1890.1287977729958;910832
3086940;920090105;92009;92;11.0;none;none;False;0;0;2703.6226440826485;910881
3090474;920350105;92035;92;11.0;some;none;False;1;0;4581.087937507824;911979
3091397;920090111;92009;92;11.0;some;none;False;1;0;7685.4899266687735;912254
3091578;920350105;92035;92;11.0;all;none;False;1;0;1552.3947375057196;912311
3091611;920350111;92035;92;11.0;none;none;False;0;0;4426.346131222803;912323
3092831;920350105;92035;92;11.0;none;none;False;0;0;6105.329967474396;912711
3095666;920350102;92035;92;11.0;all;all;False;1;4;4053.084552504248;913613
3096548;920350111;92035;92;11.0;all;some;False;1;2;3460.768489103148;913893
3096584;920090101;92009;92;11.0;none;all;False;0;2;5599.308032988745;913903
3097207;920090104;92009;92;11.0;none;none;False;0;0;2112.856873367508;914088
3097316;920350106;92035;92;11.0;some;some;False;1;1;1975.7803037251597;914126
3098371;920620303;92062;92;11.0;all;none;False;3;0;3826.5296719379044;914460
3098780;920620203;92062;92;11.0;some;some;False;1;3;6109.289666079963;914579
3099579;920620102;92062;92;11.0;all;all;False;1;3;1937.4744770152045;914799
3099746;920620403;92062;92;11.0;none;none;False;0;0;2075.019750796113;914850
3100341;920620101;92062;92;11.0;all;all;False;1;1;2650.3516885393165;915030
3101497;920620101;92062;92;11.0;some;all;False;1;2;5203.26086833532;915374
3102237;920620301;92062;92;11.0;none;all;False;0;1;2549.231821099305;915593
3102444;920620306;92062;92;11.0;all;none;False;1;0;2496.9691231524653;915657
3103003;920620304;92062;92;11.0;some;some;False;1;3;6252.60995946033;915821
3103488;920620306;92062;92;11.0;none;all;False;0;2;1314.3346222880816;915952
3106130;920620205;92062;92;11.0;some;all;False;1;2;4005.3789579811328;916723
3106736;920620402;92062;92;11.0;none;none;False;0;0;2737.5054489517192;916898
3107565;920620101;92062;92;11.0;none;none;False;0;0;4609.021144030567;917150
3108742;920620404;92062;92;11.0;all;none;False;1;0;11152.214762450501;917492
3108856;920620204;92062;92;11.0;none;none;False;0;0;1160.8694396582544;917529
3110234;920620401;92062;92;11.0;all;all;False;2;2;231.35177911249508;917957
3112423;920620204;92062;92;11.0;all;all;False;1;1;1987.5367516039141;918571
3113679;920620404;92062;92;11.0;some;none;False;1;0;269.72044932271524;918933
3118275;;;;;all;all;False;1;2;3973.6583411787947;920268
3118874;920620304;92062;92;11.0;none;none;False;0;0;3424.4682735903316;920448
3120219;920780110;92078;92;11.0;some;none;False;1;0;4791.897951120473;920872
3120922;920360501;92036;92;11.0;all;none;False;1;0;286.31694418761396;921095
3122843;920360502;92036;92;11.0;all;some;False;2;1;3948.160155625092;921693
3123746;920360503;92036;92;11.0;none;none;False;0;0;2047.8809788511776;921993
3125220;920780102;92078;92;11.0;all;some;False;1;3;2856.386608876216;922474
3125573;920780110;92078;92;11.0;some;some;False;1;1;4694.286538709554;922584
3126142;920360501;92036;92;11.0;none;none;False;0;0;3844.5392505742147;922765
3126953;920780103;92078;92;11.0;some;some;False;1;1;3847.5728242992272;923048
3130824;920360402;92036;92;11.0;none;none;False;0;0;4019.6214296631824;924318
3131498;920780108;92078;92;11.0;none;none;False;0;0;3309.089657362213;924535
3133015;920360302;92036;92;11.0;none;none;False;0;0;2135.2303662440368;925008
3135113;920780101;92078;92;11.0;none;none;False;0;0;6717.384137813766;925666
3136421;920360502;92036;92;11.0;some;none;False;1;0;2576.1186740504195;926092
3137557;920360504;92036;92;11.0;all;all;False;1;1;1108.7742506369757;926458
3139569;920360303;92036;92;11.0;all;all;False;1;2;2156.0874147291415;927091
3139744;920780101;92078;92;11.0;none;all;False;0;1;1138.2323742747942;927148
3140643;920780101;92078;92;11.0;some;some;False;1;2;2733.969880859646;927444
3141952;920360403;92036;92;11.0;none;none;False;0;0;2279.295766900897;927860
3142472;920360301;92036;92;11.0;all;none;False;2;0;2683.384138262989;928030
3143263;920360501;92036;92;11.0;all;some;False;1;2;3933.745170015861;928278
3143502;920360502;92036;92;11.0;none;some;False;0;1;3909.348258089291;928358
3145754;920360104;92036;92;11.0;none;none;False;0;0;445.23300571428865;929088
3145867;920360501;92036;92;11.0;all;all;False;1;2;1225.5962573199133;929129
3148549;920780109;92078;92;11.0;none;none;False;0;0;1217.3019563167961;929996
3148746;920360402;92036;92;11.0;some;some;False;1;2;3653.952161830571;930050
3148969;920360403;92036;92;11.0;all;none;False;1;0;2034.430921227184;930118
3149295;920400204;92040;92;11.0;all;none;False;1;0;3069.0630489688347;930222
3150297;920400505;92040;92;11.0;some;some;False;1;2;6896.092693470508;930534
3152978;920400403;92040;92;11.0;all;none;False;1;0;2684.0786497122363;931368
3153734;920400103;92040;92;11.0;some;some;False;1;1;8633.992482297563;931602
3156046;920400103;92040;92;11.0;all;some;False;1;1;2288.784641109023;932321
3158608;920400601;92040;92;11.0;none;none;False;0;0;1777.7021834252312;933166
3159265;920400502;92040;92;11.0;some;none;False;1;0;3634.6300195711765;933370
3159296;920400402;92040;92;11.0;some;some;False;1;2;8761.665755950618;933382
3159506;920400404;92040;92;11.0;all;all;False;1;1;4312.811881648866;933445
3161913;920400402;92040;92;11.0;none;all;False;0;1;2384.7002013755723;934206
3162198;920400402;92040;92;11.0;some;none;False;1;0;5870.696963388651;934298
3164398;920400404;92040;92;11.0;none;none;False;0;0;11696.285924238302;934981
3168021;920400701;92040;92;11.0;none;none;False;0;0;2590.259417851474;936099
3168419;920400301;92040;92;11.0;none;all;False;0;3;11231.087957564165;936223
3170312;920400204;92040;92;11.0;none;none;False;0;0;328.90367831072473;936809
3171177;920400505;92040;92;11.0;all;all;False;2;2;3676.3247192596027;937095
3174692;920400505;92040;92;11.0;none;none;False;0;0;2832.794861504953;938216
3176308;920400601;92040;92;11.0;some;some;False;1;1;8392.23165857968;938728
3178234;920400505;92040;92;11.0;all;none;False;1;0;2740.612680457014;939323
3179043;920400505;92040;92;11.0;none;none;False;0;0;3479.339832407204;939597
3179441;920400201;92040;92;11.0;none;all;False;0;2;3288.2803184321;939717
3183627;920440111;92044;92;11.0;all;all;False;1;2;5708.463571489003;941061
3185653;920440107;92044;92;11.0;some;all;False;1;2;3209.358222849844;941731
3186277;920440110;92044;92;11.0;all;none;False;1;0;5447.652967108034;941930
3188122;920440113;92044;92;11.0;some;some;False;2;1;2607.8403334297773;942554
3188282;920440121;92044;92;11.0;none;all;False;0;1;17.014822718541595;942603
3193774;920440112;92044;92;11.0;all;all;False;1;2;7042.773338603425;944381
3194585;920440104;92044;92;11.0;some;some;False;2;2;9334.582845549652;944651
3194741;920440107;92044;92;11.0;none;none;False;0;0;6791.277756542346;944699
3195319;920440117;92044;92;11.0;none;none;False;0;0;3000.311592963097;944886
3195695;920440108;92044;92;11.0;some;some;False;1;1;2402.489452827362;945008
3195740;920440114;92044;92;11.0;some;none;False;1;0;5656.459505719327;945025
3197047;920440116;92044;92;11.0;some;none;False;1;0;8751.714765786037;945451
3197050;920440110;92044;92;11.0;none;none;False;0;0;3660.9939084809816;945452
3199397;920440115;92044;92;11.0;some;some;False;2;2;1347.3149935660235;946238
3200866;920440104;92044;92;11.0;none;none;False;0;0;1897.186227558693;946703
3202309;920440122;92044;92;11.0;none;all;False;0;1;703.1631410958558;947176
3202877;920440125;92044;92;11.0;all;all;False;1;1;5943.033103330128;947355
3204630;920440110;92044;92;11.0;none;none;False;0;0;2909.0489231168294;947899
3205638;920440115;92044;92;11.0;none;none;False;0;0;4540.628000610557;948250
3206503;920440108;92044;92;11.0;none;none;False;0;0;3455.872954747857;948531
3207217;920440120;92044;92;11.0;all;none;False;1;0;4289.149345946419;948763
3208014;920440104;92044;92;11.0;none;none;False;0;0;1719.03248591552;949031
3209113;920440113;92044;92;11.0;some;some;False;1;2;18377.220584639053;949380
3210627;920440104;92044;92;11.0;none;none;False;0;0;2069.921493989011;949880
3212741;920440112;92044;92;11.0;some;none;False;1;0;4652.512890829764;950567
3214090;920440117;92044;92;11.0;none;none;False;0;0;2234.9536965822217;951007
3214289;920480203;92048;92;11.0;all;none;False;1;0;364.2509053228077;951072
3214398;920480102;92048;92;11.0;none;none;False;0;0;10388.803080281357;951107
3214648;920480209;92048;92;11.0;all;some;False;2;1;10044.036522909359;951191
3215991;920480203;92048;92;11.0;all;some;False;2;2;579.0139526486823;951604
3216166;920480209;92048;92;11.0;some;none;False;1;0;5113.709639601864;951657
3217189;920480102;92048;92;11.0;none;some;False;0;1;5299.3216445679545;951987
3217942;920480102;92048;92;11.0;all;all;False;1;2;234.23783651827426;952216
3218537;920480106;92048;92;11.0;none;none;False;0;0;2602.1111588097724;952407
3220290;920220106;92022;92;11.0;none;none;False;0;0;2815.489397421655;952944
3220451;920480202;92048;92;11.0;none;none;False;0;0;1480.6504406497365;952996
3220939;920480104;92048;92;11.0;some;none;False;1;0;10659.655422495067;953147
3221544;920480205;92048;92;11.0;all;none;False;1;0;1495.194415273003;953329
3221786;920480202;92048;92;11.0;all;none;False;2;0;5750.865154922325;953407
3222148;920480105;92048;92;11.0;some;none;False;1;0;5183.4695756913325;953526
3222432;920480101;92048;92;11.0;none;none;False;0;0;2012.375967720266;953615
3223742;920480210;92048;92;11.0;all;all;False;1;2;5718.316313718344;954014
3224321;920480201;92048;92;11.0;all;all;False;1;3;4636.064580464192;954199
3224555;920480210;92048;92;11.0;all;some;False;1;1;2935.9098724255346;954271
3224878;920480202;92048;92;11.0;none;none;False;0;0;2559.262164109754;954372
3224980;920480203;92048;92;11.0;some;none;False;1;0;115.39163878524725;954402
3226839;920220106;92022;92;11.0;none;none;False;0;0;6.965403827671815;954993
3227978;920480208;92048;92;11.0;all;all;False;1;1;2546.9596148213905;955346
3228184;920480203;92048;92;11.0;all;all;False;1;1;2517.0025972727635;955416
3228249;920480203;92048;92;11.0;all;none;False;1;0;6381.807158346046;955438
3228763;920480105;92048;92;11.0;all;all;False;2;2;3416.9187210530145;955586
3229162;920480202;92048;92;11.0;some;none;False;1;0;3202.027776166057;955713
3230813;920480103;92048;92;11.0;all;all;False;1;2;1983.3178180582872;956232
3231066;920480203;92048;92;11.0;some;some;False;1;1;6850.516109037726;956317
3233178;920480106;92048;92;11.0;all;none;False;1;0;3863.197117550621;956984
3235385;920480206;92048;92;11.0;all;none;False;2;0;3492.987101024545;957675
3237236;920480208;92048;92;11.0;none;none;False;0;0;1323.485811943773;958259
3237283;920480106;92048;92;11.0;all;none;False;1;0;5029.976721042547;958272
3238117;920220104;92022;92;11.0;all;some;False;2;1;4920.110958492076;958540
3238161;920480202;92048;92;11.0;none;none;False;0;0;3097.282246375215;958554
3238199;920220109;92022;92;11.0;none;none;False;0;0;1487.7852718902466;958566
3244938;920490117;92049;92;11.0;none;all;False;0;1;2531.6664006488422;960676
3245396;920460108;92046;92;11.0;all;none;False;1;0;3313.7961066546236;960826
3245568;920460104;92046;92;11.0;none;none;False;0;0;8.341780788489503;960877
3248057;920490101;92049;92;11.0;none;none;False;0;0;1938.897724769698;961671
3248247;920490109;92049;92;11.0;none;none;False;0;0;1838.4453729917125;961736
3248721;920490102;92049;92;11.0;none;all;False;0;2;4475.908860388283;961883
3251005;920490110;92049;92;11.0;none;none;False;0;0;2584.7306269322603;962624
3252508;920460109;92046;92;11.0;some;none;False;1;0;7797.62405401487;963094
3253408;920490107;92049;92;11.0;none;none;False;0;0;7971.509608025911;963367
3253951;920490106;92049;92;11.0;none;all;False;0;1;2284.243180608184;963541
3254991;920460102;92046;92;11.0;none;all;False;0;1;3109.187586060371;963883
3258178;920490117;92049;92;11.0;none;none;False;0;0;4511.729684884362;964895
3260260;920460102;92046;92;11.0;none;all;False;0;1;1661.7643484367657;965564
3260287;920490110;92049;92;11.0;some;some;False;1;3;2499.1473716238984;965575
3260466;920460108;92046;92;11.0;none;none;False;0;0;4592.276254967801;965627
3260521;920490101;92049;92;11.0;some;none;False;1;0;12961.096269472697;965644
3260692;920460102;92046;92;11.0;none;none;False;0;0;5524.684491348694;965696
3260754;920490107;92049;92;11.0;all;none;False;2;0;5320.4938797891145;965715
3261092;920490111;92049;92;11.0;none;none;False;0;0;3907.213263687706;965818
3264208;920490106;92049;92;11.0;none;none;False;0;0;2054.8323752402293;966833
3264760;920490108;92049;92;11.0;none;none;False;0;0;591.4820581273226;967008
3265015;920490111;92049;92;11.0;all;all;False;1;3;1644.2115769890518;967093
3268646;920460104;92046;92;11.0;all;none;False;1;0;3841.542904667261;968256
3269016;920490111;92049;92;11.0;all;none;False;1;0;2310.184711176418;968363
3269399;920460108;92046;92;11.0;none;none;False;0;0;2752.623472315558;968477
3271749;920460104;92046;92;11.0;none;none;False;0;0;1236.910650153047;969242
3273445;920490101;92049;92;11.0;none;none;False;0;0;3483.7706242899703;969773
3273561;920490102;92049;92;11.0;all;none;False;2;0;7997.105567397337;969804
3274773;920490110;92049;92;11.0;none;all;False;0;1;5356.5967089623155;970194
3276738;920490116;92049;92;11.0;all;none;False;1;0;2077.0193360386525;970824
3279371;920460102;92046;92;11.0;none;none;False;0;0;312.3026738458767;971657
3279945;920490110;92049;92;11.0;none;none;False;0;0;3655.874331859349;971835
3280714;920460104;92046;92;11.0;all;none;False;1;0;4299.168741682982;972071
3281309;920460104;92046;92;11.0;all;none;False;1;0;6115.4649788519055;972260
3281864;920460106;92046;92;11.0;some;none;False;1;0;6927.496661392948;972443
3282433;920490104;92049;92;11.0;all;all;False;1;2;4286.733477505574;972619
3283609;920730113;92073;92;11.0;some;none;False;1;0;9656.136353051981;972993
3283772;920730115;92073;92;11.0;none;none;False;0;0;3542.6421043601345;973048
3286417;920730104;92073;92;11.0;none;none;False;0;0;1845.5082712786334;973881
3286455;920730108;92073;92;11.0;some;none;False;3;0;10807.289659643786;973894
3288664;920730103;92073;92;11.0;some;some;False;1;2;14025.211363247508;974607
3292355;920730103;92073;92;11.0;all;all;False;2;4;706.5024406870567;975780
3292537;920730112;92073;92;11.0;none;none;False;0;0;2559.818676751034;975841
3294173;920730108;92073;92;11.0;some;none;False;1;0;5015.418835137047;976352
3294236;920730103;92073;92;11.0;none;none;False;0;0;4011.4239158028986;976372
3295895;920730109;92073;92;11.0;none;all;False;0;1;1787.9363443541097;976905
3298041;920730104;92073;92;11.0;all;all;False;2;4;892.2991791876001;977560
3298097;920730113;92073;92;11.0;all;all;False;1;1;2464.221440680459;977578
3299072;920730109;92073;92;11.0;all;none;False;2;0;6474.640738944308;977884
3299272;920730112;92073;92;11.0;some;all;False;1;3;6635.546124307912;977950
3302637;920730112;92073;92;11.0;none;all;False;0;3;3428.8539413755198;979013
3306017;920510304;92051;92;11.0;all;none;False;2;0;7751.141064393289;980072
3306175;920510201;92051;92;11.0;all;all;False;1;2;3312.842450013521;980121
3306624;920510102;92051;92;11.0;all;some;False;1;1;9905.682485098318;980269
3306673;920510102;92051;92;11.0;all;some;False;3;1;4523.608216892554;980285
3306786;920510402;92051;92;11.0;all;some;False;3;1;139.1767063354927;980323
3308430;920510402;92051;92;11.0;some;some;False;1;1;16597.178015460846;980832
3308617;920510402;92051;92;11.0;some;none;False;1;0;6430.640643460712;980885
3308985;920510304;92051;92;11.0;none;none;False;0;0;5074.132390562127;981000
3312185;920510402;92051;92;11.0;none;all;False;0;1;5091.543874826738;981975
3313205;920510407;92051;92;11.0;all;none;False;2;0;17048.53894526719;982293
3315481;920510407;92051;92;11.0;all;none;False;2;0;9986.806956161088;983010
3315547;920510307;92051;92;11.0;none;none;False;0;0;2675.6273742959297;983032
3315991;920510104;92051;92;11.0;some;some;False;2;1;4118.557428557902;983179
3316307;920510405;92051;92;11.0;none;all;False;0;2;10830.753969627585;983273
3317002;920510104;92051;92;11.0;none;none;False;0;0;6633.072464594124;983489
3317006;920510408;92051;92;11.0;all;all;False;1;2;2200.2525017608045;983491
3317927;920510307;92051;92;11.0;all;none;False;2;0;16997.088634320055;983778
3319355;920510103;92051;92;11.0;none;none;False;0;0;1933.6951170988705;984236
3320041;920510306;92051;92;11.0;none;none;False;0;0;18461.569615989567;984464
3320855;920510401;92051;92;11.0;some;some;False;1;1;34354.82432083162;984713
3323751;920510305;92051;92;11.0;none;none;False;0;0;8990.16019737627;985632
3324320;920510404;92051;92;11.0;all;some;False;1;2;9330.68442964924;985804
3324573;920510308;92051;92;11.0;some;some;False;1;2;4130.769238898157;985885
3326398;920510202;92051;92;11.0;some;all;False;1;2;4938.281944930044;986469
3328277;920510405;92051;92;11.0;all;all;False;1;1;372.3146917667371;987056
3328377;920510405;92051;92;11.0;none;all;False;0;1;2293.5318275211457;987091
3328708;920510301;92051;92;11.0;none;none;False;0;0;2127.024457012159;987206
3328905;920510104;92051;92;11.0;none;none;False;0;0;523.6405260002232;987268
3328939;920510408;92051;92;11.0;none;none;False;0;0;3101.0729486554214;987278
3331860;920510302;92051;92;11.0;all;none;False;1;0;3262.5253659319737;988182
3331869;920510103;92051;92;11.0;some;all;False;1;2;2003.1180828038068;988184
3332762;920510104;92051;92;11.0;none;none;False;0;0;2742.3930948745347;988464
3333323;920510411;92051;92;11.0;all;none;False;1;0;11674.238384309912;988641
3333765;920510306;92051;92;11.0;all;all;False;2;2;814.2115249803704;988774
3334693;920630201;92063;92;11.0;all;some;False;3;1;5743.482703489613;989070
3334825;920630202;92063;92;11.0;none;all;False;0;3;2378.2020439914913;989107
3336734;920630706;92063;92;11.0;none;none;False;0;0;1826.3304127710892;989704
3341020;920630602;92063;92;11.0;some;some;False;1;1;7955.814461456437;991063
3341026;920630302;92063;92;11.0;some;none;False;1;0;5227.225835670747;991064
3341648;920630106;92063;92;11.0;none;none;False;0;0;2117.147162805227;991276
3341952;920630103;92063;92;11.0;all;all;False;2;2;4101.091687049319;991371
3345300;920630701;92063;92;11.0;some;some;False;2;2;6315.9154916760945;992401
3346459;920630801;92063;92;11.0;some;none;False;2;0;7621.48605934022;992756
3348137;920630105;92063;92;11.0;some;all;False;1;3;5698.49069282008;993274
3348679;920630801;92063;92;11.0;all;all;False;3;2;3262.9499736589632;993432
3349490;920630802;92063;92;11.0;all;all;False;1;2;3470.7362277318757;993687
3350402;920630702;92063;92;11.0;some;none;False;1;0;9804.327355672096;993976
3350878;920630301;92063;92;11.0;some;some;False;1;1;5689.176367970984;994128
3352656;920630105;92063;92;11.0;some;some;False;2;3;5211.158099764124;994708
3353320;920630302;92063;92;11.0;all;none;False;1;0;1647.1646034014498;994931
3353863;920630101;92063;92;11.0;none;none;False;0;0;8885.262159418824;995106
3354398;920630802;92063;92;11.0;none;none;False;0;0;5033.369257335861;995269
3354955;920630106;92063;92;11.0;none;none;False;0;0;2320.9800981924873;995441
3355144;920630501;92063;92;11.0;all;all;False;1;1;91.02615194446571;995496
3355807;920630101;92063;92;11.0;none;none;False;0;0;2570.1997407020162;995714
3356708;920630803;92063;92;11.0;some;none;False;1;0;7804.998525693354;996013
3357152;920630106;92063;92;11.0;all;none;False;2;0;12607.516476101582;996169
3360668;920630706;92063;92;11.0;all;some;False;1;3;13940.646165115279;997244
3361867;920630704;92063;92;11.0;some;some;False;1;1;6079.305942963818;997606
3363889;920630504;92063;92;11.0;some;all;False;2;3;6089.892052563556;998237
3364012;920630601;92063;92;11.0;all;none;False;1;0;76.195344275458;998277
3364052;920630105;92063;92;11.0;all;none;False;2;0;4855.239285821781;998290
3365876;920630704;92063;92;11.0;all;none;False;2;0;5626.207892405755;998866
3366091;920630301;92063;92;11.0;all;none;False;2;0;7712.821630825213;998933
3366203;920630503;92063;92;11.0;all;none;False;2;0;2442.8335136655114;998969
3367297;920630202;92063;92;11.0;all;none;False;2;0;3954.7070689202706;999303
3368610;920630601;92063;92;11.0;all;none;False;2;0;2935.288220889158;999718
3368728;920630703;92063;92;11.0;none;none;False;0;0;2218.855268096207;999753
3369144;920630504;92063;92;11.0;all;none;False;1;0;1767.2966879453372;999884
3370477;920330108;92033;92;11.0;all;all;False;1;4;3950.265653675377;1000286
3370596;920640106;92064;92;11.0;all;all;False;1;2;2096.7280275984567;1000325
3370776;920330104;92033;92;11.0;all;none;False;1;0;7661.473914175986;1000376
3370842;920330107;92033;92;11.0;all;all;False;3;3;7144.297151600002;1000398
3371843;920330102;92033;92;11.0;all;some;False;1;1;3113.338685280074;1000703
3373398;920770106;92077;92;11.0;all;none;False;2;0;7350.625325380197;1001163
3374339;920640106;92064;92;11.0;all;some;False;2;1;6620.2637156219;1001433
3375078;920330101;92033;92;11.0;all;all;False;2;2;4666.309837062969;1001655
3375337;920330101;92033;92;11.0;some;none;False;1;0;5508.980264564323;1001726
3375473;920640112;92064;92;11.0;none;all;False;0;1;4962.801138186832;1001766
3375533;920640103;92064;92;11.0;all;all;False;2;4;3147.9093402314056;1001785
3375564;920770104;92077;92;11.0;all;all;False;1;2;7869.000468012929;1001794
3376032;920330101;92033;92;11.0;all;none;False;1;0;2569.763857479804;1001936
3378752;920330101;92033;92;11.0;none;none;False;0;0;7.23103924616594;1002755
3378941;920640108;92064;92;11.0;all;all;False;3;1;2234.1518200473497;1002810
3381551;920640112;92064;92;11.0;none;none;False;0;0;5284.675553142435;1003575
3381606;920330101;92033;92;11.0;all;all;False;1;1;475.90345992255243;1003592
3382144;920770103;92077;92;11.0;all;none;False;1;0;3327.052633330928;1003754
3385252;920640101;92064;92;11.0;none;all;False;0;1;3835.187972620036;1004669
3385979;920640110;92064;92;11.0;all;none;False;2;0;9352.906838248686;1004881
3386329;920770102;92077;92;11.0;all;all;False;1;2;2513.379430471781;1004983
3386499;920640102;92064;92;11.0;none;none;False;0;0;3139.3902222294323;1005032
3386956;920640102;92064;92;11.0;all;none;False;1;0;7551.241558964783;1005163
3387084;920760104;92076;92;11.0;all;none;False;1;0;8859.856663087601;1005200
3389688;920330104;92033;92;11.0;none;none;False;0;0;2652.1851685120423;1005968
3389947;920760104;92076;92;11.0;all;all;False;1;3;10374.278451878112;1006049
3389984;920770103;92077;92;11.0;none;none;False;0;0;5085.980665767929;1006059
3391449;920770106;92077;92;11.0;some;some;False;1;2;1394.5839343114674;1006483
3391800;920760102;92076;92;11.0;all;none;False;2;0;13857.813187700669;1006582
3393123;920330104;92033;92;11.0;some;none;False;1;0;2303.2095753619083;1006971
3393659;920760103;92076;92;11.0;none;none;False;0;0;3069.527595511759;1007136
3395752;920330101;92033;92;11.0;all;some;False;3;2;5509.397766746855;1007762
3396301;920640104;92064;92;11.0;some;some;False;1;2;15597.174015328412;1007926
3396680;920640112;92064;92;11.0;none;all;False;0;1;1686.8083605114505;1008032
3396794;920330108;92033;92;11.0;none;none;False;0;0;5697.758678580629;1008067
3399633;920640105;92064;92;11.0;some;none;False;1;0;3987.5681435459146;1008922
3399989;920040703;92004;92;11.0;none;none;False;0;0;1787.6773631405247;1009038
3400260;920040201;92004;92;11.0;none;none;False;0;0;6868.250703828984;1009123
3400488;920040404;92004;92;11.0;none;none;False;0;0;3010.519419001299;1009197
3401005;920040303;92004;92;11.0;none;none;False;0;0;1876.8236592538929;1009367
3401960;920040201;92004;92;11.0;all;some;False;1;2;8960.69749203948;1009673
3402549;920040301;92004;92;11.0;none;none;False;0;0;255.7163004618771;1009865
3403691;920040102;92004;92;11.0;some;some;False;1;1;2402.8288384997163;1010243
3404280;920040701;92004;92;11.0;all;none;False;1;0;348.597751299135;1010419
3404925;920040706;92004;92;11.0;some;all;False;1;3;9664.605795485322;1010626
3405226;920040702;92004;92;11.0;all;none;False;1;0;2454.216127718858;1010717
3406066;920040707;92004;92;11.0;all;all;False;1;3;1826.482837627401;1010983
3406582;920040301;92004;92;11.0;none;some;False;0;1;2812.161722615516;1011153
3407078;920040403;92004;92;11.0;all;all;False;1;2;2564.664761619033;1011318
3407478;920040707;92004;92;11.0;none;none;False;0;0;1112.3602777863532;1011445
3407597;920040603;92004;92;11.0;none;none;False;0;0;1635.045331215707;1011487
3410190;920040502;92004;92;11.0;some;none;False;1;0;2058.8154824579797;1012307
3410206;920040302;92004;92;11.0;all;all;False;1;1;3012.057186897577;1012312
3410255;920040501;92004;92;11.0;none;none;False;0;0;3036.164345130651;1012325
3410380;920040604;92004;92;11.0;all;some;False;2;1;2836.27851762101;1012363
3410940;920040101;92004;92;11.0;all;all;False;1;2;1540.5134156436172;1012545
3418883;920040604;92004;92;11.0;none;none;False;0;0;5445.77632997769;1015124
3420267;920040707;92004;92;11.0;some;some;False;1;3;7158.321527168607;1015581
3421199;920040304;92004;92;11.0;some;none;False;1;0;12116.790637086146;1015879
3421590;920040101;92004;92;11.0;none;none;False;0;0;4725.527502367443;1016000
3421901;920040504;92004;92;11.0;none;none;False;0;0;1559.8131590647115;1016095
3423089;920040101;92004;92;11.0;some;all;False;1;2;4182.160991358664;1016472
3423976;920040603;92004;92;11.0;all;some;False;2;3;5688.599378201038;1016740
3423982;920040103;92004;92;11.0;all;all;False;1;1;3791.4421227802895;1016741
3426274;920040502;92004;92;11.0;none;some;False;0;2;6593.390510339624;1017476
3426996;920040304;92004;92;11.0;none;none;False;0;0;4395.677711637031;1017709
3427067;920040202;92004;92;11.0;some;some;False;1;1;3163.6469432143626;1017735
3430731;920040401;92004;92;11.0;some;none;False;1;0;5827.326902645347;1018911
3430941;920040502;92004;92;11.0;all;all;False;1;2;2633.828696137719;1018979
3431463;920040706;92004;92;11.0;some;some;False;2;2;8577.988546409322;1019143
3432171;920040302;92004;92;11.0;some;some;False;1;1;3389.859198527728;1019372
3432304;920040404;92004;92;11.0;none;none;False;0;0;1247.891343855433;1019414
3433098;920040603;92004;92;11.0;none;none;False;0;0;2212.0251414413233;1019677
3433845;920040302;92004;92;11.0;none;none;False;0;0;8172.972703669992;1019931
3434882;920040702;92004;92;11.0;all;none;False;1;0;4687.36243670277;1020274
3435342;920040703;92004;92;11.0;all;none;False;1;0;3253.445947273226;1020418
3435722;920040403;92004;92;11.0;all;none;False;1;0;1151.2972495013846;1020535
3436808;920040603;92004;92;11.0;all;none;False;2;0;1673.4160973188277;1020870
3437369;920040101;92004;92;11.0;none;none;False;0;0;3754.7596336032557;1021054
3437595;920040604;92004;92;11.0;all;none;False;1;0;3507.8241548873402;1021124
3438163;920040104;92004;92;11.0;none;none;False;0;0;5929.045836292049;1021300
3438189;920040404;92004;92;11.0;none;all;False;0;1;1008.3803778181938;1021306
3438997;920040702;92004;92;11.0;some;none;False;1;0;10317.803143152982;1021574
3439317;920040104;92004;92;11.0;some;some;False;1;1;5229.3637670156795;1021678
3440182;920040105;92004;92;11.0;none;none;False;0;0;1543.947200270073;1021946
3440660;920120601;92012;92;11.0;all;all;False;1;9;5491.354823653216;1022095
3443356;920120207;92012;92;11.0;some;all;False;1;2;6271.949227796651;1022938
3446378;920120303;92012;92;11.0;some;none;False;1;0;6392.550941713254;1023923
3448060;920120401;92012;92;11.0;none;some;False;0;1;3605.9032560082114;1024462
3448126;920120208;92012;92;11.0;all;none;False;1;0;4897.749823781948;1024488
3449265;920120301;92012;92;11.0;none;none;False;0;0;3799.276310670287;1024855
3449901;920120506;92012;92;11.0;some;all;False;1;2;5065.109069608688;1025062
3450643;920120506;92012;92;11.0;none;none;False;0;0;2043.4524874803678;1025299
3450704;920120504;92012;92;11.0;none;none;False;0;0;1298.1941360136364;1025317
3450987;920120303;92012;92;11.0;all;none;False;1;0;3943.8273571478676;1025407
3450992;920120406;92012;92;11.0;some;none;False;2;0;5615.229002824096;1025408
3451624;920120403;92012;92;11.0;some;all;False;2;3;9313.626310509639;1025611
3452140;920120603;92012;92;11.0;none;all;False;0;1;3586.779406532334;1025778
3452543;920120203;92012;92;11.0;some;none;False;1;0;5810.813792598524;1025910
3453058;920120101;92012;92;11.0;none;none;False;0;0;4853.012091493967;1026065
3456512;920120302;92012;92;11.0;some;none;False;1;0;6750.424223876125;1027184
3457228;920120401;92012;92;11.0;none;all;False;0;1;3386.151065128497;1027420
3457967;920120303;92012;92;11.0;none;none;False;0;0;7443.401011762418;1027657
3458260;920120203;92012;92;11.0;some;none;False;1;0;11384.32069026324;1027752
3458489;920120706;92012;92;11.0;none;none;False;0;0;6157.710452230656;1027831
3458784;920120301;92012;92;11.0;some;none;False;1;0;1600.5251531673212;1027922
3460669;920120107;92012;92;11.0;all;none;False;1;0;3336.2676180408575;1028516
3461670;920120601;92012;92;11.0;all;none;False;3;0;9292.406573853223;1028828
3463848;920120602;92012;92;11.0;some;some;False;2;1;7020.212142036264;1029508
3463889;920120404;92012;92;11.0;none;none;False;0;0;557.2068909122695;1029520
3464037;920120406;92012;92;11.0;some;none;False;1;0;14480.033937646498;1029571
3464559;920120305;92012;92;11.0;some;some;False;1;1;2639.1026429521935;1029737
3464707;920120403;92012;92;11.0;none;none;False;0;0;6235.823988408076;1029789
3465606;920120403;92012;92;11.0;none;all;False;0;1;770.1118369330424;1030080
3465944;920120303;92012;92;11.0;some;some;False;1;1;8302.179674682675;1030182
3468890;920120405;92012;92;11.0;some;some;False;1;2;8534.84537580314;1031142
3468903;920120702;92012;92;11.0;some;all;False;1;3;3900.929721010768;1031148
3469840;920120301;92012;92;11.0;some;none;False;1;0;10118.299513134023;1031454
3470523;920120502;92012;92;11.0;all;all;False;1;2;6888.883404611801;1031669
3470642;920120404;92012;92;11.0;some;some;False;1;4;15715.331056656514;1031706
3471769;920120303;92012;92;11.0;all;all;False;3;2;4819.454602416764;1032063
3472936;920120503;92012;92;11.0;none;none;False;0;0;18117.285544893195;1032426
3473430;920120506;92012;92;11.0;all;none;False;1;0;450.33596379119143;1032575
3473628;920120303;92012;92;11.0;some;none;False;1;0;11647.807269706054;1032642
3475183;920120101;92012;92;11.0;none;none;False;0;0;3861.147075501904;1033133
3481668;920120604;92012;92;11.0;some;some;False;1;2;5049.721318815528;1035211
3486088;920120501;92012;92;11.0;all;some;False;3;2;7150.473702434195;1036656
3486711;920120105;92012;92;11.0;none;none;False;0;0;517.3902939151873;1036852
3487609;920120503;92012;92;11.0;all;all;False;1;2;3686.987259660755;1037151
3488170;920120401;92012;92;11.0;all;all;False;1;2;4322.9887122683685;1037324
3491115;920120403;92012;92;11.0;none;none;False;0;0;1063.8274227448996;1038259
3491283;920120402;92012;92;11.0;none;none;False;0;0;10210.548093391959;1038310
3491506;920120103;92012;92;11.0;all;some;False;2;1;8750.585511463676;1038377
3493261;920120303;92012;92;11.0;some;some;False;1;2;13570.020234655089;1038923
3493497;920120602;92012;92;11.0;none;none;False;0;0;2563.0726930407154;1038994
3494337;920120106;92012;92;11.0;all;some;False;2;1;9773.368201584715;1039274
3495101;920120603;92012;92;11.0;some;none;False;1;0;4596.590664823718;1039517
3495116;920120302;92012;92;11.0;some;some;False;1;3;1773.7980023136784;1039521
3495985;920120707;92012;92;11.0;some;some;False;1;1;1092.2083627797751;1039805
3496062;920120305;92012;92;11.0;all;all;False;1;2;2949.24098985253;1039832
3497046;920120103;92012;92;11.0;none;none;False;0;0;1598.8142240425332;1040145
3497256;920120702;92012;92;11.0;some;all;False;1;3;3486.777955793008;1040215
3497465;920120706;92012;92;11.0;all;all;False;1;2;345.83559007724404;1040288
3498144;920120106;92012;92;11.0;none;none;False;0;0;283.1398589813132;1040506
3499576;920120107;92012;92;11.0;all;none;False;1;0;2457.095975611525;1040955
3500190;920250209;92025;92;11.0;none;none;False;0;0;2575.5874700895806;1041138
3501936;920250210;92025;92;11.0;all;some;False;1;2;1995.220153191361;1041715
3503247;920250401;92025;92;11.0;all;all;False;1;2;1816.2339250863554;1042128
3503256;920250201;92025;92;11.0;all;all;False;1;3;1499.1442434185524;1042131
3503508;920250302;92025;92;11.0;all;none;False;1;0;2806.0672704150998;1042213
3504640;920250211;92025;92;11.0;none;none;False;0;0;2589.0229084534567;1042581
3505511;920250202;92025;92;11.0;none;none;False;0;0;4494.513699714677;1042864
3506494;920250103;92025;92;11.0;all;all;False;1;2;1382.1006516903392;1043172
3509075;920250108;92025;92;11.0;all;none;False;1;0;1958.9317110891704;1044051
3510263;920250211;92025;92;11.0;none;none;False;0;0;3370.655853116139;1044438
3510566;920250211;92025;92;11.0;all;all;False;1;2;2393.448199736825;1044535
3511818;920250104;92025;92;11.0;all;none;False;1;0;2054.7137108315055;1044947
3512383;920250210;92025;92;11.0;none;none;False;0;0;888.4499776004504;1045135
3512727;920250303;92025;92;11.0;all;none;False;1;0;1816.9648273270864;1045244
3514265;920250401;92025;92;11.0;some;none;False;1;0;9008.637897868448;1045737
3520201;920250209;92025;92;11.0;none;none;False;0;0;1872.006971249264;1047642
3520509;920250102;92025;92;11.0;all;all;False;1;2;1025.167118170215;1047738
3520526;920250102;92025;92;11.0;some;none;False;1;0;3770.4558511659448;1047741
3521152;920250201;92025;92;11.0;none;none;False;0;0;3597.6538091586817;1047943
3521864;920250107;92025;92;11.0;some;none;False;1;0;268.82952584651184;1048174
3522625;920250105;92025;92;11.0;some;some;False;1;1;4307.914017490661;1048418
3524828;920250210;92025;92;11.0;none;none;False;0;0;1375.0284182959556;1049134
3525192;920250210;92025;92;11.0;none;none;False;0;0;4256.708908355885;1049262
3525334;920250212;92025;92;11.0;all;all;False;1;1;303.75567564539;1049315
3529798;920250113;92025;92;11.0;none;none;False;0;0;1463.8241288012239;1050707
3529937;920250403;92025;92;11.0;none;none;False;0;0;151.6940709452805;1050748
3531133;920250205;92025;92;11.0;some;some;False;1;2;2587.4364381137734;1051131
3531356;920250403;92025;92;11.0;none;none;False;0;0;688.3306001818321;1051202
3531705;920250302;92025;92;11.0;none;none;False;0;0;4575.152466714782;1051312
3532050;920250304;92025;92;11.0;all;some;False;2;2;6137.440746752468;1051422
3534317;920250206;92025;92;11.0;all;some;False;2;1;6050.070045487247;1052141
3534336;920250113;92025;92;11.0;some;some;False;1;1;1984.5892599967494;1052146
3534429;920250402;92025;92;11.0;none;none;False;0;0;4392.869478574093;1052176
3540628;920260406;92026;92;11.0;some;some;False;1;3;3929.9576436575576;1054204
3541236;920260404;92026;92;11.0;some;some;False;1;1;2973.089668031918;1054386
3543266;920260204;92026;92;11.0;some;some;False;1;1;11931.687834958944;1055041
3543393;920260101;92026;92;11.0;none;none;False;0;0;3025.212683971867;1055082
3545638;920260506;92026;92;11.0;none;none;False;0;0;5696.162868151243;1055804
3546737;920260204;92026;92;11.0;none;none;False;0;0;5765.918828380567;1056154
3547351;920260704;92026;92;11.0;some;none;False;1;0;2335.0613228528855;1056349
3547366;920260103;92026;92;11.0;none;none;False;0;0;5141.406308935906;1056352
3547716;920260405;92026;92;11.0;none;all;False;0;1;4613.323805562304;1056468
3549399;920260405;92026;92;11.0;all;none;False;1;0;4850.007802928221;1057006
3550153;920260506;92026;92;11.0;none;none;False;0;0;446.9093639580696;1057244
3550836;920260405;92026;92;11.0;none;none;False;0;0;3063.460975717687;1057460
3551861;920260602;92026;92;11.0;some;some;False;1;1;2577.164099502602;1057779
3551875;920260204;92026;92;11.0;all;some;False;3;1;1127.88819935604;1057783
3553228;920260303;92026;92;11.0;some;some;False;2;1;124.44306589107316;1058220
3556292;920260101;92026;92;11.0;none;none;False;0;0;1544.0029188657923;1059237
3557887;920260601;92026;92;11.0;none;all;False;0;4;1779.6969789888276;1059755
3558991;920260102;92026;92;11.0;some;none;False;1;0;2184.278165910182;1060101
3561885;920260303;92026;92;11.0;all;all;False;1;1;2142.990140367685;1061051
3562269;920260404;92026;92;11.0;none;all;False;0;1;4853.5452046340015;1061179
3562770;920260704;92026;92;11.0;some;none;False;1;0;18591.859576263847;1061333
3563095;920260701;92026;92;11.0;some;none;False;1;0;3285.5584861681587;1061454
3563152;920260405;92026;92;11.0;none;some;False;0;1;6651.50453023816;1061470
3564570;920260302;92026;92;11.0;some;none;False;1;0;4105.410574356156;1061939
3564700;920260204;92026;92;11.0;all;some;False;2;1;3941.850275244997;1061986
3564791;920260204;92026;92;11.0;all;all;False;2;3;2154.709702897157;1062014
3567337;920260404;92026;92;11.0;none;none;False;0;0;5717.394953001836;1062828
3567802;920260702;92026;92;11.0;none;none;False;0;0;2364.770904001127;1062979
3569267;920260402;92026;92;11.0;none;none;False;0;0;1105.2310226167895;1063459
3569666;920260403;92026;92;11.0;none;none;False;0;0;4406.776059118772;1063594
3569881;920260705;92026;92;11.0;all;none;False;1;0;4301.1554283094465;1063662
3570366;920260101;92026;92;11.0;some;some;False;1;3;4453.946826566135;1063820
3570930;920260506;92026;92;11.0;none;none;False;0;0;2228.733240617155;1064003
3571728;920260705;92026;92;11.0;all;none;False;1;0;2298.66077356431;1064262
3571852;920260203;92026;92;11.0;some;some;False;1;2;1369.7012239574376;1064302
3572965;920260406;92026;92;11.0;none;none;False;0;0;1763.2423224303227;1064670
3572978;920260601;92026;92;11.0;some;none;False;1;0;3290.363348391394;1064675
3573500;920260404;92026;92;11.0;all;none;False;1;0;5529.350841213541;1064840
3576203;920260302;92026;92;11.0;all;some;False;1;2;6248.461020462386;1065741
3578785;920500407;92050;92;11.0;none;all;False;0;1;2741.0889303241784;1066571
3579298;920500103;92050;92;11.0;all;all;False;1;2;111.46178089561127;1066733
3579855;920500401;92050;92;11.0;some;all;False;1;3;1458.926965154268;1066901
3581538;920500501;92050;92;11.0;some;all;False;1;4;2052.1069688442753;1067439
3583303;920500301;92050;92;11.0;none;none;False;0;0;2677.9508090942427;1068011
3585672;920500102;92050;92;11.0;none;none;False;0;0;4004.3731031789857;1068780
3585747;920500403;92050;92;11.0;some;all;False;1;5;4383.363188235091;1068798
3586334;920500602;92050;92;11.0;some;none;False;1;0;2598.6403331521155;1068998
3588930;920500205;92050;92;11.0;none;none;False;0;0;3400.763123407948;1069810
3589204;920500502;92050;92;11.0;none;none;False;0;0;982.382853468641;1069895
3590268;920500206;92050;92;11.0;some;all;False;1;3;3458.322217191869;1070238
3590555;920500606;92050;92;11.0;none;none;False;0;0;3986.75597862304;1070337
3591317;920500802;92050;92;11.0;none;all;False;0;2;1373.487512785736;1070573
3593902;920500301;92050;92;11.0;all;none;False;1;0;992.9105894799209;1071364
3594016;920500206;92050;92;11.0;some;some;False;1;1;4156.745916573394;1071402
3594773;920500703;92050;92;11.0;none;none;False;0;0;2318.1477082669253;1071639
3595334;920500703;92050;92;11.0;none;some;False;0;1;7633.365441963794;1071821
3596526;920500408;92050;92;11.0;none;all;False;0;1;2005.523765721712;1072195
3597117;920500406;92050;92;11.0;none;none;False;0;0;7307.370493750038;1072373
3599994;920500508;92050;92;11.0;all;some;False;1;1;3379.4547141798125;1073270
3601512;920500602;92050;92;11.0;some;none;False;1;0;5748.1355640308575;1073761
3603913;920500702;92050;92;11.0;none;none;False;0;0;1912.1785480699468;1074528
3604203;920500407;92050;92;11.0;some;all;False;1;3;2702.0577136906804;1074611
3604646;920500503;92050;92;11.0;none;none;False;0;0;2704.8123352704674;1074751
3605413;920500101;92050;92;11.0;none;all;False;0;2;2193.5439726983204;1074992
3605755;920500103;92050;92;11.0;some;none;False;1;0;6415.80726883788;1075104
3608173;920500403;92050;92;11.0;all;none;False;1;0;24.32828614826457;1075856
3608440;920500408;92050;92;11.0;none;none;False;0;0;2787.498974497951;1075935
3610619;920500804;92050;92;11.0;none;none;False;0;0;2419.29681987454;1076604
3610811;920500301;92050;92;11.0;some;some;False;1;2;3082.730177737092;1076654
3613177;920500103;92050;92;11.0;some;all;False;1;2;4781.701862315215;1077390
3614082;920500510;92050;92;11.0;some;all;False;1;6;7567.794260729166;1077675
3614455;920500511;92050;92;11.0;none;none;False;0;0;6569.796108961143;1077790
3616783;920500301;92050;92;11.0;all;none;False;2;0;1460.3692794350932;1078517
3616974;920500503;92050;92;11.0;all;none;False;1;0;7375.949343763722;1078571
3619878;930010401;93001;93;11.0;none;none;False;0;0;2043.2729284473976;1079505
3620568;930010801;93001;93;11.0;all;all;False;1;3;1005.8378673535561;1079725
3622607;930010903;93001;93;11.0;none;none;False;0;0;1008.3957656970831;1080426
3622664;930011102;93001;93;11.0;all;none;False;1;0;605.0983734551825;1080445
3623990;930010502;93001;93;11.0;some;none;False;1;0;4985.3730912104875;1080876
3624290;930010401;93001;93;11.0;none;none;False;0;0;725.8497490744612;1080975
3625621;930010503;93001;93;11.0;all;none;False;3;0;61.916854021166586;1081388
3627330;930011001;93001;93;11.0;none;none;False;0;0;1597.303954421821;1081912
3627405;930010603;93001;93;11.0;none;none;False;0;0;471.64369757775114;1081938
3628304;930010801;93001;93;11.0;none;some;False;0;1;3754.8079818004708;1082238
3629371;930011001;93001;93;11.0;some;some;False;1;2;3776.7764130299156;1082568
3630722;930010902;93001;93;11.0;none;none;False;0;0;1769.5086876623734;1083014
3633309;930010402;93001;93;11.0;all;all;False;2;2;1316.8674092909016;1083865
3634112;930010602;93001;93;11.0;none;none;False;0;0;1536.4003610928405;1084133
3634742;930010502;93001;93;11.0;all;none;False;1;0;3809.4420076981546;1084340
3636310;930010502;93001;93;11.0;none;none;False;0;0;1909.957273212553;1084863
3637907;930010502;93001;93;11.0;none;none;False;0;0;2885.127569573151;1085378
3639643;930010901;93001;93;11.0;some;none;False;1;0;2052.7167894519494;1085957
3641900;930010502;93001;93;11.0;none;none;False;0;0;3025.1843585553993;1086717
3642057;930010402;93001;93;11.0;all;none;False;2;0;1358.5925067626226;1086765
3642836;930010603;93001;93;11.0;none;none;False;0;0;549.9133295498505;1087012
3643221;930010402;93001;93;11.0;none;none;False;0;0;3451.362814480183;1087142
3645545;930010402;93001;93;11.0;all;none;False;3;0;1181.683731553553;1087928
3646352;930010902;93001;93;11.0;all;all;False;1;2;438.08512314464724;1088183
3647637;930011201;93001;93;11.0;none;none;False;0;0;1128.4340327532477;1088628
3647861;930010902;93001;93;11.0;all;none;False;2;0;2265.09037995832;1088703
3648087;930010901;93001;93;11.0;all;none;False;2;0;1541.3220670890682;1088773
3648705;930010903;93001;93;11.0;none;none;False;0;0;3399.74502262894;1088973
3648768;930010202;93001;93;11.0;all;none;False;2;0;4142.393504091486;1088994
3648833;930010503;93001;93;11.0;none;all;False;0;1;1198.2031234306385;1089015
3651006;930011001;93001;93;11.0;none;all;False;0;1;47.51488557876983;1089746
3652556;930010401;93001;93;11.0;some;all;False;1;4;2129.2718969853067;1090250
3653718;930050202;93005;93;11.0;none;none;False;0;0;923.4471665043075;1090622
3654463;930050604;93005;93;11.0;none;none;False;0;0;566.8530683649958;1090861
3655025;930050206;93005;93;11.0;all;all;False;1;2;2985.8092288249723;1091046
3655471;930050602;93005;93;11.0;some;none;False;1;0;4396.5460076538775;1091189
3655713;930050103;93005;93;11.0;some;none;False;3;0;3850.096208418865;1091267
3655763;930050301;93005;93;11.0;none;none;False;0;0;1305.3896256000542;1091281
3657961;930050204;93005;93;11.0;none;none;False;0;0;1319.4462583033628;1091989
3658396;930050902;93005;93;11.0;none;none;False;0;0;521.3563931897513;1092117
3659914;930050207;93005;93;11.0;none;all;False;0;1;2546.1683797713968;1092609
3662115;930050802;93005;93;11.0;all;some;False;1;1;4461.014123954382;1093330
3662755;930050103;93005;93;11.0;all;none;False;1;0;688.7031250216414;1093544
3663528;930050602;93005;93;11.0;some;some;False;1;1;413.64390221823373;1093787
3663588;930050901;93005;93;11.0;all;none;False;1;0;1413.7685068579458;1093811
3666219;930050207;93005;93;11.0;all;some;False;1;1;349.2372429214517;1094674
3669413;930050604;93005;93;11.0;some;some;False;1;1;1490.0683170323096;1095714
3669931;930050503;93005;93;11.0;all;all;False;1;2;2366.88122577188;1095870
3671416;930050603;93005;93;11.0;none;none;False;0;0;1736.5294800293125;1096341
3673875;930050501;93005;93;11.0;some;all;False;1;2;14.255898079109915;1097148
3676014;930050601;93005;93;11.0;none;none;False;0;0;975.8299413327024;1097854
3677167;930050502;93005;93;11.0;all;all;False;1;2;582.2450914224769;1098229
3677230;930050302;93005;93;11.0;all;none;False;1;0;1052.5675515417602;1098248
3678031;930050601;93005;93;11.0;all;all;False;1;3;4049.565652473013;1098517
3680341;930050401;93005;93;11.0;none;none;False;0;0;6210.413047490751;1099263
3680356;930050103;93005;93;11.0;all;none;False;2;0;1814.5445415572929;1099267
3680537;930050303;93005;93;11.0;some;some;False;1;1;3552.186173677955;1099331
3680546;930050302;93005;93;11.0;all;all;False;2;4;1465.665536472324;1099335
3681606;930050208;93005;93;11.0;all;none;False;1;0;2722.58945058495;1099673
3682250;930050602;93005;93;11.0;some;none;False;1;0;8523.698446611505;1099886
3682637;930050402;93005;93;11.0;none;none;False;0;0;1925.8860126790357;1100015
3683030;930050502;93005;93;11.0;all;some;False;1;1;5785.455498140862;1100150
3683481;930050604;93005;93;11.0;some;all;False;2;4;2277.8785330160545;1100290
3684072;930050604;93005;93;11.0;some;some;False;1;1;4021.3030643044467;1100484
3685124;930060113;93006;93;11.0;all;none;False;1;0;641.8054137497461;1100821
3685388;930060105;93006;93;11.0;some;some;False;1;1;1692.2090748991066;1100907
3685481;930450110;93045;93;11.0;none;none;False;0;0;4152.827637470334;1100937
3686006;930060115;93006;93;11.0;all;none;False;1;0;1070.1698887922762;1101098
3686135;930450103;93045;93;11.0;none;all;False;0;1;2389.0319184932714;1101139
3687710;930450105;93045;93;11.0;none;none;False;0;0;1468.1898217279838;1101651
3688650;930630104;93063;93;11.0;all;all;False;1;2;4299.655602756066;1101956
3688792;930630107;93063;93;11.0;some;some;False;1;1;1537.9674825338484;1102000
3688891;930060104;93006;93;11.0;all;none;False;2;0;2321.4619708683804;1102030
3691564;930450107;93045;93;11.0;all;all;False;1;2;2339.5385169194674;1102859
3694503;930060111;93006;93;11.0;none;none;False;0;0;1171.9831517910973;1103781
3694676;930060111;93006;93;11.0;some;none;False;1;0;4137.34671719448;1103833
3694734;930060106;93006;93;11.0;none;none;False;0;0;3199.242957372679;1103856
3697057;930060116;93006;93;11.0;some;some;False;1;3;3749.2793655653786;1104605
3698102;930450110;93045;93;11.0;some;some;False;1;1;6026.46606678187;1104938
3698464;930450106;93045;93;11.0;none;none;False;0;0;1023.8456357103905;1105050
3699426;930060104;93006;93;11.0;some;none;False;1;0;3240.957535351291;1105348
3699666;930450105;93045;93;11.0;none;some;False;0;1;2442.7896079942648;1105426
3699724;930060112;93006;93;11.0;all;all;False;1;2;2419.178979750472;1105441
3702083;930630109;93063;93;11.0;all;all;False;1;2;1036.8678925590814;1106158
3702809;930450103;93045;93;11.0;none;none;False;0;0;1626.7688380826537;1106373
3707380;930450101;93045;93;11.0;some;all;False;1;2;4405.861092384294;1107820
3710092;930450108;93045;93;11.0;none;none;False;0;0;3424.8947517248794;1108687
3710206;930630108;93063;93;11.0;none;all;False;1;1;1371.3045847536293;1108727
3711547;930630107;93063;93;11.0;none;none;False;0;0;1357.2520344828151;1109178
3713232;930630107;93063;93;11.0;some;some;False;1;2;3661.458413116931;1109755
3713241;930450110;93045;93;11.0;none;none;False;0;0;1836.6574439914398;1109758
3713535;930450104;93045;93;11.0;all;some;False;3;1;9212.720246075827;1109855
3714392;930630108;93063;93;11.0;all;all;False;1;3;1290.5081054221037;1110132
3714619;930630110;93063;93;11.0;some;some;False;1;1;2534.8038907409773;1110194
3716965;930060110;93006;93;11.0;none;all;False;0;1;1864.310578414681;1110932
3719717;930630105;93063;93;11.0;some;some;False;1;2;4227.287975518022;1111811
3719992;930630105;93063;93;11.0;all;none;False;2;0;1795.065415291203;1111898
3722702;930630103;93063;93;11.0;some;none;False;1;0;2316.242974120339;1112790
3724981;930060113;93006;93;11.0;some;some;False;1;2;6866.102119929996;1113536
3725933;930630102;93063;93;11.0;all;none;False;1;0;2344.519990605764;1113856
3727663;930070112;93007;93;11.0;all;none;False;1;0;2994.959025056788;1114419
3729232;930070118;93007;93;11.0;some;some;False;1;2;937.9746528153498;1114933
3729725;930070113;93007;93;11.0;some;some;False;2;1;4181.530231815055;1115092
3729934;930070107;93007;93;11.0;all;all;False;1;2;888.0542985812747;1115156
3731620;930070101;93007;93;11.0;none;none;False;0;0;1900.6986531897305;1115692
3731758;930070104;93007;93;11.0;none;none;False;0;0;1375.562119509653;1115731
3733279;930070111;93007;93;11.0;some;none;False;1;0;2324.6352556967036;1116215
3734257;930070110;93007;93;11.0;some;some;False;1;2;4381.776794958443;1116506
3734502;930070101;93007;93;11.0;none;none;False;0;0;4985.658138275389;1116593
3734834;930070109;93007;93;11.0;all;none;False;2;0;2517.6258585545834;1116697
3734974;930070114;93007;93;11.0;all;none;False;1;0;1011.3817083315264;1116740
3735352;930070118;93007;93;11.0;all;some;False;2;1;3928.966688169871;1116861
3736667;930070119;93007;93;11.0;all;all;False;1;4;165.35773278483992;1117265
3736686;930070113;93007;93;11.0;some;none;False;1;0;3735.2576012750164;1117271
3739016;930070110;93007;93;11.0;some;some;False;1;1;2371.9521108812114;1118009
3739224;930070104;93007;93;11.0;all;none;False;1;0;2070.965497396561;1118075
3740053;930070117;93007;93;11.0;all;none;False;1;0;667.731076284651;1118346
3740325;930070105;93007;93;11.0;some;none;False;1;0;79.61234220002414;1118434
3741094;930070105;93007;93;11.0;all;all;False;1;4;841.4618029762734;1118679
3741385;930070113;93007;93;11.0;none;none;False;0;0;6912.995001848445;1118779
3742073;930070115;93007;93;11.0;all;some;False;3;1;4038.8010554655275;1119013
3743133;930070113;93007;93;11.0;all;none;False;2;0;5196.715429700116;1119337
3743832;930070119;93007;93;11.0;some;some;False;1;2;1939.829381573091;1119584
3744334;930070101;93007;93;11.0;none;none;False;0;0;2624.6611628329283;1119753
3745095;930070112;93007;93;11.0;some;some;False;1;1;440.2565997832849;1120013
3746793;930070103;93007;93;11.0;none;none;False;0;0;2578.6655889750273;1120575
3746820;930070110;93007;93;11.0;none;none;False;0;0;1434.486808111416;1120584
3748157;930070104;93007;93;11.0;some;some;False;1;1;1595.9848719601814;1121015
3750026;930530115;93053;93;11.0;some;none;False;1;0;2478.6651020005393;1121625
3750484;930530111;93053;93;11.0;none;some;False;1;1;3544.085438230776;1121761
3751375;930530103;93053;93;11.0;none;none;False;0;0;3282.560353794589;1122043
3751696;930530116;93053;93;11.0;none;none;False;0;0;1950.881376867985;1122148
3752072;930530110;93053;93;11.0;some;some;False;1;2;2861.147870763691;1122259
3752574;930530111;93053;93;11.0;none;none;False;0;0;1080.833928493037;1122409
3753485;930530108;93053;93;11.0;all;some;False;3;1;4918.6246414538355;1122709
3753733;930530102;93053;93;11.0;some;some;False;1;3;4987.708134667664;1122793
3753815;930530109;93053;93;11.0;all;some;False;2;2;2483.394641798056;1122820
3753998;930530112;93053;93;11.0;none;all;False;0;3;1114.1004972007297;1122880
3754016;930530107;93053;93;11.0;some;some;False;1;2;4632.354122145658;1122886
3754498;930530101;93053;93;11.0;all;none;False;1;0;3298.150352977346;1123049
3754828;930530113;93053;93;11.0;all;all;False;2;1;1113.4596047522862;1123156
3756383;930530111;93053;93;11.0;none;all;False;0;2;2931.112190989347;1123631
3758217;930530115;93053;93;11.0;none;none;False;0;0;4027.109279684583;1124208
3758405;930530113;93053;93;11.0;none;none;False;0;0;2630.981969840183;1124280
3759117;930530101;93053;93;11.0;all;all;False;2;3;2565.0281958650166;1124507
3759546;930530115;93053;93;11.0;all;all;False;1;3;2375.5853669303615;1124633
3761923;930530106;93053;93;11.0;none;all;False;0;1;1230.1864156742704;1125357
3764512;930530113;93053;93;11.0;some;all;False;1;4;1370.0341694354722;1126201
3767626;930100405;93010;93;11.0;some;all;False;2;5;4521.713632075181;1127161
3768720;930100204;93010;93;11.0;none;none;False;0;0;2741.3353170272644;1127516
3769311;930100404;93010;93;11.0;none;none;False;0;0;543.0279288397551;1127706
3769734;930100204;93010;93;11.0;some;none;False;1;0;547.2561424862974;1127843
3769893;930570106;93057;93;11.0;all;none;False;1;0;2722.419895725408;1127891
3770427;930100404;93010;93;11.0;none;all;False;0;2;834.0761244589838;1128059
3770543;930100201;93010;93;11.0;all;some;False;1;2;2742.8615607182023;1128097
3770899;930100202;93010;93;11.0;all;none;False;1;0;2745.5175464058684;1128219
3771621;930100401;93010;93;11.0;none;none;False;0;0;6231.182549179;1128448
3772191;930100203;93010;93;11.0;all;none;False;1;0;3485.738500637582;1128621
3773150;930100303;93010;93;11.0;all;none;False;1;0;1131.541560290388;1128922
3773320;930100202;93010;93;11.0;none;none;False;0;0;1556.3732960888046;1128971
3774574;930570105;93057;93;11.0;all;all;False;2;5;2560.184874499203;1129364
3776033;930100204;93010;93;11.0;none;none;False;0;0;3263.9358572776146;1129825
3776091;930100204;93010;93;11.0;all;none;False;1;0;1571.2885420979312;1129843
3776202;930100203;93010;93;11.0;some;some;False;1;1;1749.2300198487571;1129878
3776741;930100104;93010;93;11.0;all;some;False;1;2;2307.7030358016777;1130048
3777788;930100401;93010;93;11.0;none;none;False;0;0;4558.898910043834;1130374
3780645;930100304;93010;93;11.0;none;none;False;0;0;2297.523636660538;1131258
3780782;930570105;93057;93;11.0;all;all;False;1;1;2570.89416819025;1131299
3781851;930100404;93010;93;11.0;some;some;False;1;1;1279.0484444271806;1131637
3782638;930100305;93010;93;11.0;some;some;False;1;1;5549.290709399615;1131878
3783592;930570102;93057;93;11.0;none;none;False;0;0;3051.7729433182903;1132193
3784348;930100404;93010;93;11.0;all;all;False;1;2;3084.3397335775144;1132421
3785186;930100301;93010;93;11.0;all;all;False;2;2;2452.8058890497405;1132688
3785202;930100402;93010;93;11.0;some;none;False;2;0;3540.0170836398947;1132693
3787206;930100304;93010;93;11.0;all;some;False;3;2;425.00056530927833;1133311
3787263;930100404;93010;93;11.0;all;none;False;1;0;469.060901279394;1133328
3787781;930100303;93010;93;11.0;none;none;False;0;0;2140.5679728904934;1133492
3790398;930570102;93057;93;11.0;all;some;False;1;2;2134.207351254509;1134296
3791481;930100402;93010;93;11.0;none;some;False;0;1;1352.0481873828476;1134633
3794477;930100305;93010;93;11.0;none;none;False;0;0;4634.363015369234;1135576
3795208;930100203;93010;93;11.0;all;all;False;1;2;2615.034520310797;1135807
3796269;930100103;93010;93;11.0;all;none;False;1;0;464.53117553608666;1136148
3797931;930130102;93013;93;11.0;all;all;False;2;6;8126.558702782775;1136677
3798137;930130105;93013;93;11.0;some;some;False;1;2;3994.955311679537;1136746
3801433;930270111;93027;93;11.0;none;none;False;0;0;2111.170236018905;1137820
3803727;930300104;93030;93;11.0;all;none;False;1;0;1133.9935460303295;1138563
3805181;930300101;93030;93;11.0;some;none;False;1;0;2869.4884535530655;1139032
3805591;930300103;93030;93;11.0;none;none;False;0;0;5588.008212064084;1139164
3808077;930270101;93027;93;11.0;none;some;False;0;1;1521.158566743161;1139959
3808673;930270113;93027;93;11.0;some;some;False;1;1;4110.299240715517;1140135
3808781;930300101;93030;93;11.0;some;some;False;1;1;2158.6971995104414;1140173
3809144;930300102;93030;93;11.0;some;some;False;2;2;6885.642620146394;1140288
3809860;930270103;93027;93;11.0;none;none;False;0;0;2560.9222292640607;1140525
3812470;930270115;93027;93;11.0;none;none;False;0;0;1198.2578317689956;1141391
3813108;930300103;93030;93;11.0;some;some;False;1;1;6153.1628544420755;1141602
3813472;930270113;93027;93;11.0;some;some;False;1;3;3658.5763278923346;1141718
3813543;930270118;93027;93;11.0;some;none;False;1;0;3944.9604499719444;1141746
3816405;930270105;93027;93;11.0;some;some;False;1;1;216.36078391581708;1142661
3816771;930300102;93030;93;11.0;none;none;False;0;0;1830.8365310041358;1142782
3817077;930270118;93027;93;11.0;all;none;False;3;0;2985.155286068744;1142879
3819032;930270117;93027;93;11.0;some;all;False;1;3;4412.851563724888;1143491
3819397;930270109;93027;93;11.0;some;some;False;1;1;3951.077006490814;1143614
3821246;930130102;93013;93;11.0;none;none;False;0;0;1105.450104316211;1144218
3821747;930130105;93013;93;11.0;all;none;False;1;0;2289.4587115019726;1144383
3822764;930300103;93030;93;11.0;all;some;False;2;2;779.3380168545061;1144715
3824229;930790102;93079;93;11.0;some;some;False;1;1;2128.3882708941064;1145174
3826945;930590106;93059;93;11.0;some;none;False;1;0;2698.6300363665255;1145935
3827173;930590106;93059;93;11.0;some;none;False;1;0;614.4733606425136;1146003
3828619;930790103;93079;93;11.0;some;none;False;1;0;3645.956905327453;1146436
3828669;930790105;93079;93;11.0;all;none;False;2;0;1643.359513048972;1146455
3828845;930590108;93059;93;11.0;none;all;False;0;1;748.2623132510564;1146508
3831062;930590109;93059;93;11.0;some;none;False;2;0;9869.07201251;1147126
3832667;930590101;93059;93;11.0;none;none;False;0;0;4520.834406831316;1147604
3833278;930590106;93059;93;11.0;some;some;False;1;1;8523.884420218299;1147779
3833746;930590108;93059;93;11.0;some;none;False;1;0;7498.929393618521;1147917
3834304;930590103;93059;93;11.0;some;none;False;1;0;2157.6292100783203;1148078
3836674;930590104;93059;93;11.0;all;none;False;2;0;4517.675241933069;1148779
3836896;930590109;93059;93;11.0;none;none;False;0;0;1130.1172411889834;1148844
3837414;930590107;93059;93;11.0;some;none;False;1;0;6462.579389571847;1149001
3837671;930590109;93059;93;11.0;none;some;False;0;1;3492.0123869508725;1149079
3837742;930590103;93059;93;11.0;none;none;False;0;0;3443.606519368229;1149097
3837844;930790105;93079;93;11.0;none;none;False;0;0;4191.189797614988;1149126
3838764;930590103;93059;93;11.0;all;all;False;1;2;732.6049615057814;1149393
3839212;930590101;93059;93;11.0;some;none;False;1;0;3975.8680131292285;1149527
3840337;930500109;93050;93;11.0;some;none;False;1;0;5656.028705387878;1149867
3841546;930320114;93032;93;11.0;all;some;False;3;3;6090.523018267897;1150247
3842191;930500102;93050;93;11.0;all;some;False;2;1;3448.365289378267;1150453
3842245;930500105;93050;93;11.0;none;none;False;0;0;2119.9116767586706;1150471
3843042;930320103;93032;93;11.0;all;some;False;2;1;2159.820111069607;1150720
3843160;930320111;93032;93;11.0;some;some;False;1;1;3015.371350776952;1150758
3846363;930500104;93050;93;11.0;none;none;False;0;0;212.02070987135755;1151754
3846619;930500113;93050;93;11.0;none;none;False;0;0;1304.6893500815072;1151826
3847007;930500107;93050;93;11.0;all;none;False;1;0;498.63858252829186;1151957
3847885;930500107;93050;93;11.0;none;none;False;0;0;4227.474880976379;1152225
3849044;930500112;93050;93;11.0;none;some;False;0;1;2871.270116974815;1152599
3850834;930500102;93050;93;11.0;some;some;False;2;1;4447.120650761885;1153174
3850870;930320112;93032;93;11.0;some;some;False;1;1;3889.4755235532148;1153188
3851721;930500108;93050;93;11.0;some;all;False;2;3;4558.784488216106;1153453
3851852;930500102;93050;93;11.0;all;some;False;1;2;4697.261769742949;1153498
3851958;930500114;93050;93;11.0;all;none;False;1;0;2432.4436711113467;1153537
3851976;930500106;93050;93;11.0;some;none;False;1;0;5079.011075759102;1153540
3853168;930320106;93032;93;11.0;none;none;False;0;0;2868.4716099267007;1153923
3853751;930500101;93050;93;11.0;some;some;False;1;2;2344.527010323062;1154115
3854127;930500105;93050;93;11.0;all;all;False;1;5;3839.169135847455;1154243
3855432;930320117;93032;93;11.0;all;none;False;1;0;1550.906197884191;1154661
3857340;930500105;93050;93;11.0;all;none;False;1;0;2163.3834797933278;1155267
3858955;930320111;93032;93;11.0;all;all;False;2;4;1139.777337648087;1155788
3859200;930320116;93032;93;11.0;all;all;False;1;2;2429.4043293526465;1155864
3859304;930320102;93032;93;11.0;all;some;False;2;1;5788.547646188896;1155895
3860306;930320105;93032;93;11.0;some;some;False;1;1;1992.2550599154763;1156211
3864038;930320115;93032;93;11.0;none;none;False;0;0;2290.2182725953803;1157359
3867487;930320105;93032;93;11.0;all;some;False;1;1;2836.263287675461;1158438
3867562;930320112;93032;93;11.0;all;some;False;2;1;1162.763504149839;1158460
3870326;930500102;93050;93;11.0;none;none;False;0;0;3421.6980599308;1159333
3870518;930320112;93032;93;11.0;none;all;False;0;1;301.01293499922923;1159396
3871087;930460113;93046;93;11.0;some;all;False;1;5;2448.2190336792446;1159576
3871794;930140111;93014;93;11.0;none;none;False;0;0;2196.6782757262126;1159783
3874174;930460108;93046;93;11.0;all;all;False;1;4;1836.1358012325584;1160513
3874325;930460118;93046;93;11.0;none;none;False;0;0;3022.3305959450345;1160562
3875353;930460104;93046;93;11.0;some;all;False;1;2;1801.143473128424;1160873
3875395;930460111;93046;93;11.0;all;all;False;1;3;1843.0878138094342;1160886
3876672;930140106;93014;93;11.0;some;some;False;1;1;2687.1399526410332;1161288
3877782;930140112;93014;93;11.0;some;none;False;2;0;2080.328631893535;1161620
3878434;930460110;93046;93;11.0;all;none;False;1;0;4776.043574675824;1161816
3879295;930140105;93014;93;11.0;all;none;False;1;0;1782.1304272474038;1162069
3880078;930460106;93046;93;11.0;all;none;False;3;0;3229.6176996526383;1162304
3880382;930140111;93014;93;11.0;none;none;False;0;0;5635.569503604813;1162402
3880485;930460117;93046;93;11.0;all;none;False;1;0;3232.3003622488463;1162436
3880742;930460114;93046;93;11.0;some;some;False;2;1;2630.7296207480567;1162519
3882776;930140103;93014;93;11.0;all;some;False;1;1;2069.5637390774946;1163141
3883016;930460107;93046;93;11.0;all;some;False;2;2;3025.9226246591547;1163219
3883841;930460109;93046;93;11.0;all;all;False;1;1;1879.5079239207798;1163464
3885709;930460115;93046;93;11.0;all;some;False;2;1;1222.6342652079227;1164026
3887773;930460116;93046;93;11.0;none;none;False;0;0;2173.3339270168917;1164673
3888461;930460112;93046;93;11.0;none;none;False;0;0;7007.858555728522;1164879
3889251;930460112;93046;93;11.0;none;all;False;0;1;2195.5188343987616;1165118
3890275;930460103;93046;93;11.0;all;some;False;2;2;4049.2002341088473;1165434
3893746;930140110;93014;93;11.0;all;none;False;1;0;4153.233228771252;1166527
3893892;930140112;93014;93;11.0;all;all;False;1;2;912.501314616928;1166571
3894103;930140103;93014;93;11.0;some;all;False;1;2;3681.3509920676643;1166637
3894752;930460104;93046;93;11.0;all;all;False;1;5;563.036852610248;1166843
3895179;930460111;93046;93;11.0;all;none;False;1;0;2722.9047277270392;1166970
3895488;930460117;93046;93;11.0;some;some;False;1;1;4997.8922602034345;1167073
3898122;930460116;93046;93;11.0;all;none;False;2;0;2984.3678421691884;1167877
3898451;930460104;93046;93;11.0;none;none;False;0;0;3912.0878604455424;1167974
3898669;930640103;93064;93;11.0;none;all;False;0;6;862.6548985190669;1168042
3900485;930640116;93064;93;11.0;all;none;False;1;0;1413.3170320507595;1168630
3901462;930640110;93064;93;11.0;all;some;False;1;2;2656.6695152855928;1168938
3901828;930640116;93064;93;11.0;none;none;False;0;0;1494.8201444162187;1169055
3903925;930640117;93064;93;11.0;none;none;False;0;0;1507.7274541301445;1169731
3907268;930640110;93064;93;11.0;all;all;False;1;2;2302.6249017482287;1170850
3910844;930640117;93064;93;11.0;some;none;False;1;0;2154.451603534945;1172030
3912589;930640114;93064;93;11.0;all;all;False;1;2;1578.2092374675926;1172604
3916825;930640108;93064;93;11.0;all;none;False;1;0;1337.9464351896042;1174013
3918008;930640107;93064;93;11.0;all;none;False;2;0;4819.919575310566;1174412
3919396;930510101;93051;93;11.0;some;none;False;1;0;2798.444937224456;1174841
3921400;930510502;93051;93;11.0;all;all;False;1;2;1779.2884640423215;1175443
3921457;930510101;93051;93;11.0;all;none;False;1;0;3643.1549979910806;1175463
3922356;930510204;93051;93;11.0;some;none;False;1;0;3680.4149742365616;1175740
3922626;930510502;93051;93;11.0;all;all;False;1;1;1296.0310265589771;1175822
3922707;930510405;93051;93;11.0;all;none;False;1;0;1235.6337589050613;1175847
3922988;930510501;93051;93;11.0;all;all;False;1;1;819.6386283804488;1175929
3924192;930510106;93051;93;11.0;some;none;False;1;0;1357.000647966472;1176306
3927081;930510302;93051;93;11.0;some;none;False;1;0;2016.8115168304887;1177186
3928506;930330102;93033;93;11.0;all;none;False;1;0;4654.982205652416;1177626
3930169;930510101;93051;93;11.0;all;all;False;1;6;9409.627229833157;1178132
3930180;930510204;93051;93;11.0;all;none;False;1;0;1075.9669622673468;1178138
3931720;930510502;93051;93;11.0;all;none;False;2;0;4380.95062368191;1178592
3932153;930510404;93051;93;11.0;some;none;False;1;0;5562.151847472807;1178732
3932822;930510404;93051;93;11.0;none;some;False;0;1;5271.766148630427;1178946
3934235;930330103;93033;93;11.0;some;all;False;1;2;3297.9498059102198;1179385
3936922;930510102;93051;93;11.0;all;none;False;1;0;1933.9539743870105;1180185
3939612;930510401;93051;93;11.0;all;none;False;1;0;3080.251107220016;1180993
3939948;930510102;93051;93;11.0;all;all;False;2;2;1680.646693907957;1181091
3940644;930510501;93051;93;11.0;all;none;False;3;0;2011.8986776147385;1181310
3941545;930330103;93033;93;11.0;some;none;False;1;0;3189.4345184394747;1181559
3942727;930510302;93051;93;11.0;some;all;False;1;2;2447.4700089497896;1181914
3945559;930330103;93033;93;11.0;none;all;False;0;1;2800.3868045054674;1182760
3945628;930510502;93051;93;11.0;none;some;False;0;1;4596.555960736149;1182781
3949829;930510501;93051;93;11.0;all;none;False;1;0;2428.988917131449;1184079
3950171;930510302;93051;93;11.0;all;some;False;1;2;5570.97668622886;1184183
3951075;930510204;93051;93;11.0;all;all;False;3;5;3731.393784981018;1184471
3951271;930510204;93051;93;11.0;none;none;False;0;0;1838.4896580918894;1184527
3951347;930510105;93051;93;11.0;all;none;False;1;0;1674.8954882137339;1184551
3951745;930550101;93055;93;11.0;all;some;False;1;1;1736.0687355654327;1184679
3952063;930550402;93055;93;11.0;none;all;False;0;1;1298.8621407310868;1184787
3952079;930550701;93055;93;11.0;none;none;False;0;0;1558.8182581310489;1184792
3952989;930550801;93055;93;11.0;some;some;False;1;2;9056.828054776002;1185094
3953502;930550502;93055;93;11.0;none;all;False;0;5;6597.647473982537;1185261
3954129;930610103;93061;93;11.0;none;none;False;0;0;1209.694722289033;1185469
3955719;930550301;93055;93;11.0;some;all;False;1;4;2321.36825256591;1185991
3955840;930550802;93055;93;11.0;none;none;False;0;0;2479.6698801459156;1186026
3956333;930550301;93055;93;11.0;none;none;False;0;0;1373.8816176874325;1186185
3956563;930550603;93055;93;11.0;all;all;False;1;2;1093.999137574769;1186260
3958029;930550802;93055;93;11.0;some;some;False;1;1;2081.3322754647247;1186710
3958441;930550701;93055;93;11.0;some;none;False;1;0;5489.076215504476;1186841
3958652;930550801;93055;93;11.0;none;none;False;0;0;3171.3045456628834;1186914
3960702;930550602;93055;93;11.0;all;none;False;1;0;1879.3831751339817;1187573
3962299;930550502;93055;93;11.0;some;none;False;1;0;3935.765924186702;1188097
3962847;930550801;93055;93;11.0;none;none;False;0;0;2282.4942547897026;1188282
3962943;930550701;93055;93;11.0;none;none;False;0;0;3093.8754085094315;1188311
3966467;930610101;93061;93;11.0;none;none;False;0;0;808.4385202135271;1189442
3966622;930550202;93055;93;11.0;all;some;False;2;2;2125.06327237411;1189489
3967545;930550202;93055;93;11.0;none;none;False;0;0;3753.5846547479096;1189775
3968629;930550701;93055;93;11.0;some;none;False;1;0;1542.3571223890438;1190133
3968715;930550801;93055;93;11.0;none;none;False;0;0;1252.5755915599202;1190165
3971352;930550802;93055;93;11.0;some;none;False;1;0;3474.8662920330485;1191019
3971698;930550801;93055;93;11.0;none;none;False;0;0;1816.5612296071486;1191133
3973215;930550502;93055;93;11.0;some;some;False;1;2;4180.881568473075;1191626
3976279;930550602;93055;93;11.0;none;none;False;0;0;427.4838691072447;1192659
3976674;930550101;93055;93;11.0;none;none;False;0;0;3056.1738485153064;1192788
3979914;930550601;93055;93;11.0;all;none;False;2;0;3181.262468537477;1193832
3981243;930550201;93055;93;11.0;some;none;False;1;0;7171.82172502806;1194285
3985219;930550802;93055;93;11.0;some;none;False;1;0;2602.4590842364014;1195622
3985399;930610105;93061;93;11.0;none;all;False;0;6;1296.9113821322135;1195681
3989675;930720109;93072;93;11.0;all;all;False;1;1;1407.4912429630872;1197002
3991777;930720104;93072;93;11.0;none;none;False;0;0;2799.1187869203113;1197700
3992318;930720114;93072;93;11.0;some;none;False;1;0;2305.8408613543747;1197879
3994067;930720103;93072;93;11.0;all;some;False;1;2;4884.362598482721;1198430
3994859;930720109;93072;93;11.0;none;none;False;0;0;1998.7596401948686;1198690
3995795;930720112;93072;93;11.0;none;none;False;0;0;260.66143918028496;1198990
3995797;930720107;93072;93;11.0;some;none;False;1;0;1556.1477399465273;1198991
3996334;930720105;93072;93;11.0;none;none;False;0;0;1041.826968321342;1199165
3997820;930720113;93072;93;11.0;none;none;False;0;0;1408.4125088887695;1199636
3998644;930720105;93072;93;11.0;none;none;False;0;0;3482.61752709547;1199904
3998649;930720112;93072;93;11.0;all;some;False;2;1;1887.1485600006513;1199907
3998763;930720112;93072;93;11.0;none;some;False;0;1;2094.447732679398;1199944
3998942;930720107;93072;93;11.0;none;none;False;0;0;869.8098933899871;1200000
3999358;930720114;93072;93;11.0;all;all;False;2;2;3408.005390756833;1200129
3999385;930720102;93072;93;11.0;none;none;False;0;0;5482.089162408759;1200141
4000644;930700117;93070;93;11.0;none;none;False;0;0;4073.4745345477513;1200532
4002892;930700115;93070;93;11.0;some;some;False;1;2;3059.961834577078;1201230
4003261;930700117;93070;93;11.0;none;some;False;0;1;2724.889140539723;1201348
4004942;930700117;93070;93;11.0;none;none;False;0;0;1541.051826659533;1201887
4005492;930700117;93070;93;11.0;none;none;False;0;0;3342.461239788192;1202053
4006189;930700113;93070;93;11.0;none;none;False;0;0;1141.9790415423777;1202265
4009335;930700116;93070;93;11.0;none;none;False;0;0;5984.859691282198;1203276
4009584;930700102;93070;93;11.0;none;none;False;0;0;1200.9041224716625;1203352
4009876;930700113;93070;93;11.0;none;none;False;0;0;3698.1686841503342;1203446
4010813;930700102;93070;93;11.0;all;some;False;2;1;610.2386451886475;1203731
4013501;930700118;93070;93;11.0;none;none;False;0;0;3389.5460639328767;1204585
4014060;930390103;93039;93;11.0;some;all;False;1;2;2466.7035300707453;1204756
4014122;930700104;93070;93;11.0;some;some;False;2;2;3003.014123464603;1204775
4014184;930700106;93070;93;11.0;none;none;False;0;0;3783.375901824237;1204798
4015612;930700109;93070;93;11.0;none;none;False;0;0;1577.1884707849235;1205269
4015713;930700106;93070;93;11.0;none;none;False;0;0;1476.1584183058949;1205305
4017139;930700117;93070;93;11.0;some;some;False;1;3;6279.26950372104;1205756
4017417;930700109;93070;93;11.0;some;all;False;1;2;5181.93953563367;1205847
4017953;930390102;93039;93;11.0;all;none;False;2;0;1675.395187418244;1206003
4018071;930700109;93070;93;11.0;some;none;False;1;0;124.5238647166173;1206037
4018886;930700116;93070;93;11.0;all;none;False;3;0;2022.0254167296457;1206305
4018933;930700101;93070;93;11.0;all;all;False;1;2;1894.7449726229354;1206322
4021392;930700111;93070;93;11.0;none;none;False;0;0;990.9283294789132;1207091
4022330;930700111;93070;93;11.0;none;none;False;0;0;5766.054406422406;1207381
4023527;930700103;93070;93;11.0;some;none;False;1;0;3528.806075253627;1207764
4024207;930700118;93070;93;11.0;some;none;False;1;0;5614.651113560676;1207978
4025250;930700108;93070;93;11.0;all;some;False;1;2;708.8984691064767;1208300
4025762;930700102;93070;93;11.0;all;all;False;1;2;2436.1139650171012;1208462
4025921;930700106;93070;93;11.0;all;some;False;1;1;2669.8698662232;1208518
4027055;930700104;93070;93;11.0;all;none;False;1;0;1695.7004271361584;1208882
4028425;930710118;93071;93;11.0;all;some;False;1;1;1252.0689861285125;1209325
4029023;930710109;93071;93;11.0;some;some;False;1;1;1440.640716134517;1209517
4031882;930780106;93078;93;11.0;none;none;False;0;0;4665.533162738599;1210416
4032055;930710103;93071;93;11.0;all;none;False;1;0;1886.4010893506254;1210473
4032297;930780115;93078;93;11.0;all;some;False;1;1;1651.9882439908752;1210552
4034045;930780116;93078;93;11.0;some;some;False;1;1;176.2221662790868;1211091
4035127;930780106;93078;93;11.0;none;none;False;0;0;1508.6845634001431;1211429
4035453;930780114;93078;93;11.0;all;some;False;2;2;1757.65991568463;1211536
4037200;930780106;93078;93;11.0;all;none;False;1;0;3863.8134407462408;1212091
4038235;930780116;93078;93;11.0;all;none;False;1;0;1505.9773677852315;1212412
4038419;930710109;93071;93;11.0;none;none;False;0;0;3016.671662635783;1212470
4038563;930710114;93071;93;11.0;some;some;False;3;2;3484.2241598764604;1212517
4039620;930710111;93071;93;11.0;all;none;False;1;0;737.6792387977049;1212863
4039941;930710102;93071;93;11.0;some;some;False;1;1;3387.756268241907;1212967
4043279;930780113;93078;93;11.0;all;none;False;1;0;2413.796464428171;1214027
4044454;930710118;93071;93;11.0;some;none;False;1;0;2886.90950949058;1214399
4045144;930780113;93078;93;11.0;some;some;False;1;1;6803.113654250308;1214628
4045545;930710116;93071;93;11.0;none;none;False;0;0;528.1289639201178;1214754
4045807;930710115;93071;93;11.0;none;some;False;0;1;2555.2670594549027;1214835
4046169;930710121;93071;93;11.0;all;some;False;1;3;6791.563209959214;1214949
4047336;930780109;93078;93;11.0;none;none;False;0;0;2448.3295029031415;1215306
4048444;930710113;93071;93;11.0;some;some;False;1;2;4163.5595516402645;1215667
4048478;930780106;93078;93;11.0;some;some;False;1;1;7253.085115863492;1215676
4049233;930710107;93071;93;11.0;all;some;False;1;2;2116.2187042605537;1215909
4049736;930780116;93078;93;11.0;some;none;False;1;0;7612.857064777525;1216066
4049832;930780113;93078;93;11.0;none;none;False;0;0;1985.516290547112;1216101
4050013;930710118;93071;93;11.0;all;all;False;1;2;1265.3399783284378;1216153
4050564;930710108;93071;93;11.0;none;none;False;0;0;4191.172232252713;1216332
4051057;930710116;93071;93;11.0;some;some;False;2;2;3387.320889845834;1216487
4052126;930780106;93078;93;11.0;all;none;False;1;0;2581.961754914436;1216848
4056440;930780103;93078;93;11.0;all;none;False;1;0;2901.787168295125;1218243
4057957;930780105;93078;93;11.0;all;some;False;1;2;3847.81180851154;1218735
4060119;930470103;93047;93;11.0;none;none;False;0;0;1832.3066912819286;1219392
4060923;930730402;93073;93;11.0;none;none;False;0;0;2353.1834693223896;1219630
4064151;930470110;93047;93;11.0;all;none;False;1;0;2604.753828279098;1220588
4064573;930730301;93073;93;11.0;all;all;False;1;1;1065.4693630831007;1220710
4065040;930730202;93073;93;11.0;none;none;False;0;0;3690.4497304646147;1220851
4065540;930470111;93047;93;11.0;all;all;False;1;3;77.69978242126928;1220996
4065670;930730304;93073;93;11.0;all;none;False;1;0;1429.5654248157439;1221034
4066586;930150000;93015;93;11.0;all;none;False;2;0;4018.00005534259;1221301
4067038;930470111;93047;93;11.0;some;some;False;1;2;2621.449201327578;1221432
4067299;930470103;93047;93;11.0;none;none;False;0;0;7799.887519023377;1221508
4067660;930470109;93047;93;11.0;some;all;False;1;6;4148.769195817979;1221608
4068735;930470107;93047;93;11.0;some;none;False;1;0;4213.293020977183;1221919
4069964;930470108;93047;93;11.0;all;none;False;2;0;3337.7161039841035;1222284
4070048;930470109;93047;93;11.0;all;none;False;3;0;4322.412781975288;1222312
4070055;930730301;93073;93;11.0;none;none;False;0;0;1755.7976876871403;1222315
4070181;930730403;93073;93;11.0;none;none;False;0;0;4778.69228012217;1222354
4071344;930730202;93073;93;11.0;all;none;False;1;0;1497.8478121991047;1222696
4074192;930470104;93047;93;11.0;all;some;False;1;1;3636.3248216617303;1223532
4075409;930470102;93047;93;11.0;all;some;False;1;1;4522.568409467115;1223881
4076617;930730402;93073;93;11.0;some;none;False;1;0;3477.60194798472;1224232
4077508;930470106;93047;93;11.0;some;none;False;1;0;1307.8277673587506;1224488
4078150;930150000;93015;93;11.0;all;some;False;2;2;1106.828678391993;1224686
4079002;930150000;93015;93;11.0;all;none;False;2;0;5621.589855984321;1224948
4079737;930730401;93073;93;11.0;all;some;False;1;1;1845.3182689019384;1225164
4080150;930730301;93073;93;11.0;none;none;False;0;0;1222.1265811697547;1225284
4080283;930470112;93047;93;11.0;all;none;False;2;0;1664.874087534744;1225324
4080441;930730301;93073;93;11.0;all;none;False;1;0;5483.182155418868;1225367
4084071;930730301;93073;93;11.0;some;some;False;1;2;2458.8787220854833;1226450
4086333;930730301;93073;93;11.0;all;some;False;2;1;1451.4956498023325;1227110
4087586;930620105;93062;93;11.0;some;some;False;2;2;16972.91521690545;1227494
4087778;930620104;93062;93;11.0;none;none;False;0;0;2049.6872573103815;1227561
4088042;930490104;93049;93;11.0;all;some;False;2;2;9274.149612216615;1227647
4088445;930770104;93077;93;11.0;all;none;False;1;0;1249.8349285775173;1227781
4088760;930620101;93062;93;11.0;all;some;False;2;1;1581.4472464497712;1227886
4090195;930620103;93062;93;11.0;all;none;False;2;0;4986.697817344423;1228354
4091725;930770105;93077;93;11.0;all;some;False;1;1;4263.650224875162;1228837
4094837;930620103;93062;93;11.0;all;all;False;1;2;571.2378863555386;1229828
4095857;930770109;93077;93;11.0;all;all;False;1;3;11.382074021449858;1230156
4096224;930490101;93049;93;11.0;some;some;False;1;1;5084.496670485896;1230267
4097409;930770112;93077;93;11.0;all;none;False;1;0;2567.7466835457058;1230656
4097791;930490105;93049;93;11.0;none;some;False;0;2;4467.163937906323;1230781
4098706;930620104;93062;93;11.0;none;all;False;0;6;3422.131279929669;1231093
4099896;930620102;93062;93;11.0;all;none;False;1;0;3778.5904108148948;1231466
4100266;930490104;93049;93;11.0;some;none;False;1;0;1970.764179256181;1231584
4102323;930490106;93049;93;11.0;none;all;False;0;1;2069.765712464079;1232262
4105190;930620104;93062;93;11.0;some;none;False;1;0;3194.7045654976714;1233189
4105192;930770111;93077;93;11.0;all;some;False;3;3;3210.4698659047535;1233190
4105680;930770108;93077;93;11.0;all;all;False;1;1;1703.865941387329;1233359
4105758;930490102;93049;93;11.0;all;none;False;2;0;6193.178666561253;1233384
4107993;930490108;93049;93;11.0;none;none;False;0;0;1750.669614606293;1234084
4110639;930620104;93062;93;11.0;all;some;False;3;3;12163.73631261788;1234941
4111059;930770108;93077;93;11.0;all;none;False;1;0;1632.9325392055073;1235081
4111650;930490107;93049;93;11.0;none;none;False;0;0;2825.1066037868713;1235263
4112190;930620104;93062;93;11.0;all;none;False;1;0;5495.995206173279;1235430
4114054;930770108;93077;93;11.0;some;all;False;1;3;2624.574756478224;1236055
4114955;930490106;93049;93;11.0;all;none;False;3;0;1752.5815359421158;1236341
4115199;930490109;93049;93;11.0;none;none;False;0;0;1564.1024435967236;1236425
4115856;930490104;93049;93;11.0;some;all;False;1;2;3168.3174058367013;1236635
4116622;930080114;93008;93;11.0;none;none;False;0;0;1975.5977107938747;1236890
4117180;930080116;93008;93;11.0;none;none;False;0;0;877.8762742868322;1237078
4117394;930080107;93008;93;11.0;some;some;False;1;1;1755.479783369582;1237151
4121335;930080112;93008;93;11.0;none;none;False;0;0;1690.8139905389976;1238482
4121655;930080116;93008;93;11.0;none;none;False;0;0;4932.635189959825;1238601
4122150;930080112;93008;93;11.0;none;none;False;0;0;1298.7945555198278;1238767
4122618;930080106;93008;93;11.0;none;none;False;0;0;6899.289870286626;1238912
4124777;930080111;93008;93;11.0;none;none;False;0;0;2559.0045758819;1239657
4125329;930080101;93008;93;11.0;none;none;False;0;0;800.352767652663;1239843
4125456;930080113;93008;93;11.0;all;none;False;1;0;1216.8127750626963;1239887
4125860;930080107;93008;93;11.0;none;none;False;0;0;3251.817790939433;1240012
4125990;930080101;93008;93;11.0;none;none;False;0;0;3580.4432793660426;1240055
4126027;930080112;93008;93;11.0;none;none;False;0;0;2522.2088018290015;1240070
4126135;930080106;93008;93;11.0;none;none;False;0;0;61.71799992356943;1240110
4126876;930080101;93008;93;11.0;none;none;False;0;0;3383.3601811999815;1240344
4128461;930080114;93008;93;11.0;all;none;False;1;0;1914.0402737939266;1240900
4129345;930080104;93008;93;11.0;none;none;False;0;0;1078.5310632029302;1241206
4130122;930080110;93008;93;11.0;none;none;False;0;0;1404.7725340205661;1241458
4133827;930080117;93008;93;11.0;some;none;False;1;0;2363.821290661956;1242692
4135467;930080111;93008;93;11.0;none;none;False;0;0;1524.0854213446876;1243231
4135615;930080102;93008;93;11.0;some;some;False;2;2;3963.319642233483;1243273
4136725;930290603;93029;93;11.0;some;none;False;1;0;2065.0641289239175;1243645
4137793;930290402;93029;93;11.0;some;none;False;2;0;4306.477835468393;1243980
4141239;930290601;93029;93;11.0;all;all;False;1;2;2444.2928403974365;1245073
4142242;930290803;93029;93;11.0;all;all;False;1;3;2826.2061101285517;1245420
4142848;930290301;93029;93;11.0;some;all;False;1;4;1608.9818025986792;1245614
4143419;930290604;93029;93;11.0;some;none;False;2;0;613.2949510323193;1245798
4144539;930290203;93029;93;11.0;all;some;False;2;1;2896.916692641973;1246150
4145382;930290402;93029;93;11.0;all;none;False;3;0;4153.246661015027;1246433
4146825;930290602;93029;93;11.0;all;all;False;1;5;1586.9141863233472;1246886
4146845;930290702;93029;93;11.0;all;all;False;1;8;2035.065857611864;1246891
4147030;930290802;93029;93;11.0;all;none;False;1;0;2533.43907760221;1246953
4147990;930290403;93029;93;11.0;none;none;False;0;0;4187.325126798431;1247254
4148076;930290904;93029;93;11.0;none;some;False;0;1;3029.1197215022385;1247277
4148601;930290603;93029;93;11.0;all;some;False;2;2;1987.7935021749422;1247442
4149170;930290704;93029;93;11.0;some;none;False;1;0;2041.6716247650572;1247625
4150723;930290801;93029;93;11.0;some;some;False;1;2;3856.3724846902965;1248124
4151534;930290101;93029;93;11.0;all;some;False;1;1;3273.7080723776858;1248377
4152648;930290203;93029;93;11.0;some;none;False;1;0;2059.0025429138022;1248714
4153537;930290203;93029;93;11.0;all;none;False;1;0;2786.992722387204;1248992
4153812;930290203;93029;93;11.0;all;all;False;1;2;970.0630452043813;1249078
4155301;930290101;93029;93;11.0;some;all;False;1;4;5412.110935491984;1249534
4157914;930290102;93029;93;11.0;some;none;False;1;0;2826.417738681657;1250345
4158453;930290603;93029;93;11.0;all;none;False;1;0;1325.5300301634732;1250515
4159170;930290604;93029;93;11.0;some;some;False;1;2;6649.930052694017;1250752
4162951;930290602;93029;93;11.0;all;none;False;1;0;1519.3976913524648;1251950
4164200;930310104;93031;93;11.0;none;none;False;0;0;3110.950530490196;1252336
4164786;930310502;93031;93;11.0;all;none;False;1;0;1070.4703626356652;1252518
4167209;930310201;93031;93;11.0;some;some;False;1;2;4401.356302182201;1253311
4167320;930310601;93031;93;11.0;some;some;False;1;2;3307.585863834642;1253346
4167617;930310601;93031;93;11.0;none;none;False;0;0;1946.2212048236124;1253443
4168365;930310104;93031;93;11.0;all;none;False;1;0;1996.4645442170543;1253682
4168448;930310601;93031;93;11.0;all;none;False;1;0;543.2910873756114;1253708
4169037;930310403;93031;93;11.0;all;all;False;1;3;83.67972455050095;1253894
4170906;930310502;93031;93;11.0;none;none;False;0;0;101.4531058096448;1254462
4174142;930310303;93031;93;11.0;none;none;False;0;0;1378.1407608935942;1255481
4177223;930310104;93031;93;11.0;some;none;False;1;0;6275.3164917051145;1256452
4177895;930310502;93031;93;11.0;none;none;False;0;0;820.3063562743225;1256650
4178465;930310601;93031;93;11.0;none;all;False;0;1;1242.5194512985538;1256841
4179560;930310102;93031;93;11.0;all;some;False;2;1;2069.5720105528026;1257192
4179854;930310104;93031;93;11.0;all;none;False;1;0;1007.370868211872;1257282
4179883;930310102;93031;93;11.0;some;none;False;1;0;1703.8685845694768;1257293
4180076;930310502;93031;93;11.0;none;none;False;0;0;1923.552764976303;1257356
4182751;930310202;93031;93;11.0;none;all;False;1;1;1049.1653752985167;1258201
4183196;930310203;93031;93;11.0;none;none;False;0;0;1227.6941575510402;1258338
4183868;930310601;93031;93;11.0;all;none;False;2;0;2677.9873723949813;1258551
4183871;930310102;93031;93;11.0;none;none;False;0;0;2390.7900407732914;1258552
4184391;930310502;93031;93;11.0;some;none;False;2;0;3500.730305067261;1258726
4184553;930480501;93048;93;11.0;none;all;False;0;2;227.82363066188404;1258781
4184939;930481102;93048;93;11.0;some;none;False;1;0;2438.8749306874734;1258901
4185229;930480101;93048;93;11.0;none;some;False;0;2;2291.903699919207;1258998
4186833;930480103;93048;93;11.0;none;none;False;0;0;1985.5740538693024;1259503
4187881;930480803;93048;93;11.0;none;all;False;0;2;1944.0579852811757;1259849
4188945;930480903;93048;93;11.0;all;none;False;2;0;2288.1136530100143;1260195
4189339;930480704;93048;93;11.0;some;some;False;1;1;11383.566994968274;1260326
4189798;930480202;93048;93;11.0;all;all;False;3;4;770.6946228397236;1260467
4190568;930480205;93048;93;11.0;none;none;False;0;0;1656.7234127747804;1260708
4191149;930481101;93048;93;11.0;none;none;False;0;0;1741.0958218896749;1260889
4191187;930480602;93048;93;11.0;all;all;False;1;2;592.2825831734598;1260901
4191748;930480802;93048;93;11.0;none;none;False;0;0;3487.5674366068306;1261074
4191890;930480603;93048;93;11.0;none;all;False;0;3;2346.5503253174948;1261124
4192421;930480604;93048;93;11.0;all;some;False;1;1;220.16108256884138;1261294
4195037;930480203;93048;93;11.0;none;none;False;0;0;2817.7614512954506;1262120
4195040;930481002;93048;93;11.0;all;some;False;1;1;3548.869535751701;1262122
4195089;930481103;93048;93;11.0;none;none;False;0;0;4048.8839457184695;1262139
4196457;930481101;93048;93;11.0;none;some;False;1;1;245.4581066008222;1262582
4196719;930480401;93048;93;11.0;some;some;False;1;1;8026.270225326111;1262677
4197047;930480603;93048;93;11.0;none;none;False;0;0;2818.2075899787023;1262775
4197292;930480301;93048;93;11.0;all;none;False;1;0;1364.6175949580193;1262856
4197700;930480203;93048;93;11.0;none;none;False;0;0;4215.590708271258;1262984
4198029;930480702;93048;93;11.0;some;some;False;2;1;2499.6963706447295;1263093
4200348;930481101;93048;93;11.0;some;all;False;1;9;4955.057098089968;1263829
4203207;930481105;93048;93;11.0;all;none;False;1;0;1686.0892303728363;1264734
4204726;930480802;93048;93;11.0;none;none;False;0;0;2542.057657200547;1265207
4205032;930480404;93048;93;11.0;none;all;False;0;1;1642.1744320577398;1265306
4205340;930480701;93048;93;11.0;some;none;False;1;0;3540.5490477122703;1265396
4206135;930480404;93048;93;11.0;none;none;False;0;0;2990.25933945164;1265652
4207062;930480604;93048;93;11.0;all;all;False;1;1;1494.913813443279;1265960
4208301;930480601;93048;93;11.0;some;none;False;1;0;2514.9561103177666;1266371
4208716;930480404;93048;93;11.0;none;none;False;0;0;502.5938139301429;1266504
4209061;930480301;93048;93;11.0;all;none;False;2;0;3030.1939132419434;1266620
4210401;930481103;93048;93;11.0;none;none;False;0;0;3484.1571625309266;1267055
4210832;930480202;93048;93;11.0;all;none;False;1;0;172.0109208883939;1267197
4210995;930480903;93048;93;11.0;some;some;False;1;1;9969.428343001278;1267247
4211147;930480903;93048;93;11.0;none;none;False;0;0;4582.345433912988;1267294
4211412;930480204;93048;93;11.0;none;none;False;0;0;3220.1478480189544;1267380
4211440;930480204;93048;93;11.0;none;none;False;0;0;2793.0327734320767;1267388
4211441;930480203;93048;93;11.0;none;all;False;0;1;2089.681318447221;1267389
4212977;930480203;93048;93;11.0;none;none;False;0;0;1610.5535808165719;1267892
4213054;930481103;93048;93;11.0;all;all;False;1;1;1072.9136792214647;1267921
4214208;930480403;93048;93;11.0;none;none;False;0;0;1100.709893453143;1268296
4214918;930481102;93048;93;11.0;some;none;False;1;0;5309.84524326041;1268512
4215285;930481105;93048;93;11.0;none;all;False;0;1;2554.2852127109077;1268637
4215676;930480201;93048;93;11.0;some;all;False;1;3;1450.9600297115162;1268766
4216588;930480502;93048;93;11.0;none;all;False;0;3;3345.8413849978115;1269049
4218067;930480802;93048;93;11.0;some;all;False;1;4;7200.478888410625;1269542
4218557;930481103;93048;93;11.0;some;none;False;1;0;764.4530008368437;1269706
4219333;930480201;93048;93;11.0;none;none;False;0;0;2494.5709009880757;1269956
4222056;930480803;93048;93;11.0;none;none;False;0;0;2066.2743536780936;1270820
4222268;930480202;93048;93;11.0;none;all;False;0;2;4182.313505149194;1270886
4222672;930480302;93048;93;11.0;all;none;False;1;0;1564.2795236517554;1271017
4223403;930481105;93048;93;11.0;some;some;False;1;1;10894.442741874007;1271255
4223750;930480902;93048;93;11.0;none;some;False;0;1;5754.0288071479;1271365
4224381;930480401;93048;93;11.0;some;all;False;2;2;5461.037582601565;1271576
4226268;930480301;93048;93;11.0;some;some;False;1;2;3125.9314001582748;1272158
4226674;930480204;93048;93;11.0;none;none;False;0;0;1052.940314835632;1272295
4227280;930480902;93048;93;11.0;all;all;False;1;3;1302.3616810912815;1272488
4227367;930481103;93048;93;11.0;all;none;False;1;0;3743.8028664736357;1272519
4228118;930480202;93048;93;11.0;none;none;False;0;0;2475.5271649531805;1272771
4228911;930480202;93048;93;11.0;all;none;False;1;0;35.019884501119904;1273021
4229855;930480501;93048;93;11.0;all;none;False;1;0;1620.6397536044374;1273323
4230403;930480703;93048;93;11.0;some;some;False;1;1;3445.202063282685;1273495
4230664;930480104;93048;93;11.0;all;all;False;1;2;563.215536011027;1273581
4231002;930481105;93048;93;11.0;none;none;False;0;0;1857.097933634411;1273685
4231487;930480404;93048;93;11.0;none;none;False;0;0;1636.9674306504287;1273837
4232932;930480101;93048;93;11.0;some;none;False;1;0;6219.319631116348;1274292
4233498;930481105;93048;93;11.0;all;none;False;1;0;3626.0966656479814;1274476
4235113;930661002;93066;93;11.0;none;none;False;0;0;2703.8144441463246;1275010
4236638;930661101;93066;93;11.0;none;none;False;0;0;46.44340772547717;1275516
4237184;930661102;93066;93;11.0;all;all;False;1;2;1110.3366635869918;1275705
4238853;930661003;93066;93;11.0;none;none;False;0;0;1251.1983156638516;1276256
4239189;930661002;93066;93;11.0;all;none;False;1;0;1207.1400452104092;1276368
4239376;930661501;93066;93;11.0;some;none;False;1;0;1367.4008353621673;1276423
4239466;930661103;93066;93;11.0;all;some;False;1;1;2349.2131696199963;1276457
4239830;930660301;93066;93;11.0;all;none;False;1;0;1630.9220417229515;1276571
4239882;930660201;93066;93;11.0;none;some;False;0;1;964.640019965303;1276585
4240203;930660902;93066;93;11.0;none;none;False;0;0;2678.702298834148;1276705
4240229;930660801;93066;93;11.0;none;none;False;0;0;8363.423319066022;1276714
4240612;930661102;93066;93;11.0;none;none;False;0;0;355.7480063849658;1276837
4241713;930660908;93066;93;11.0;none;none;False;0;0;1163.9979819677874;1277205
4242389;930661102;93066;93;11.0;all;none;False;1;0;931.3507033145709;1277430
4242979;930660601;93066;93;11.0;all;all;False;1;1;1092.032320167905;1277614
4243582;930660701;93066;93;11.0;some;some;False;1;1;3050.5642514998226;1277804
4243922;930660201;93066;93;11.0;none;none;False;0;0;4543.949596544296;1277924
4244250;930660802;93066;93;11.0;all;none;False;1;0;1163.4116902797125;1278019
4245368;930660602;93066;93;11.0;all;none;False;1;0;1681.8327267155014;1278383
4245998;930661103;93066;93;11.0;some;some;False;1;2;3222.167951297839;1278589
4247453;930660902;93066;93;11.0;none;none;False;0;0;2749.46572175525;1279067
4247634;930660201;93066;93;11.0;none;none;False;0;0;3336.5764530945376;1279129
4248369;930660908;93066;93;11.0;none;none;False;0;0;2594.930844307677;1279367
4248736;930660904;93066;93;11.0;none;none;False;0;0;1355.341494507316;1279484
4249772;930661103;93066;93;11.0;none;none;False;0;0;895.0212751816778;1279808
4249827;930661001;93066;93;11.0;some;some;False;1;1;3452.5368642706844;1279829
4250218;930660102;93066;93;11.0;all;some;False;1;2;2868.4202761877177;1279949
4251131;930661102;93066;93;11.0;none;none;False;0;0;2339.042533799926;1280237
4251780;930660908;93066;93;11.0;some;some;False;2;2;5771.247775422461;1280446
4251991;930660502;93066;93;11.0;all;all;False;1;2;411.1931376862784;1280516
4252053;930660904;93066;93;11.0;some;some;False;1;1;4444.162536875844;1280534
4252319;930660802;93066;93;11.0;some;all;False;1;2;775.0200424101956;1280621
4253079;930660902;93066;93;11.0;none;none;False;0;0;2022.3653999933545;1280880
4255099;930660901;93066;93;11.0;none;all;False;0;2;1101.5683991052776;1281509
4257299;930660906;93066;93;11.0;some;some;False;1;2;179.5485614215337;1282193
4257444;930660908;93066;93;11.0;none;none;False;0;0;833.73260586986;1282234
4257939;930660905;93066;93;11.0;none;none;False;0;0;2720.251179649794;1282396
4258638;930661103;93066;93;11.0;some;none;False;1;0;2706.6327538172754;1282634
4259426;930660201;93066;93;11.0;some;some;False;1;2;1726.5382320909548;1282886
4259664;930660908;93066;93;11.0;none;none;False;0;0;1390.0989327269267;1282957
4260336;930660302;93066;93;11.0;all;none;False;1;0;5821.474592200075;1283180
4260647;930661001;93066;93;11.0;some;some;False;1;2;4272.059985734681;1283280
4261410;930661002;93066;93;11.0;none;none;False;0;0;1940.3890948675576;1283509
4261413;930660903;93066;93;11.0;none;all;False;0;1;35.82248685590004;1283510
4262216;930660201;93066;93;11.0;none;none;False;0;0;2731.187622320524;1283776
4263237;930660904;93066;93;11.0;none;all;False;0;2;1182.7926967875558;1284109
4263701;930660501;93066;93;11.0;some;none;False;2;0;6935.511348333579;1284264
4263984;930660703;93066;93;11.0;some;all;False;1;5;2657.9605300801027;1284345
4265451;930660504;93066;93;11.0;none;all;False;0;2;1228.919293771741;1284811
4265567;930661001;93066;93;11.0;all;none;False;1;0;977.6033260277441;1284852
4267260;930660802;93066;93;11.0;none;none;False;0;0;1810.4846097011427;1285407
4267265;930660908;93066;93;11.0;none;none;False;0;0;1498.0236702006414;1285409
4268396;930661103;93066;93;11.0;none;none;False;0;0;3464.5848632711277;1285784
4271334;930661101;93066;93;11.0;none;some;False;0;1;1602.198060804218;1286721
4271954;930661103;93066;93;11.0;some;some;False;1;2;1950.9982525722917;1286937
4272611;930660502;93066;93;11.0;some;none;False;1;0;3174.523608777051;1287153
4273351;930660101;93066;93;11.0;none;all;False;0;2;1715.919208447654;1287390
4275547;930660202;93066;93;11.0;some;none;False;1;0;3264.4186510774657;1288109
4277816;930661002;93066;93;11.0;all;all;False;1;1;2508.6943932995996;1288866
4278801;930660301;93066;93;11.0;some;some;False;1;2;3427.9809790096647;1289177
4279861;930661501;93066;93;11.0;none;none;False;0;0;270.8414261993484;1289527
4281703;940020102;94002;94;11.0;none;none;False;0;0;3336.4333652137907;1290124
4283199;940020204;94002;94;11.0;none;none;False;0;0;2509.230207276325;1290589
4284156;940020206;94002;94;11.0;all;some;False;2;1;2782.732775433573;1290898
4284234;940020203;94002;94;11.0;some;some;False;2;1;9018.054786730881;1290921
4284380;940020101;94002;94;11.0;none;none;False;0;0;5804.936571366454;1290971
4285090;940020104;94002;94;11.0;all;none;False;3;0;1872.3643711003424;1291196
4286040;940020203;94002;94;11.0;all;all;False;1;7;3388.7557258924094;1291498
4289761;940020106;94002;94;11.0;all;all;False;1;3;1316.2537695377496;1292642
4291817;940020103;94002;94;11.0;none;none;False;0;0;2267.3063228183846;1293278
4295301;940020204;94002;94;11.0;none;none;False;0;0;2992.285092775836;1294377
4295715;940020109;94002;94;11.0;all;all;False;1;2;1236.1669718927951;1294506
4296161;940020105;94002;94;11.0;some;some;False;1;2;978.2481482400916;1294648
4296672;940020203;94002;94;11.0;none;none;False;0;0;1986.4444457853879;1294813
4297100;940020102;94002;94;11.0;all;none;False;1;0;2388.4756141145854;1294953
4304209;940030106;94003;94;11.0;none;all;False;0;6;1519.941835602092;1297191
4305110;940160101;94016;94;11.0;some;all;False;1;4;5853.016520567879;1297486
4305192;940160101;94016;94;11.0;all;none;False;1;0;2170.914367017026;1297513
4305604;940160108;94016;94;11.0;none;none;False;0;0;2270.2140335852378;1297641
4306660;940160101;94016;94;11.0;all;all;False;1;3;867.5177024764469;1298001
4307736;940030109;94003;94;11.0;some;none;False;2;0;5219.736943311431;1298354
4308430;940160108;94016;94;11.0;none;none;False;0;0;1203.8891784406906;1298570
4308907;940030101;94003;94;11.0;all;none;False;1;0;1534.7991683567677;1298716
4309922;940160111;94016;94;11.0;none;none;False;0;0;2650.8350709952256;1299045
4310002;940030103;94003;94;11.0;none;none;False;0;0;660.3236760674433;1299066
4310221;940160111;94016;94;11.0;none;some;False;0;1;3678.9636693629673;1299139
4310504;940030105;94003;94;11.0;some;all;False;1;2;3547.4502656812483;1299234
4311626;940030105;94003;94;11.0;none;none;False;0;0;1662.4269881425691;1299596
4312485;940030105;94003;94;11.0;some;none;False;1;0;4870.601967715631;1299878
4312734;940160109;94016;94;11.0;none;all;False;0;2;2861.2020384580537;1299959
4313157;940160111;94016;94;11.0;none;none;False;0;0;108.65097062903784;1300100
4313238;940160111;94016;94;11.0;none;none;False;0;0;2367.9785421594142;1300129
4314329;940160111;94016;94;11.0;none;none;False;0;0;4561.845447438295;1300485
4315043;940160105;94016;94;11.0;some;none;False;1;0;3090.1094876627876;1300718
4316849;940030108;94003;94;11.0;some;some;False;1;2;7509.954791990135;1301281
4317358;940160105;94016;94;11.0;all;all;False;1;1;3740.4789292794326;1301447
4318738;940160111;94016;94;11.0;some;all;False;1;2;956.9680460518485;1301886
4318789;940030101;94003;94;11.0;none;none;False;0;0;3196.6919325008466;1301902
4319402;940160111;94016;94;11.0;none;none;False;0;0;986.8013132593816;1302103
4319730;940160104;94016;94;11.0;all;all;False;1;2;1520.6309223140393;1302214
4320002;940030103;94003;94;11.0;none;none;False;0;0;1294.530639904497;1302300
4321265;940030104;94003;94;11.0;some;some;False;1;3;10348.93905873343;1302708
4322078;940160108;94016;94;11.0;some;none;False;1;0;4667.1288879370695;1302965
4322579;940030102;94003;94;11.0;none;none;False;0;0;1216.8437640045772;1303128
4323391;940030102;94003;94;11.0;none;none;False;0;0;4108.323450870206;1303388
4323820;940160103;94016;94;11.0;some;none;False;1;0;8429.653342506836;1303526
4325570;940160101;94016;94;11.0;none;none;False;0;0;4103.100327967348;1304081
4325721;940160111;94016;94;11.0;none;all;False;0;1;980.0629933152844;1304122
4326489;940160105;94016;94;11.0;all;some;False;2;2;4865.981925127309;1304361
4327449;940190105;94019;94;11.0;all;all;False;2;3;1554.3518152737026;1304675
4327687;940190101;94019;94;11.0;none;none;False;0;0;410.0372295407023;1304752
4328174;940190107;94019;94;11.0;some;none;False;1;0;3832.5804579581627;1304906
4328330;940190105;94019;94;11.0;all;none;False;1;0;1868.863534667838;1304957
4328861;940190101;94019;94;11.0;none;none;False;0;0;80.42977894890235;1305116
4330678;940190101;94019;94;11.0;none;none;False;0;0;1881.8165551008306;1305710
4333131;940190104;94019;94;11.0;some;some;False;1;1;6749.894000607374;1306501
4335106;940420106;94042;94;11.0;all;none;False;1;0;2240.2317919526113;1307135
4337918;940180110;94018;94;11.0;none;all;False;0;1;2969.7216266654113;1308055
4340402;940180101;94018;94;11.0;none;none;False;0;0;2339.310807784502;1308852
4341520;940690101;94069;94;11.0;none;none;False;0;0;1581.9098205074886;1309192
4342602;940180108;94018;94;11.0;some;none;False;1;0;4375.4625255839555;1309540
4343166;940180105;94018;94;11.0;some;none;False;1;0;8386.998342787068;1309730
4343488;940180101;94018;94;11.0;all;none;False;4;0;356.4578879701104;1309822
4343973;940180104;94018;94;11.0;all;none;False;2;0;7992.031454431006;1309984
4346945;940690102;94069;94;11.0;none;none;False;0;0;2624.5790741976452;1310910
4347543;940420103;94042;94;11.0;none;none;False;0;0;3558.856212916143;1311109
4349638;940690103;94069;94;11.0;none;all;False;0;2;3153.4658135793416;1311789
4350946;940690102;94069;94;11.0;some;some;False;1;1;4559.82482239457;1312193
4354911;940180103;94018;94;11.0;all;some;False;1;1;2808.615714924772;1313498
4356239;940420107;94042;94;11.0;all;all;False;1;2;4181.363520248225;1313933
4358712;940180102;94018;94;11.0;all;some;False;2;1;2266.1033029025402;1314747
4359779;940420101;94042;94;11.0;all;all;False;2;4;2156.135772303029;1315073
4359989;940420104;94042;94;11.0;some;some;False;1;1;6846.462220727874;1315137
4360805;940180107;94018;94;11.0;some;none;False;1;0;4750.305906984582;1315403
4361495;940180103;94018;94;11.0;all;all;False;2;3;2643.956584188209;1315623
4362599;940180104;94018;94;11.0;all;all;False;1;1;1395.614649520372;1315980
4363326;940180108;94018;94;11.0;none;none;False;0;0;2293.522088209231;1316215
4363528;940420101;94042;94;11.0;none;none;False;0;0;6137.314327088042;1316285
4364698;940180110;94018;94;11.0;all;some;False;2;1;2460.990471786506;1316662
4365022;940220110;94022;94;11.0;none;none;False;0;0;3661.4198020114773;1316777
4365178;940220201;94022;94;11.0;all;all;False;1;1;1099.0141098201784;1316830
4366144;940220107;94022;94;11.0;none;none;False;0;0;4585.964235930894;1317141
4366280;940220203;94022;94;11.0;none;none;False;0;0;1500.975921660654;1317187
4367708;940220205;94022;94;11.0;some;none;False;1;0;5005.048290147756;1317664
4367731;940220204;94022;94;11.0;none;none;False;0;0;3381.552399745149;1317669
4369705;940220108;94022;94;11.0;none;none;False;0;0;188.99320045721834;1318292
4370005;940220107;94022;94;11.0;all;all;False;1;1;3147.608450887183;1318384
4370196;940220204;94022;94;11.0;all;all;False;3;3;4009.6635991912335;1318447
4370384;940220106;94022;94;11.0;some;none;False;1;0;7164.4165686846345;1318510
4371593;940220113;94022;94;11.0;some;none;False;1;0;5310.300697015542;1318902
4372013;940220202;94022;94;11.0;all;all;False;1;2;1905.0862012855105;1319046
4373507;940220204;94022;94;11.0;some;all;False;1;2;321.0414539147753;1319522
4375334;940220106;94022;94;11.0;some;some;False;1;1;3595.4001460439667;1320134
4375702;940220204;94022;94;11.0;some;none;False;1;0;4736.416432511141;1320248
4376073;940220110;94022;94;11.0;all;some;False;1;1;4422.431851140922;1320373
4376328;940220206;94022;94;11.0;none;none;False;0;0;1080.7560653039934;1320461
4378230;940220110;94022;94;11.0;none;some;False;0;1;6070.908172306314;1321063
4378301;940220109;94022;94;11.0;none;none;False;0;0;3387.253091229649;1321088
4383579;940220113;94022;94;11.0;none;all;False;0;2;1740.9776971297442;1322847
4384155;940220206;94022;94;11.0;all;all;False;1;3;3069.125470785636;1323034
4384803;940220202;94022;94;11.0;some;some;False;1;1;1925.1169977294771;1323226
4387535;940330115;94033;94;11.0;all;some;False;2;2;8063.317256205655;1324111
4388920;940330109;94033;94;11.0;none;none;False;0;0;4174.330397860677;1324560
4390900;940330111;94033;94;11.0;some;none;False;2;0;8118.589312938006;1325163
4392407;940330107;94033;94;11.0;some;some;False;1;1;7652.161089584979;1325654
4392775;940330102;94033;94;11.0;none;all;False;0;1;1039.624916960385;1325777
4393398;940330113;94033;94;11.0;some;some;False;1;3;2284.3210102257144;1325974
4393713;940330110;94033;94;11.0;none;none;False;0;0;475.8098084970732;1326082
4393771;940330102;94033;94;11.0;none;none;False;0;0;2660.2419980228633;1326098
4394870;940330103;94033;94;11.0;all;some;False;1;1;2136.5667477628313;1326464
4395511;940330108;94033;94;11.0;some;some;False;1;2;3837.7811247525647;1326669
4396370;940330115;94033;94;11.0;all;some;False;2;2;11663.870490248535;1326935
4397286;940330106;94033;94;11.0;all;none;False;2;0;3641.601958462644;1327222
4397850;940330118;94033;94;11.0;none;none;False;0;0;4005.64675094122;1327400
4401722;940330105;94033;94;11.0;all;all;False;1;2;1758.9700640574542;1328645
4401947;940330101;94033;94;11.0;none;none;False;0;0;1144.2162298447356;1328729
4406339;940330106;94033;94;11.0;none;none;False;0;0;1433.4597219970337;1330145
4406551;940330115;94033;94;11.0;none;none;False;0;0;1176.6649181281728;1330206
4406653;940330120;94033;94;11.0;some;none;False;1;0;3742.814324395822;1330236
4406944;940330106;94033;94;11.0;all;none;False;1;0;2141.372900542096;1330324
4406997;940330104;94033;94;11.0;all;all;False;2;2;4048.5197746569643;1330338
4407241;940330112;94033;94;11.0;some;some;False;1;1;11074.347612700756;1330423
4408933;940340101;94034;94;11.0;some;some;False;1;2;2166.334677731907;1330936
4409687;940380113;94038;94;11.0;all;none;False;1;0;2489.492236732617;1331186
4409810;940340101;94034;94;11.0;none;none;False;0;0;3368.987547515538;1331232
4410807;940380110;94038;94;11.0;all;none;False;1;0;2819.603132581221;1331551
4411178;940380107;94038;94;11.0;none;all;False;0;2;3080.4384590579175;1331674
4412492;940340106;94034;94;11.0;some;some;False;1;1;3483.7891352632105;1332096
4412731;940340108;94034;94;11.0;none;all;False;0;1;2071.5056183563156;1332170
4413193;940380107;94038;94;11.0;none;none;False;0;0;10400.80947599403;1332307
4417199;940380105;94038;94;11.0;some;some;False;2;1;4795.721003652736;1333589
4420805;940380107;94038;94;11.0;all;all;False;1;2;807.6436589806648;1334744
4421101;940380109;94038;94;11.0;all;all;False;1;3;3767.4065811357523;1334829
4421409;940340103;94034;94;11.0;some;some;False;1;2;7063.738913903997;1334926
4421616;940380102;94038;94;11.0;all;none;False;2;0;3479.254064105975;1334990
4421904;940340108;94034;94;11.0;all;some;False;1;2;3330.193769946749;1335084
4422055;940340106;94034;94;11.0;none;none;False;0;0;5120.9628139479655;1335137
4422704;940380112;94038;94;11.0;all;some;False;2;1;3477.704916378015;1335337
4424199;940380108;94038;94;11.0;none;none;False;0;0;2037.4781129332837;1335805
4424704;940340107;94034;94;11.0;all;all;False;1;2;2053.8756918778463;1335950
4426505;940380112;94038;94;11.0;some;some;False;1;1;5961.156388064681;1336520
4427424;940380106;94038;94;11.0;some;some;False;1;2;3196.8347652435255;1336804
4429422;940380104;94038;94;11.0;all;none;False;2;0;546.3153211954443;1337467
4429485;940380103;94038;94;11.0;none;none;False;0;0;1820.5340592119421;1337486
4432533;940410211;94041;94;11.0;none;none;False;0;0;1624.8195401476669;1338440
4435310;940410211;94041;94;11.0;some;none;False;1;0;2934.2718717152684;1339355
4435508;940410109;94041;94;11.0;some;some;False;1;2;3632.346047044098;1339419
4435751;940410301;94041;94;11.0;none;none;False;0;0;3599.911425693461;1339497
4437249;940410103;94041;94;11.0;all;all;False;1;2;1749.8394345742302;1340012
4437670;940410201;94041;94;11.0;none;none;False;0;0;1831.4688646196955;1340154
4439563;940410304;94041;94;11.0;none;all;False;0;2;1164.2931638073192;1340793
4440068;940410208;94041;94;11.0;none;none;False;0;0;3145.2258519748757;1340946
4440557;940410207;94041;94;11.0;all;none;False;1;0;2050.020879456747;1341113
4441198;940410207;94041;94;11.0;none;none;False;0;0;2362.2999423909314;1341356
4442115;940410201;94041;94;11.0;none;none;False;0;0;1881.5443129024427;1341667
4443294;940410206;94041;94;11.0;none;some;False;0;1;6030.732383277714;1342042
4444297;940410203;94041;94;11.0;all;some;False;1;1;422.97883436372433;1342387
4444469;940410208;94041;94;11.0;all;none;False;2;0;2176.519991148598;1342443
4445557;940410205;94041;94;11.0;none;none;False;0;0;1927.832635942977;1342811
4446260;940410202;94041;94;11.0;none;none;False;0;0;2502.142440420748;1343054
4446556;940410301;94041;94;11.0;some;all;False;1;2;3738.8853023552965;1343166
4447266;940410102;94041;94;11.0;none;none;False;0;0;5556.226768480017;1343405
4447281;940410211;94041;94;11.0;all;all;False;2;2;2507.4742407282038;1343411
4448135;940410302;94041;94;11.0;some;none;False;1;0;1036.0994446703155;1343702
4450510;940410304;94041;94;11.0;all;none;False;1;0;2861.8667108882446;1344473
4450694;940410206;94041;94;11.0;all;none;False;2;0;2157.593748881876;1344535
4450742;940410102;94041;94;11.0;none;some;False;0;1;2873.9512099830304;1344546
4451077;940410207;94041;94;11.0;none;all;False;0;5;2044.8331378517205;1344651
4451237;940410203;94041;94;11.0;none;all;False;0;1;2064.1378258585337;1344698
4451815;940410202;94041;94;11.0;none;none;False;0;0;2055.5962639140225;1344896
4452101;940410304;94041;94;11.0;none;none;False;0;0;3529.304260530465;1344988
4452945;940410202;94041;94;11.0;all;none;False;1;0;4892.660254249083;1345268
4454333;940410211;94041;94;11.0;some;none;False;1;0;1514.7206065545956;1345731
4454884;940410102;94041;94;11.0;none;none;False;0;0;175.21145061073705;1345921
4455695;940410204;94041;94;11.0;all;all;False;1;4;315.8735121139188;1346185
4457268;940410105;94041;94;11.0;none;none;False;0;0;1432.7771087385108;1346673
4458021;940410103;94041;94;11.0;all;all;False;1;2;2110.3149113239815;1346933
4459123;940410110;94041;94;11.0;some;some;False;1;1;6159.051759095812;1347303
4460123;940410203;94041;94;11.0;all;all;False;1;2;3283.4988077107237;1347643
4460760;940410202;94041;94;11.0;all;all;False;1;3;899.6664546295572;1347850
4460839;940410304;94041;94;11.0;some;none;False;2;0;8767.384229098021;1347875
4460859;940410104;94041;94;11.0;none;none;False;0;0;1305.4953404844598;1347880
4461641;940410202;94041;94;11.0;none;some;False;1;1;2249.0640212240996;1348131
4462891;940430102;94043;94;11.0;all;none;False;1;0;2653.047101106224;1348560
4464219;940430103;94043;94;11.0;all;all;False;1;2;1820.1455053731872;1348982
4464927;940370105;94037;94;11.0;all;all;False;1;2;4132.1247494804875;1349212
4465343;940430107;94043;94;11.0;all;all;False;1;2;2004.4152317123537;1349343
4465381;940430101;94043;94;11.0;none;none;False;0;0;4463.621831298193;1349355
4465554;940370104;94037;94;11.0;none;all;False;0;1;1598.674894142461;1349407
4465865;940430109;94043;94;11.0;none;none;False;0;0;899.9909777892879;1349499
4468395;940430105;94043;94;11.0;none;none;False;0;0;1421.8682375245223;1350311
4469610;940370105;94037;94;11.0;none;none;False;0;0;1112.8618252271956;1350702
4472571;940430103;94043;94;11.0;none;none;False;0;0;3893.0592508343807;1351648
4473468;940430101;94043;94;11.0;none;none;False;0;0;2322.313050787732;1351929
4473896;940370105;94037;94;11.0;none;none;False;0;0;2277.4309919024154;1352068
4476473;940430108;94043;94;11.0;none;some;False;0;2;5175.7938103969545;1352882
4479075;940370106;94037;94;11.0;all;some;False;1;2;5671.385777403743;1353695
4480013;940430105;94043;94;11.0;none;none;False;0;0;5340.326117800661;1353988
4480434;940370106;94037;94;11.0;some;none;False;1;0;2696.6827657160693;1354125
4481273;940370102;94037;94;11.0;none;all;False;0;2;2124.054885963247;1354387
4482373;940430105;94043;94;11.0;some;all;False;2;4;3914.1463728665067;1354700
4483128;940430107;94043;94;11.0;some;some;False;1;2;1288.8122181431183;1354953
4483571;940460106;94046;94;11.0;none;none;False;0;0;5587.477711535064;1355099
4484957;940460403;94046;94;11.0;all;some;False;2;1;7080.812846666793;1355560
4487218;940460106;94046;94;11.0;some;none;False;1;0;3141.888360858668;1356302
4490969;940460205;94046;94;11.0;all;all;False;2;2;3674.2718348269395;1357564
4491111;940460102;94046;94;11.0;some;some;False;1;1;4013.2604611061724;1357612
4491235;940460101;94046;94;11.0;none;none;False;0;0;3923.1904458686913;1357653
4491511;940460201;94046;94;11.0;all;all;False;1;1;1743.564046627541;1357745
4494850;940460301;94046;94;11.0;none;none;False;0;0;2580.5335186525454;1358847
4498340;940460301;94046;94;11.0;some;none;False;1;0;2436.840495908864;1360000
4499547;940460204;94046;94;11.0;all;none;False;1;0;1522.7298923453518;1360388
4499689;940460402;94046;94;11.0;all;none;False;2;0;6649.4106674555715;1360437
4500777;940460401;94046;94;11.0;all;none;False;2;0;6003.618264796359;1360800
4501469;940460301;94046;94;11.0;some;all;False;1;3;2682.638286804852;1361038
4501779;940460403;94046;94;11.0;some;some;False;1;1;6128.22856557901;1361134
4505810;940460102;94046;94;11.0;none;none;False;0;0;1367.4109837349372;1362480
4505948;940460403;94046;94;11.0;all;none;False;2;0;3154.375370132678;1362524
4508054;940460205;94046;94;11.0;none;none;False;0;0;2459.5659553755636;1363228
4508264;940460205;94046;94;11.0;all;none;False;3;0;1694.879759041476;1363306
4509318;940460104;94046;94;11.0;all;some;False;1;1;7357.40948853495;1363656
4510114;940580102;94058;94;11.0;all;none;False;1;0;4547.147717996572;1363919
4510735;940580109;94058;94;11.0;none;none;False;0;0;3817.1944454870963;1364111
4511019;940580101;94058;94;11.0;all;all;False;1;2;2805.9633019338717;1364197
4511965;940580105;94058;94;11.0;none;none;False;0;0;3633.2587379094384;1364490
4512937;940580102;94058;94;11.0;none;none;False;0;0;4623.13235440814;1364805
4513300;940580103;94058;94;11.0;some;all;False;1;3;4389.073430496104;1364918
4514433;940580112;94058;94;11.0;all;all;False;2;3;3281.391459426065;1365272
4514554;940580109;94058;94;11.0;all;all;False;1;4;5680.371994242927;1365310
4514956;940580106;94058;94;11.0;some;none;False;2;0;12050.75421321201;1365432
4516307;940580109;94058;94;11.0;none;none;False;0;0;5185.642167920966;1365872
4516369;940580110;94058;94;11.0;some;some;False;1;2;5127.258084448794;1365893
4518602;940580111;94058;94;11.0;all;all;False;1;3;3632.273004669037;1366601
4519542;940580105;94058;94;11.0;all;some;False;2;1;1272.9705932815978;1366900
4520830;940580107;94058;94;11.0;all;some;False;1;2;6885.051518353752;1367302
4521321;940580105;94058;94;11.0;some;some;False;1;1;5421.113868312861;1367460
4523550;940580108;94058;94;11.0;none;none;False;0;0;3087.5691871083022;1368165
4525810;940580104;94058;94;11.0;some;none;False;1;0;2202.4892530150255;1368886
4525863;940580108;94058;94;11.0;all;all;False;1;1;1502.304066046716;1368901
4526936;940540103;94054;94;11.0;none;none;False;0;0;1488.9857284364514;1369218
4527011;940770105;94077;94;11.0;all;none;False;2;0;3582.652499021283;1369243
4527726;940540106;94054;94;11.0;all;none;False;1;0;2044.2142741536848;1369447
4528658;940540102;94054;94;11.0;none;none;False;0;0;1794.1556628070591;1369730
4529055;940010000;94001;94;11.0;all;none;False;1;0;4419.2680597513745;1369845
4529639;940540108;94054;94;11.0;all;all;False;4;2;1620.562177060497;1370016
4529781;940540103;94054;94;11.0;none;none;False;0;0;1691.8145833582512;1370055
4532809;940540108;94054;94;11.0;none;none;False;0;0;1715.0613967600239;1370978
4535485;940770101;94077;94;11.0;all;all;False;1;1;929.0342370208085;1371784
4535558;940540101;94054;94;11.0;all;some;False;2;2;2261.7840223165667;1371808
4536026;940770106;94077;94;11.0;some;none;False;1;0;3259.2019523176646;1371941
4536133;940770103;94077;94;11.0;some;none;False;2;0;5574.131041437266;1371971
4536538;940540106;94054;94;11.0;none;none;False;0;0;2117.5426941781207;1372103
4538241;940540104;94054;94;11.0;none;all;False;0;1;1470.0941324293497;1372607
4539070;940770103;94077;94;11.0;none;some;False;0;1;218.50294779781018;1372868
4540839;940010000;94001;94;11.0;all;all;False;1;3;463.73163742351966;1373399
4541162;940770106;94077;94;11.0;all;none;False;1;0;3297.3187593833372;1373502
4542169;940540107;94054;94;11.0;all;all;False;1;1;763.5190619098913;1373805
4543515;940540109;94054;94;11.0;some;none;False;2;0;2702.495743838545;1374205
4544336;940540108;94054;94;11.0;none;none;False;0;0;2564.1620481496;1374450
4544518;940010000;94001;94;11.0;all;none;False;2;0;2781.661734133835;1374495
4546658;940040101;94004;94;11.0;some;some;False;1;2;8859.547771697169;1375127
4548065;940600105;94060;94;11.0;all;none;False;2;0;4617.426708740077;1375530
4548201;940750102;94075;94;11.0;all;some;False;1;1;4395.5442622702685;1375566
4549074;940040106;94004;94;11.0;all;some;False;2;1;453.8735986229805;1375803
4550069;940750101;94075;94;11.0;some;all;False;1;2;3544.169276116336;1376085
4552284;940750104;94075;94;11.0;some;none;False;2;0;10250.905818778057;1376693
4553656;940750103;94075;94;11.0;all;none;False;2;0;6142.595344557194;1377071
4554983;940470000;94047;94;11.0;all;none;False;2;0;5141.810382532503;1377431
4556066;940600102;94060;94;11.0;all;none;False;1;0;2705.918987707919;1377732
4557188;940530000;94053;94;11.0;some;none;False;1;0;3900.642180031724;1378027
4558383;940560000;94056;94;11.0;some;all;False;1;2;3969.9645071940413;1378368
4559664;940600103;94060;94;11.0;none;none;False;0;0;1428.0798529409547;1378723
4562609;940040105;94004;94;11.0;some;all;False;1;2;2923.6325131087606;1379521
4563591;940480103;94048;94;11.0;some;none;False;1;0;3376.4338243359625;1379796
4564380;940750101;94075;94;11.0;all;all;False;3;2;2050.616865053218;1380011
4564827;940560000;94056;94;11.0;all;all;False;1;1;2597.0668962451723;1380133
4565104;940750102;94075;94;11.0;none;none;False;0;0;1427.2074138658522;1380214
4565323;940750104;94075;94;11.0;some;all;False;1;2;3216.989884932277;1380276
4565342;940750101;94075;94;11.0;all;none;False;2;0;4354.586954948052;1380282
4566190;940040101;94004;94;11.0;none;none;False;0;0;1518.966714885297;1380524
4567043;940560000;94056;94;11.0;none;none;False;0;0;6174.046130535652;1380760
4567548;940600101;94060;94;11.0;all;none;False;2;0;1554.90999476989;1380895
4567699;940750102;94075;94;11.0;some;none;False;1;0;4576.627309322468;1380935
4568141;940700000;94070;94;11.0;all;none;False;2;0;2623.2609427123825;1381060
4570513;940700000;94070;94;11.0;all;none;False;3;0;1571.2869710430377;1381701
4570742;940710103;94071;94;11.0;some;none;False;1;0;3895.7880215708005;1381770
4571160;940710109;94071;94;11.0;none;none;False;0;0;1875.4476300168249;1381906
4571479;940550101;94055;94;11.0;all;none;False;3;0;5548.031109662304;1382006
4571904;940710110;94071;94;11.0;none;none;False;0;0;1197.50715866149;1382147
4573794;940110101;94011;94;11.0;all;none;False;2;0;1273.4195614819673;1382744
4575972;940110105;94011;94;11.0;none;none;False;0;0;2199.6918463687484;1383471
4576146;940110102;94011;94;11.0;some;none;False;2;0;3417.476157450681;1383529
4576282;940710101;94071;94;11.0;all;none;False;2;0;2674.9846119255863;1383572
4581138;940550102;94055;94;11.0;all;some;False;3;1;10842.746100343124;1385160
4582199;940710109;94071;94;11.0;all;all;False;2;2;4443.757422883058;1385501
4583195;940550105;94055;94;11.0;all;none;False;2;0;332.88832222244935;1385834
4584078;940710105;94071;94;11.0;all;none;False;2;0;5749.027898706058;1386118
4586405;940710111;94071;94;11.0;some;some;False;1;1;8508.584217446867;1386899
4586734;940710102;94071;94;11.0;some;all;False;1;2;5874.906529161057;1387010
4586933;940710101;94071;94;11.0;some;some;False;3;1;5043.151178834266;1387074
4587162;940710103;94071;94;11.0;all;none;False;1;0;4022.1956315661423;1387149
4587221;940710105;94071;94;11.0;all;none;False;2;0;2327.8616708178383;1387169
4588489;940710109;94071;94;11.0;some;all;False;1;2;4862.218837666324;1387577
4588713;940710107;94071;94;11.0;all;some;False;1;1;2406.1598200310937;1387648
4590166;940550105;94055;94;11.0;some;some;False;1;3;5144.666421768929;1388122
4590240;940550102;94055;94;11.0;none;none;False;0;0;1943.913022162959;1388151
4590789;940710102;94071;94;11.0;all;all;False;1;2;4570.086166001892;1388335
4590912;940110106;94011;94;11.0;none;none;False;0;0;2490.906601937885;1388377
4591477;940550101;94055;94;11.0;all;none;False;1;0;2155.4088015055286;1388556
4591546;940710101;94071;94;11.0;all;all;False;2;2;2915.8700043376057;1388576
4593379;940730101;94073;94;11.0;none;none;False;0;0;550.639498213225;1389181
4594019;940650101;94065;94;11.0;all;none;False;3;0;8353.128835557234;1389396
4594880;940730111;94073;94;11.0;all;none;False;1;0;2478.3089687426163;1389662
4596024;940210106;94021;94;11.0;none;none;False;0;0;3211.208576563108;1390007
4596141;940210104;94021;94;11.0;none;all;False;0;4;2394.094467123783;1390054
4600601;940210109;94021;94;11.0;none;none;False;0;0;3061.74488308364;1391420
4601369;940730110;94073;94;11.0;none;none;False;0;0;4231.853724552731;1391641
4601392;940730102;94073;94;11.0;all;none;False;1;0;3414.5482968941906;1391647
4601459;940730102;94073;94;11.0;all;all;False;1;2;2589.112408593942;1391668
4601854;940210107;94021;94;11.0;none;none;False;0;0;3075.8633410974135;1391806
4601948;940730108;94073;94;11.0;some;some;False;1;1;2256.243423875862;1391838
4606739;940210108;94021;94;11.0;none;none;False;0;0;1705.2439061810196;1393340
4609834;940730111;94073;94;11.0;none;all;False;0;1;3834.465910940559;1394247
4611608;940730101;94073;94;11.0;all;all;False;1;2;2761.0423251722345;1394786
4613467;940210105;94021;94;11.0;all;none;False;1;0;2148.1417582890335;1395338
4613999;940650101;94065;94;11.0;all;none;False;1;0;3691.6041770803013;1395485
4614013;940730112;94073;94;11.0;none;none;False;0;0;5112.046844981528;1395493
4614717;940650101;94065;94;11.0;all;none;False;1;0;1280.6576928784536;1395713
4616158;940210102;94021;94;11.0;all;some;False;2;1;3157.758686533207;1396142
4616523;940210108;94021;94;11.0;some;some;False;1;1;4941.578542389007;1396256
4616874;940210104;94021;94;11.0;some;none;False;1;0;3525.753987763327;1396366
4618585;940760102;94076;94;11.0;some;all;False;1;2;3945.589414471345;1396900
4619464;940760116;94076;94;11.0;none;none;False;0;0;3965.413544888514;1397175
4620478;940760107;94076;94;11.0;none;none;False;0;0;1936.8172660020932;1397488
4620571;940760104;94076;94;11.0;all;all;False;1;1;2057.4906445397414;1397521
4620572;940760104;94076;94;11.0;all;all;False;1;1;1762.9809527238535;1397521
4621734;940760102;94076;94;11.0;some;none;False;1;0;6149.4029997961325;1397900
4622808;940760117;94076;94;11.0;none;none;False;0;0;3107.263718426802;1398234
4623957;940760106;94076;94;11.0;none;all;False;0;1;1177.728961483462;1398617
4624956;940760119;94076;94;11.0;some;none;False;2;0;9419.138742372987;1398924
4626473;940760109;94076;94;11.0;all;all;False;2;4;3343.132765372873;1399384
4626534;940760113;94076;94;11.0;all;none;False;2;0;6682.744615147692;1399408
4626790;940760110;94076;94;11.0;none;none;False;0;0;1782.5217497547746;1399488
4627745;940760110;94076;94;11.0;some;all;False;1;3;6713.232105310618;1399812
4627761;940760116;94076;94;11.0;some;some;False;1;2;9115.779862058242;1399816
4629679;940760104;94076;94;11.0;some;none;False;1;0;1354.5955335499216;1400417
4631991;940760118;94076;94;11.0;none;none;False;0;0;5796.745792820722;1401183
4632145;940760115;94076;94;11.0;none;none;False;0;0;2940.987255248344;1401232
4633024;940760106;94076;94;11.0;all;none;False;1;0;910.1909377644884;1401498
4634035;940760110;94076;94;11.0;none;none;False;0;0;3078.5176478913445;1401820
4635188;940760108;94076;94;11.0;some;some;False;1;1;2784.069648240304;1402178
4635303;940760101;94076;94;11.0;some;none;False;1;0;7648.432177616929;1402215
4635838;940760106;94076;94;11.0;none;none;False;0;0;5827.881211688686;1402390
4635927;940760110;94076;94;11.0;all;all;False;1;2;3598.297512440767;1402421
4637328;940760103;94076;94;11.0;some;all;False;1;4;4347.677114961156;1402841
4642439;940760118;94076;94;11.0;some;all;False;1;4;2794.417898480422;1404459
4643955;940440102;94044;94;11.0;all;none;False;1;0;2938.0164769749163;1404942
4646934;940440102;94044;94;11.0;none;none;False;0;0;3481.6092184275994;1405892
4648941;940440104;94044;94;11.0;all;none;False;3;0;4777.004406724604;1406500
4649394;940740103;94074;94;11.0;all;some;False;2;1;2374.9787367077693;1406637
4649536;940440107;94044;94;11.0;all;none;False;1;0;2569.90842304943;1406673
4649666;940440107;94044;94;11.0;all;some;False;3;1;2764.826754400009;1406718
4650150;940740103;94074;94;11.0;none;none;False;0;0;2534.776706218931;1406875
4650226;940440104;94044;94;11.0;all;all;False;2;2;3056.911195921065;1406897
4650508;940440102;94044;94;11.0;all;some;False;1;1;1987.5670525474898;1406987
4652207;940440106;94044;94;11.0;all;all;False;1;1;2529.5644635895505;1407514
4652916;940440102;94044;94;11.0;all;none;False;2;0;3799.8288005345084;1407742
4653314;940740104;94074;94;11.0;all;some;False;2;3;5253.253011507592;1407859
4653676;940740102;94074;94;11.0;none;none;False;0;0;1671.1372887809562;1407981
4656081;940740108;94074;94;11.0;none;none;False;0;0;544.0523789659219;1408723
4656347;940440101;94044;94;11.0;none;none;False;0;0;1770.4842268947666;1408803
4656469;940740103;94074;94;11.0;none;none;False;0;0;1180.7163131996845;1408845
4659255;940740103;94074;94;11.0;none;none;False;0;0;3758.4855030458725;1409713
4659846;940150102;94015;94;11.0;some;none;False;1;0;6736.951532684001;1409903
4660293;940590106;94059;94;11.0;all;all;False;1;2;2529.1753042842392;1410049
4661743;940590101;94059;94;11.0;all;none;False;2;0;3553.533085047615;1410531
4663534;940790104;94079;94;11.0;some;some;False;1;1;3316.683038149619;1411076
4663761;940790108;94079;94;11.0;all;none;False;1;0;2910.3557276663237;1411151
4666807;940790108;94079;94;11.0;some;some;False;1;1;9060.325337439244;1412104
4667083;940150103;94015;94;11.0;all;none;False;2;0;5440.274048482061;1412184
4668552;940590103;94059;94;11.0;some;some;False;1;1;3828.402990234268;1412653
4671076;940590102;94059;94;11.0;all;none;False;1;0;2676.2111617390606;1413435
4671727;940150101;94015;94;11.0;all;none;False;2;0;11158.329117969459;1413639
4672145;940590106;94059;94;11.0;all;none;False;1;0;693.5363273355575;1413778
4672411;940590101;94059;94;11.0;all;none;False;2;0;5047.50958319978;1413873
4673003;940150101;94015;94;11.0;all;none;False;3;0;6624.627324627773;1414048
4673364;940790109;94079;94;11.0;none;none;False;0;0;705.9541732221355;1414157
4673823;940150105;94015;94;11.0;all;all;False;3;1;1247.936197786992;1414307
4675017;940150102;94015;94;11.0;all;none;False;2;0;4491.129647929743;1414678
4675583;940590102;94059;94;11.0;none;all;False;0;2;258.1863028835935;1414850
4676722;940590103;94059;94;11.0;all;some;False;2;2;2318.500402463836;1415192
4677227;940150105;94015;94;11.0;none;none;False;0;0;1643.328729302188;1415353
4679401;940150103;94015;94;11.0;some;none;False;1;0;8998.946857273735;1416028
4681079;940790103;94079;94;11.0;all;all;False;1;2;3101.368687678135;1416531
4681179;940790102;94079;94;11.0;none;none;False;0;0;3323.598111244978;1416565
4682662;940150104;94015;94;11.0;all;none;False;1;0;5506.45814389079;1417012
4684093;940150104;94015;94;11.0;all;all;False;1;4;1324.929032030202;1417453
4685168;940790101;94079;94;11.0;all;none;False;2;0;1593.8576903059977;1417768
4686144;940790108;94079;94;11.0;some;none;False;1;0;314.47598819792387;1418088
4686417;940790108;94079;94;11.0;all;some;False;2;2;7544.8782727259995;1418170
4686717;940790105;94079;94;11.0;all;none;False;1;0;4095.979646726739;1418266
4686747;940790103;94079;94;11.0;some;some;False;1;1;1392.6304459203236;1418274
4688263;940790106;94079;94;11.0;some;none;False;1;0;638.5098766578234;1418771
4688759;940790108;94079;94;11.0;none;none;False;0;0;5184.474062443357;1418922
4688873;940790108;94079;94;11.0;some;some;False;1;2;4914.170826888515;1418958
4689338;940150105;94015;94;11.0;all;none;False;2;0;3636.938869220329;1419122
4693885;940670106;94067;94;11.0;none;none;False;0;0;5978.502094432944;1420601
4694052;940670103;94067;94;11.0;some;some;False;1;2;13681.636479945619;1420656
4694267;940670104;94067;94;11.0;all;none;False;2;0;175.86336203657487;1420723
4695985;940670106;94067;94;11.0;some;some;False;1;1;6483.625929550832;1421281
4696260;940670109;94067;94;11.0;all;some;False;2;1;4998.382754626744;1421375
4696539;940670102;94067;94;11.0;none;none;False;0;0;3453.4479810249136;1421466
4697194;940670105;94067;94;11.0;none;all;False;0;1;1996.1524616982933;1421675
4698024;940670104;94067;94;11.0;some;none;False;1;0;9120.816979409386;1421944
4699225;940670108;94067;94;11.0;none;all;False;0;1;3494.546668963407;1422328
4699769;940670104;94067;94;11.0;none;none;False;0;0;5666.299351714115;1422513
4700619;940170502;94017;94;11.0;all;all;False;1;2;3.0913288665465664;1422786
4702280;940170702;94017;94;11.0;all;some;False;1;1;2583.2344956499055;1423300
4703229;940170301;94017;94;11.0;all;none;False;1;0;727.7570453732127;1423595
4703459;940170703;94017;94;11.0;none;some;False;0;2;3744.0506132964574;1423672
4705771;940170801;94017;94;11.0;all;none;False;1;0;1453.3602639103608;1424374
4706615;940170101;94017;94;11.0;all;all;False;1;1;550.080909163973;1424626
4707342;940170101;94017;94;11.0;none;none;False;0;0;685.7523661573225;1424848
4707438;940170501;94017;94;11.0;all;all;False;1;2;904.8787934930642;1424879
4708307;940171301;94017;94;11.0;some;some;False;1;2;772.7473546105817;1425147
4708627;940170701;94017;94;11.0;all;some;False;2;2;2239.1356273947627;1425254
4710129;940171202;94017;94;11.0;none;none;False;0;0;3349.827276743722;1425719
4710627;940171201;94017;94;11.0;all;some;False;3;1;7686.868471069945;1425878
4710776;940170402;94017;94;11.0;some;none;False;2;0;1642.3160458903346;1425921
4711885;940171401;94017;94;11.0;none;none;False;0;0;4445.981952498016;1426268
4711988;940171202;94017;94;11.0;some;none;False;1;0;6215.988071753325;1426302
4712057;940171301;94017;94;11.0;some;none;False;1;0;7230.642308792717;1426322
4712233;940171001;94017;94;11.0;none;none;False;0;0;3223.220728218489;1426372
4713276;940170501;94017;94;11.0;none;none;False;0;0;1503.649463981239;1426705
4713692;940170203;94017;94;11.0;some;all;False;1;2;1500.6408519313045;1426835
4713837;940170103;94017;94;11.0;all;all;False;2;3;3559.876977429454;1426879
4716326;940170203;94017;94;11.0;all;none;False;2;0;2340.4741524155397;1427665
4717173;940170202;94017;94;11.0;some;some;False;1;1;1982.4312991298095;1427930
4718839;940170202;94017;94;11.0;some;none;False;1;0;4965.72993324229;1428459
4719161;940170704;94017;94;11.0;all;all;False;1;2;41.28285579346741;1428550
4720588;940170501;94017;94;11.0;all;none;False;1;0;1771.7052715011132;1428998
4721924;940170801;94017;94;11.0;some;none;False;1;0;8730.724239973006;1429408
4721929;940170702;94017;94;11.0;some;none;False;1;0;3411.1988586428806;1429410
4725306;940171201;94017;94;11.0;none;none;False;0;0;1611.3985779225272;1430451
4726319;940170702;94017;94;11.0;none;all;False;0;1;1788.9193988204904;1430760
4727274;940171102;94017;94;11.0;none;none;False;0;0;3168.2273659455973;1431038
4730286;940170203;94017;94;11.0;all;all;False;1;3;2415.5209018390437;1431956
4732076;940280205;94028;94;11.0;all;none;False;1;0;6617.889986349264;1432505
4733988;940280104;94028;94;11.0;none;none;False;0;0;1917.564961881338;1433109
4734630;940280406;94028;94;11.0;some;some;False;1;1;4630.006986790022;1433304
4735323;940280303;94028;94;11.0;none;none;False;0;0;1327.9981389315496;1433539
4736965;940280207;94028;94;11.0;none;none;False;0;0;1540.6917434706022;1434061
4737557;940280206;94028;94;11.0;none;none;False;0;0;672.1576411638199;1434241
4737824;940280306;94028;94;11.0;all;none;False;1;0;2560.60447181615;1434324
4739790;940280405;94028;94;11.0;all;none;False;1;0;2536.8610731023596;1434940
4742656;940280209;94028;94;11.0;some;none;False;1;0;3349.9624450757156;1435845
4742713;940280401;94028;94;11.0;none;some;False;0;2;1518.019878168519;1435864
4743214;940280205;94028;94;11.0;all;all;False;1;1;1657.3036104255686;1436025
4743704;940280206;94028;94;11.0;some;none;False;1;0;3235.356378100358;1436191
4744683;940280403;94028;94;11.0;none;none;False;0;0;3443.1652665306265;1436500
4744925;940280210;94028;94;11.0;none;none;False;0;0;2586.773750700217;1436583
4747159;940280212;94028;94;11.0;none;some;False;0;1;3426.790812466945;1437292
4747855;940280304;94028;94;11.0;some;some;False;1;1;2836.8105554560957;1437515
4749895;940280402;94028;94;11.0;all;all;False;2;3;4742.7724804455165;1438154
4750496;940280101;94028;94;11.0;some;some;False;2;1;6036.597006605088;1438357
4751526;940280207;94028;94;11.0;all;all;False;1;3;5650.407179086169;1438678
4752525;940280102;94028;94;11.0;none;some;False;0;1;2521.560327853145;1438996
4752613;940280408;94028;94;11.0;none;none;False;0;0;2786.1934219082154;1439022
4753130;940280208;94028;94;11.0;none;none;False;0;0;2934.954070898955;1439182
4754330;940280408;94028;94;11.0;some;none;False;1;0;3090.1080270289935;1439554
4755253;940280206;94028;94;11.0;none;none;False;0;0;5677.667672948335;1439839
4756422;940280201;94028;94;11.0;none;none;False;0;0;2866.830172754566;1440233
4756975;940280405;94028;94;11.0;all;all;False;1;2;288.46222292616966;1440410
4758853;940280206;94028;94;11.0;some;some;False;1;1;3104.992729322245;1441004
4759951;940280405;94028;94;11.0;none;none;False;0;0;5571.399749237615;1441347
4761255;940280215;94028;94;11.0;some;none;False;1;0;3099.465771507244;1441776
4761631;940280212;94028;94;11.0;none;none;False;0;0;2233.134660962837;1441894
4763699;940280302;94028;94;11.0;all;none;False;1;0;6859.847100337807;1442546
4764160;940280210;94028;94;11.0;none;some;False;0;1;6340.4740532918195;1442697
4764921;940280101;94028;94;11.0;none;none;False;0;0;2248.4904687646176;1442927
4765410;940280407;94028;94;11.0;some;some;False;1;2;5465.128854205801;1443087
4765772;940280302;94028;94;11.0;all;all;False;1;5;1145.6431067231542;1443206
4766409;940280215;94028;94;11.0;none;none;False;0;0;4551.869687599714;1443395
4766422;940280406;94028;94;11.0;all;none;False;1;0;2363.6276287546625;1443399
4767130;940280201;94028;94;11.0;none;none;False;0;0;1133.3770007695757;1443617
4767201;940280301;94028;94;11.0;none;none;False;0;0;1478.8051764282045;1443642
4768179;940280307;94028;94;11.0;all;none;False;2;0;3475.8959284238085;1443952
4768759;940280215;94028;94;11.0;all;all;False;1;2;3580.6232487369034;1444138
4770579;940280407;94028;94;11.0;all;all;False;3;1;1411.233028451754;1444720
4770623;940280209;94028;94;11.0;none;none;False;0;0;5680.306798726175;1444732
4772414;940520104;94052;94;11.0;none;some;False;0;1;2802.561515401942;1445289
4774949;940520101;94052;94;11.0;none;none;False;0;0;8965.147162980675;1446079
4775479;940520108;94052;94;11.0;none;none;False;0;0;383.2341808911109;1446241
4775913;940520101;94052;94;11.0;none;none;False;0;0;3383.2827633448114;1446378
4777057;940520101;94052;94;11.0;all;none;False;1;0;3322.726534663976;1446743
4779107;940520104;94052;94;11.0;some;none;False;1;0;5266.292340494579;1447376
4780380;940520109;94052;94;11.0;some;none;False;1;0;565.3529623635651;1447774
4781017;940520110;94052;94;11.0;some;some;False;1;2;2312.531549941595;1447970
4783556;940520103;94052;94;11.0;some;some;False;1;1;1830.6491414679676;1448761
4783711;940520110;94052;94;11.0;all;some;False;2;1;23.77772076129318;1448807
4784320;940520107;94052;94;11.0;all;all;False;1;5;1632.1999819894309;1449003
4787523;940680703;94068;94;11.0;none;none;False;0;0;3378.0085369446956;1449993
4787726;940680203;94068;94;11.0;all;none;False;1;0;2640.6119117680228;1450048
4787808;940680107;94068;94;11.0;none;some;False;0;1;2287.225437740332;1450074
4787880;940680201;94068;94;11.0;none;none;False;0;0;3483.1691116412594;1450099
4788276;940680107;94068;94;11.0;none;none;False;0;0;1060.8108998198888;1450223
4790906;940680504;94068;94;11.0;none;none;False;0;0;4864.400257026539;1451071
4792635;940680702;94068;94;11.0;none;none;False;0;0;4025.3233396392234;1451615
4793517;940680503;94068;94;11.0;none;none;False;0;0;3343.5773301255304;1451891
4793634;940680105;94068;94;11.0;some;some;False;2;2;7627.173718299669;1451928
4793743;940680304;94068;94;11.0;all;none;False;1;0;5631.913519556144;1451964
4794321;940680102;94068;94;11.0;none;none;False;0;0;2689.6613531954063;1452146
4794757;940680501;94068;94;11.0;none;none;False;0;0;6169.959210022388;1452287
4795123;940680303;94068;94;11.0;all;none;False;2;0;1930.9511055382313;1452405
4795387;940680108;94068;94;11.0;some;none;False;1;0;5716.0554167564005;1452489
4797834;940680201;94068;94;11.0;none;all;False;0;2;2608.4072350010624;1453282
4798221;940680202;94068;94;11.0;some;some;False;1;1;2363.888351789641;1453402
4798332;940680801;94068;94;11.0;all;some;False;1;1;8394.294489490856;1453437
4799225;940680504;94068;94;11.0;all;all;False;3;2;2112.399980606274;1453723
4799504;940680301;94068;94;11.0;all;none;False;1;0;2028.5002524798897;1453813
4801065;940680801;94068;94;11.0;none;none;False;0;0;9769.027040509578;1454306
4801989;940680402;94068;94;11.0;all;none;False;2;0;7244.624908560565;1454605
4802487;940680201;94068;94;11.0;all;none;False;1;0;5900.3439909877725;1454767
4804153;940680701;94068;94;11.0;some;all;False;1;5;4646.3651024020755;1455312
4804969;940680504;94068;94;11.0;all;none;False;1;0;5670.287029603583;1455566
4809757;940680704;94068;94;11.0;some;none;False;1;0;5746.363500247791;1457103
4810852;940680702;94068;94;11.0;all;all;False;2;2;2237.474104590981;1457453
4811417;940680401;94068;94;11.0;all;none;False;2;0;4215.673803538284;1457638
4813536;940680602;94068;94;11.0;all;none;False;1;0;1649.2415474321724;1458312
4813976;940680106;94068;94;11.0;some;none;False;2;0;3270.2025125078153;1458448
4814293;940680503;94068;94;11.0;all;all;False;1;2;3009.1385007527792;1458556
4815192;940680601;94068;94;11.0;some;none;False;1;0;3130.031725676058;1458843
4817004;940680703;94068;94;11.0;all;none;False;1;0;1648.028513818544;1459419
4818788;940680201;94068;94;11.0;none;all;False;0;1;2750.1615108309115;1459992
4818858;940680203;94068;94;11.0;none;none;False;0;0;3879.210200043235;1460014
4820785;940680402;94068;94;11.0;all;none;False;2;0;7866.9682823911235;1460628
4822372;940680102;94068;94;11.0;all;none;False;1;0;2342.5686785023495;1461131
4823294;940780204;94078;94;11.0;none;some;False;0;1;2126.3107484922502;1461441
4823675;940780201;94078;94;11.0;all;none;False;1;0;2547.480758360162;1461567
4823957;940780203;94078;94;11.0;all;some;False;2;1;135.95782773070377;1461657
4824292;940780105;94078;94;11.0;all;some;False;1;1;234.83683745142187;1461768
4824426;940780208;94078;94;11.0;none;none;False;0;0;798.2575681224604;1461810
4825099;940780101;94078;94;11.0;none;none;False;0;0;165.41089283190016;1462039
4825136;940780204;94078;94;11.0;all;none;False;2;0;6981.544906874215;1462055
4826862;940780101;94078;94;11.0;some;all;False;1;4;4209.2032175088725;1462648
4827627;940780202;94078;94;11.0;all;all;False;1;3;1143.4164819631874;1462899
4827931;940780206;94078;94;11.0;none;none;False;0;0;1917.9685507804911;1462999
4828470;940780102;94078;94;11.0;all;some;False;2;1;1324.905457418222;1463180
4830783;940780102;94078;94;11.0;none;none;False;0;0;1222.243374012354;1463945
4831277;940780203;94078;94;11.0;all;none;False;2;0;3082.4345555986383;1464100
4832656;940780207;94078;94;11.0;all;none;False;1;0;5924.034591124526;1464551
4832682;940780201;94078;94;11.0;all;none;False;2;0;2514.8121226270237;1464561
4832827;940780203;94078;94;11.0;none;none;False;0;0;1503.5044187421563;1464602
4835001;940780102;94078;94;11.0;all;all;False;1;2;1018.8241598376952;1465304
4835236;940780203;94078;94;11.0;some;none;False;1;0;6085.360849962293;1465384
4835767;940800205;94080;94;11.0;some;none;False;1;0;2836.795319080278;1465544
4836147;940800202;94080;94;11.0;none;all;False;0;1;6176.429295576318;1465675
4836357;940800104;94080;94;11.0;some;some;False;1;2;3873.8259255097028;1465738
4837532;940800402;94080;94;11.0;none;none;False;0;0;3109.42429424602;1466097
4837737;940800201;94080;94;11.0;all;none;False;2;0;3947.11347184029;1466165
4838139;940800202;94080;94;11.0;none;none;False;0;0;2544.0349551857266;1466297
4838484;940800203;94080;94;11.0;none;all;False;0;2;2195.941285115325;1466406
4839059;940800301;94080;94;11.0;none;none;False;0;0;3038.9698255233934;1466595
4839729;940800201;94080;94;11.0;none;all;False;0;3;1766.6995462284283;1466809
4840636;940800203;94080;94;11.0;none;all;False;0;1;3107.055945862386;1467093
4841248;940800205;94080;94;11.0;all;some;False;1;2;10273.535782989831;1467291
4842383;940800402;94080;94;11.0;none;none;False;0;0;4428.4045547721935;1467652
4842696;940800306;94080;94;11.0;all;none;False;2;0;9534.261546383215;1467752
4842762;940800102;94080;94;11.0;none;none;False;0;0;3260.0142368737615;1467772
4842884;940800402;94080;94;11.0;some;none;False;1;0;8936.273148261096;1467813
4845038;940800103;94080;94;11.0;none;none;False;0;0;7519.628048379396;1468521
4846318;940800205;94080;94;11.0;all;all;False;1;2;2546.782210729203;1468934
4846711;940800401;94080;94;11.0;none;none;False;0;0;8439.209789461554;1469064
4846731;940800304;94080;94;11.0;none;none;False;0;0;4564.489125764878;1469075
4846783;940800101;94080;94;11.0;none;all;False;0;2;2305.0841747814957;1469092
4848305;940800201;94080;94;11.0;none;none;False;0;0;4550.116525045611;1469566
4848660;940800103;94080;94;11.0;none;some;False;0;1;4282.965218386518;1469675
4850831;940800305;94080;94;11.0;none;none;False;0;0;1264.8778478849179;1470366
4851022;940800202;94080;94;11.0;none;none;False;0;0;2480.2590780229407;1470425
4851615;940800104;94080;94;11.0;none;all;False;0;3;4216.122686239416;1470610
4852584;940800204;94080;94;11.0;none;none;False;0;0;1738.077504827601;1470923
4853303;940800402;94080;94;11.0;some;some;False;1;3;8296.526474992497;1471158
4853846;940800101;94080;94;11.0;some;all;False;1;3;6615.880542763195;1471327
4854875;940800102;94080;94;11.0;some;none;False;1;0;133.8199030556583;1471672
4855325;940800305;94080;94;11.0;none;none;False;0;0;3529.6031064334275;1471817
4856607;940800304;94080;94;11.0;all;some;False;2;3;6679.526711213592;1472231
4856704;940800205;94080;94;11.0;none;none;False;0;0;3488.173876373285;1472265
4857498;940800305;94080;94;11.0;all;all;False;1;1;3390.7497425089773;1472514
4858025;940800302;94080;94;11.0;none;all;False;1;3;1422.1445067996212;1472675
4860091;940800201;94080;94;11.0;none;none;False;0;0;2907.502438886651;1473320
4860512;940810312;94081;94;11.0;all;some;False;1;2;3469.095163296332;1473450
4860581;940810109;94081;94;11.0;none;none;False;0;0;1039.4593769969488;1473472
4860787;940810205;94081;94;11.0;none;none;False;0;0;1929.044746981328;1473539
4860868;940810302;94081;94;11.0;none;none;False;0;0;3183.867461501327;1473566
4861126;940810312;94081;94;11.0;none;none;False;0;0;1013.9614004102227;1473644
4861243;940810112;94081;94;11.0;all;none;False;1;0;1593.1045507820845;1473681
4861274;940810206;94081;94;11.0;none;none;False;0;0;1472.4725624976406;1473691
4863048;940810202;94081;94;11.0;none;none;False;0;0;4470.259207987132;1474215
4864096;940810110;94081;94;11.0;all;some;False;1;1;2984.147187843705;1474543
4865016;940810102;94081;94;11.0;all;all;False;1;3;3942.876773077279;1474812
4865875;940810109;94081;94;11.0;all;some;False;1;1;7470.074435776521;1475094
4867166;940810304;94081;94;11.0;some;all;False;1;2;1784.6827344655053;1475514
4869020;940810108;94081;94;11.0;all;all;False;1;2;1639.0463620825938;1476088
4869246;940810110;94081;94;11.0;all;some;False;3;2;9253.569208303603;1476160
4869771;940810308;94081;94;11.0;all;none;False;1;0;1862.1863600732295;1476328
4870237;940810107;94081;94;11.0;none;none;False;0;0;1679.097730746585;1476469
4871113;940810103;94081;94;11.0;all;none;False;2;0;4172.525345217794;1476752
4871854;940810203;94081;94;11.0;all;all;False;2;2;3537.290297494779;1476990
4874578;940810211;94081;94;11.0;all;some;False;2;2;3566.036107098214;1477840
4878926;940810204;94081;94;11.0;some;some;False;1;2;2936.8327636113804;1479227
4880116;940810210;94081;94;11.0;none;none;False;0;0;2680.581721208725;1479590
4880351;940810302;94081;94;11.0;some;none;False;2;0;3925.1249296338747;1479670
4880542;940810312;94081;94;11.0;some;none;False;1;0;6996.897740564181;1479725
4881903;940810103;94081;94;11.0;none;none;False;0;0;436.1094772284398;1480141
4883054;940810310;94081;94;11.0;some;all;False;1;3;2238.4222774033033;1480500
4883911;940810301;94081;94;11.0;none;none;False;0;0;5165.924841530805;1480751
4885912;940810102;94081;94;11.0;none;none;False;0;0;1116.7446079617664;1481369
4888975;940810312;94081;94;11.0;all;some;False;2;2;1866.155646842404;1482352
4889820;940810201;94081;94;11.0;none;none;False;0;0;831.5060623739524;1482598
4891155;940810102;94081;94;11.0;some;some;False;2;2;5315.692621547254;1483026
4891881;940810204;94081;94;11.0;all;none;False;2;0;751.8556365464948;1483247
4892347;940810302;94081;94;11.0;all;none;False;1;0;2709.4577876418607;1483391
4894065;940810207;94081;94;11.0;some;none;False;2;0;1873.3992365464226;1483929
4895333;940810306;94081;94;11.0;all;none;False;2;0;4957.819475455935;1484321
4895831;940810109;94081;94;11.0;some;none;False;1;0;3057.7471100613748;1484480
4896015;940810312;94081;94;11.0;some;none;False;1;0;5512.682057851541;1484543
4897239;940810305;94081;94;11.0;some;all;False;1;3;2565.065548889179;1484924
4897773;940810212;94081;94;11.0;some;none;False;1;0;124.26506584688423;1485085
4897861;940810301;94081;94;11.0;all;some;False;1;2;1541.7295878290174;1485113
4898153;940810108;94081;94;11.0;all;none;False;1;0;2455.683395956511;1485211
4899017;955820104;95582;95;11.0;none;all;False;0;3;4162.356144326628;1485474
4900074;955820109;95582;95;11.0;all;none;False;1;0;2633.1248372369723;1485801
4900080;955550105;95555;95;11.0;some;all;False;1;3;3623.0372379571927;1485802
4900395;955550104;95555;95;11.0;none;none;False;0;0;1761.2112799783145;1485902
4902164;955550102;95555;95;11.0;all;some;False;1;4;7707.890444646371;1486457
4902710;955820109;95582;95;11.0;all;none;False;2;0;623.468379794222;1486624
4903986;955550108;95555;95;11.0;all;all;False;1;3;2192.4192159511767;1487026
4906203;955820110;95582;95;11.0;all;none;False;1;0;3136.6833980040215;1487710
4906370;955550108;95555;95;11.0;some;some;False;1;2;2761.9512797783395;1487766
4906630;955820109;95582;95;11.0;all;none;False;3;0;3696.6774975083013;1487846
4907610;955820109;95582;95;11.0;all;all;False;1;4;2649.087278311419;1488140
4908091;955550106;95555;95;11.0;all;some;False;1;1;5257.442538045211;1488291
4909198;955820102;95582;95;11.0;some;none;False;3;0;3041.845669727867;1488636
4909338;955550102;95555;95;11.0;all;all;False;1;4;2819.6043739475726;1488683
4909616;955550101;95555;95;11.0;some;some;False;2;1;3617.955444031529;1488766
4909741;955820109;95582;95;11.0;all;none;False;2;0;3918.4791377603265;1488805
4911238;955820109;95582;95;11.0;all;some;False;2;1;3704.9597408572117;1489285
4913523;955820105;95582;95;11.0;all;none;False;2;0;2661.8660087930307;1489999
4913553;955820105;95582;95;11.0;all;none;False;1;0;1492.465204757273;1490008
4913805;955550103;95555;95;11.0;all;none;False;1;0;993.051005370023;1490085
4914899;955550103;95555;95;11.0;all;none;False;1;0;4290.097944968099;1490433
4915347;955820110;95582;95;11.0;some;some;False;1;1;7252.10817348512;1490570
4917837;955820106;95582;95;11.0;some;none;False;1;0;3749.8647327123817;1491350
4917845;955820105;95582;95;11.0;none;none;False;0;0;2239.6881653515047;1491352
4918022;955550105;95555;95;11.0;none;all;False;0;2;3990.1336364795116;1491409
4918365;955820105;95582;95;11.0;all;all;False;2;2;4353.050492175929;1491514
4918638;955550104;95555;95;11.0;none;none;False;0;0;3541.7928757422997;1491595
4920089;950630110;95063;95;11.0;some;some;False;1;1;2807.124890143497;1492070
4920423;950630105;95063;95;11.0;some;none;False;1;0;4911.9230624990705;1492190
4920487;950630104;95063;95;11.0;none;none;False;0;0;1458.5041280026574;1492206
4920953;950630107;95063;95;11.0;none;none;False;0;0;3227.565966243684;1492346
4923120;950630111;95063;95;11.0;some;none;False;1;0;1740.0810242259963;1493013
4924629;950630102;95063;95;11.0;some;none;False;1;0;2221.0485018992536;1493480
4926418;950630104;95063;95;11.0;none;none;False;0;0;1224.2943249488217;1493994
4927531;950630111;95063;95;11.0;all;all;False;1;2;88.27283087667574;1494334
4928813;950630110;95063;95;11.0;all;none;False;3;0;3836.584069576789;1494727
4929941;950630103;95063;95;11.0;none;some;False;0;1;653.6991461063166;1495082
4933923;954760108;95476;95;11.0;all;none;False;2;0;2766.113050666736;1496317
4936886;954760103;95476;95;11.0;all;none;False;2;0;5033.613653198809;1497252
4937940;954760107;95476;95;11.0;all;some;False;1;1;3681.2105776739786;1497590
4938630;954760107;95476;95;11.0;all;some;False;2;1;3357.7976343608293;1497809
4939683;952180101;95218;95;11.0;all;none;False;1;0;1745.0747393652744;1498136
4939786;953230106;95323;95;11.0;all;all;False;1;1;2190.385885690461;1498171
4939981;952180101;95218;95;11.0;none;none;False;0;0;3376.025612248139;1498233
4940609;952180104;95218;95;11.0;all;all;False;1;5;7115.058064549948;1498434
4940812;952180105;95218;95;11.0;some;some;False;1;3;3850.0137566785024;1498494
4942889;952180107;95218;95;11.0;all;none;False;2;0;3516.3308444809795;1499147
4942995;952180107;95218;95;11.0;some;all;False;1;2;4183.28047709229;1499178
4946090;952180107;95218;95;11.0;all;none;False;1;0;2282.754046942766;1500140
4946467;953230106;95323;95;11.0;some;none;False;1;0;4401.5536565127995;1500258
4948295;952180107;95218;95;11.0;all;some;False;2;1;2841.548015291731;1500820
4948611;952180107;95218;95;11.0;all;none;False;2;0;5879.897693683837;1500921
4950174;952180101;95218;95;11.0;none;some;False;0;1;1808.9348750144577;1501406
4950623;952180104;95218;95;11.0;none;none;False;0;0;1524.051854190835;1501555
4950867;953230101;95323;95;11.0;some;none;False;1;0;3109.3313723717984;1501629
4952153;953230107;95323;95;11.0;all;all;False;1;4;1129.875453757162;1502038
4952477;953230102;95323;95;11.0;all;some;False;2;2;2479.784475438392;1502136
4954463;952880102;95288;95;11.0;all;none;False;1;0;1868.6625454289594;1502762
4955349;951970104;95197;95;11.0;all;some;False;1;3;4299.166350015329;1503037
4955626;951970108;95197;95;11.0;none;all;False;0;1;1266.445092727461;1503125
4956686;951970108;95197;95;11.0;some;none;False;1;0;4380.752579486438;1503464
4956778;955390101;95539;95;11.0;all;all;False;1;1;1271.7041120532385;1503492
4957095;954270101;95427;95;11.0;all;none;False;1;0;435.89529260319176;1503599
4957121;955390102;95539;95;11.0;none;some;False;0;1;5154.576013092501;1503605
4958102;954270107;95427;95;11.0;some;none;False;3;0;6927.318814701599;1503900
4959279;955390107;95539;95;11.0;all;some;False;2;2;2754.7983497304394;1504267
4959870;954270103;95427;95;11.0;some;some;False;2;2;2692.760229326119;1504447
4960186;951970107;95197;95;11.0;some;none;False;1;0;6550.91315107526;1504546
4960200;951970106;95197;95;11.0;all;none;False;1;0;1707.6500224506174;1504550
4961113;954270103;95427;95;11.0;some;none;False;1;0;2684.6040476427024;1504827
4961217;952880103;95288;95;11.0;all;some;False;2;1;4181.089257880887;1504861
4962517;954270101;95427;95;11.0;none;none;False;0;0;2791.4489754127617;1505265
4962891;951970109;95197;95;11.0;some;all;False;1;2;1554.7819041723346;1505375
4965017;954270105;95427;95;11.0;all;none;False;2;0;2053.676345359989;1506032
4965717;951970106;95197;95;11.0;all;none;False;3;0;6642.995252999477;1506245
4966089;951970109;95197;95;11.0;some;none;False;1;0;2240.638755122666;1506358
4966825;955390106;95539;95;11.0;all;all;False;2;6;2584.2053428539466;1506587
4967029;951970103;95197;95;11.0;all;none;False;1;0;3627.7886649453003;1506650
4967584;954270104;95427;95;11.0;some;none;False;2;0;10052.995771869584;1506823
4967760;955390105;95539;95;11.0;some;all;False;1;2;1988.7328871755585;1506876
4968831;951970105;95197;95;11.0;all;none;False;1;0;2683.1907231870027;1507209
4970190;954270104;95427;95;11.0;none;none;False;0;0;891.0338498842377;1507645
4971084;951970106;95197;95;11.0;all;none;False;1;0;2634.3871956254957;1507927
4971792;951970102;95197;95;11.0;all;none;False;1;0;3004.8387767669665;1508152
4973017;952880103;95288;95;11.0;all;none;False;2;0;6607.570143280311;1508517
4974115;952880102;95288;95;11.0;none;none;False;0;0;1515.0616380747865;1508848
4976368;951970109;95197;95;11.0;all;some;False;1;1;85.9523517409911;1509526
4979827;955630103;95563;95;11.0;all;all;False;1;1;1872.7562287784506;1510526
4980734;950020000;95002;95;11.0;all;none;False;3;0;4008.2015975995937;1510763
4981799;955630103;95563;95;11.0;all;some;False;2;1;6111.970598676245;1511031
4982529;954910102;95491;95;11.0;all;some;False;2;1;6355.428589757511;1511212
4983544;954910104;95491;95;11.0;all;some;False;1;1;5248.095227730574;1511473
4983805;950080000;95008;95;11.0;all;none;False;2;0;6613.674203048713;1511532
4983888;955630105;95563;95;11.0;all;none;False;1;0;3416.1659397461885;1511553
4984045;951990101;95199;95;11.0;some;some;False;1;1;8382.048306304896;1511596
4984359;954910102;95491;95;11.0;none;all;False;0;2;3825.568715048036;1511680
4984403;955740102;95574;95;11.0;some;some;False;1;1;3801.891563821832;1511693
4985482;955740103;95574;95;11.0;some;none;False;1;0;2759.2252782471664;1511969
4985792;955630103;95563;95;11.0;some;some;False;1;1;1516.72177343681;1512061
4985849;950230000;95023;95;11.0;some;some;False;3;1;5533.479269257923;1512077
4986209;955630102;95563;95;11.0;all;none;False;2;0;4006.2184540975386;1512174
4987577;951990101;95199;95;11.0;all;some;False;2;1;4275.460069717415;1512525
4987784;954910102;95491;95;11.0;all;none;False;2;0;3855.2285157236965;1512578
4987792;955630105;95563;95;11.0;all;all;False;2;2;3406.499718883998;1512581
4988497;950910103;95091;95;11.0;none;none;False;0;0;7355.838933840501;1512762
4990649;951990103;95199;95;11.0;all;none;False;1;0;3632.442243592578;1513321
4991910;950910102;95091;95;11.0;some;some;False;1;1;2911.4554533139944;1513637
4992942;955630104;95563;95;11.0;some;none;False;1;0;6820.192796248616;1513903
4993072;955630103;95563;95;11.0;none;none;False;0;0;193.1369009423192;1513939
4994411;955630104;95563;95;11.0;none;none;False;0;0;1586.709597012357;1514285
4994694;955740102;95574;95;11.0;all;some;False;3;1;3189.6878846343275;1514357
4994792;950260000;95026;95;11.0;none;all;False;0;1;3191.86316469648;1514382
4995246;955630104;95563;95;11.0;some;none;False;3;0;2652.823760246219;1514497
4995313;955740103;95574;95;11.0;all;none;False;1;0;2887.966660679513;1514514
4995773;955740104;95574;95;11.0;all;all;False;1;2;3407.6801752860847;1514631
4996338;951990107;95199;95;11.0;some;none;False;2;0;7229.179070914316;1514777
4997399;950910101;95091;95;11.0;all;all;False;1;3;2762.964997857057;1515056
4997785;955630105;95563;95;11.0;all;none;False;2;0;5429.734981532343;1515151
4998034;954910104;95491;95;11.0;all;none;False;3;0;5261.77403299531;1515217
4999699;951990102;95199;95;11.0;some;some;False;1;1;2860.423209670082;1515650
5000091;955630102;95563;95;11.0;all;some;False;2;1;4695.643136616937;1515745
5001048;954910103;95491;95;11.0;all;none;False;1;0;2770.002309380199;1515994
5001566;951990107;95199;95;11.0;all;some;False;2;1;8563.132064891113;1516129
5002032;954910102;95491;95;11.0;all;all;False;1;3;2131.5158213521368;1516252
5002855;950420000;95042;95;11.0;all;some;False;2;1;3754.1404584028032;1516464
5003126;950910101;95091;95;11.0;some;none;False;1;0;5066.354988090826;1516537
5003916;952190301;95219;95;11.0;all;all;False;1;2;1478.7369870208643;1516747
5003946;952190301;95219;95;11.0;some;some;False;1;1;2674.497774333245;1516756
5005864;952190301;95219;95;11.0;none;none;False;0;0;3122.696391751084;1517376
5006846;952190801;95219;95;11.0;all;some;False;2;2;6820.953359556562;1517691
5007340;952030102;95203;95;11.0;all;none;False;2;0;3038.074804560815;1517849
5008315;952190801;95219;95;11.0;none;all;False;0;2;2456.9607825847106;1518155
5009648;952030107;95203;95;11.0;all;some;False;2;1;3857.293860522806;1518572
5010845;952030104;95203;95;11.0;some;all;False;1;5;6862.353515655961;1518950
5011252;952190103;95219;95;11.0;some;some;False;1;1;196.88761020539488;1519091
5011530;952190301;95219;95;11.0;some;some;False;2;2;3605.1465407246387;1519182
5011589;952030105;95203;95;11.0;all;none;False;2;0;5975.0427766100565;1519203
5012854;952190101;95219;95;11.0;all;some;False;2;1;3445.716287307682;1519595
5013282;952030109;95203;95;11.0;all;some;False;2;3;4778.1733225764365;1519734
5013756;952030104;95203;95;11.0;all;all;False;2;2;2197.922649991622;1519888
5016140;952190501;95219;95;11.0;all;none;False;1;0;3980.3098173879;1520635
5016603;952190102;95219;95;11.0;none;all;False;0;1;1016.6036726605087;1520785
5017987;952030105;95203;95;11.0;some;some;False;2;1;4528.132204031393;1521228
5020011;952190102;95219;95;11.0;some;none;False;1;0;4022.5051740805206;1521877
5024222;952030110;95203;95;11.0;all;some;False;2;1;5109.889690071675;1523212
5024513;952190102;95219;95;11.0;all;some;False;2;1;2712.4752697374797;1523301
5025527;952030110;95203;95;11.0;all;some;False;2;2;3153.9793109367192;1523620
5030502;950560000;95056;95;11.0;some;none;False;1;0;5259.636914196244;1524781
5030843;952050103;95205;95;11.0;all;some;False;2;2;2849.7326644392265;1524849
5032412;952500101;95250;95;11.0;all;all;False;1;2;1443.5918337161522;1525162
5032650;950580000;95058;95;11.0;all;none;False;1;0;1707.1451913304038;1525210
5035108;950940000;95094;95;11.0;all;none;False;2;0;2737.267857425418;1525702
5035115;951020000;95102;95;11.0;all;none;False;1;0;98.48576304902642;1525703
5036282;952500101;95250;95;11.0;all;all;False;1;2;1077.474693248571;1525935
5036696;951100000;95110;95;11.0;all;none;False;1;0;2086.324110825682;1526017
5037265;951160000;95116;95;11.0;all;some;False;2;1;3535.8410878726413;1526131
5038405;952500103;95250;95;11.0;all;all;False;2;3;2515.95906792705;1526358
5039208;952290103;95229;95;11.0;some;none;False;1;0;5450.290080788968;1526518
5039479;951160000;95116;95;11.0;all;some;False;2;2;3909.926884564926;1526571
5040393;952290101;95229;95;11.0;none;none;False;0;0;668.4900148665763;1526755
5041235;952500103;95250;95;11.0;none;none;False;0;0;2566.9383685174776;1526923
5043603;951160000;95116;95;11.0;all;none;False;2;0;3207.174423770816;1527397
5047703;952290101;95229;95;11.0;all;all;False;1;2;4206.820420095883;1528212
5049467;951160000;95116;95;11.0;some;some;False;3;1;4977.524681584739;1528566
5049878;951190000;95119;95;11.0;all;all;False;1;1;3596.5047126869104;1528647
5049897;951200000;95120;95;11.0;all;all;False;3;2;5832.941299640394;1528651
5051481;951760105;95176;95;11.0;some;none;False;1;0;4298.812023250222;1529076
5051833;952520114;95252;95;11.0;all;all;False;1;1;2417.7023701287253;1529199
5052384;951760106;95176;95;11.0;all;none;False;3;0;1866.4276769877345;1529380
5053118;951760106;95176;95;11.0;none;none;False;0;0;3513.209234345081;1529626
5054243;951760106;95176;95;11.0;none;none;False;0;0;1775.0111522576124;1530016
5055795;952520116;95252;95;11.0;all;none;False;2;0;2697.088822288383;1530505
5056832;952520111;95252;95;11.0;all;some;False;3;2;4124.5552829960125;1530831
5056976;952520116;95252;95;11.0;none;none;False;0;0;3327.492918390013;1530877
5057526;952520103;95252;95;11.0;all;all;False;1;2;1010.0066594009686;1531051
5057944;952520108;95252;95;11.0;none;none;False;0;0;2657.2208788646117;1531174
5058277;952520110;95252;95;11.0;none;none;False;0;0;2093.38907464171;1531280
5058794;952520109;95252;95;11.0;some;all;False;1;2;3269.0548643026104;1531433
5061961;951760101;95176;95;11.0;all;some;False;2;2;6719.679484889051;1532425
5062179;951760101;95176;95;11.0;all;all;False;1;1;2376.3467006069536;1532497
5062200;952520114;95252;95;11.0;all;none;False;2;0;2371.097955155561;1532502
5063854;952520114;95252;95;11.0;some;none;False;1;0;5710.741006645761;1533045
5066106;951760105;95176;95;11.0;all;some;False;3;1;728.6936331113359;1533794
5066395;951760103;95176;95;11.0;some;some;False;1;3;11211.667884290417;1533885
5066553;952520115;95252;95;11.0;some;none;False;1;0;3274.817640885878;1533938
5070022;952520114;95252;95;11.0;some;none;False;1;0;5396.722054086098;1535077
5071261;952520101;95252;95;11.0;all;all;False;1;2;2015.5570712053648;1535478
5072888;951760103;95176;95;11.0;some;some;False;2;2;7316.424775996092;1535982
5073636;952520105;95252;95;11.0;none;none;False;0;0;1644.239016430064;1536203
5074310;952520101;95252;95;11.0;all;none;False;1;0;9716.035680816356;1536424
5075115;952520101;95252;95;11.0;some;all;False;1;2;2044.2833761836741;1536661
5077724;952680113;95268;95;11.0;some;none;False;2;0;6735.613136542593;1537510
5078265;952680114;95268;95;11.0;all;none;False;1;0;246.77787877282472;1537682
5080531;950190101;95019;95;11.0;all;none;False;2;0;5319.454111622572;1538382
5083361;950190103;95019;95;11.0;all;some;False;3;2;6743.904065072332;1539281
5085387;952680101;95268;95;11.0;some;none;False;1;0;7489.528026312018;1539933
5086714;952680101;95268;95;11.0;some;none;False;1;0;3896.635840212738;1540356
5087337;952680114;95268;95;11.0;none;none;False;0;0;6142.872130763214;1540554
5087843;952680113;95268;95;11.0;some;some;False;1;2;1821.4416305655961;1540720
5088622;952680112;95268;95;11.0;some;some;False;3;2;5546.020751778044;1540973
5091148;950190106;95019;95;11.0;some;some;False;3;2;3908.595046344928;1541767
5092843;952680111;95268;95;11.0;all;none;False;1;0;558.2020798985386;1542314
5094157;950190106;95019;95;11.0;some;some;False;1;1;2739.6500060010458;1542730
5094171;952680114;95268;95;11.0;none;none;False;0;0;1745.319443634733;1542734
5094267;950190103;95019;95;11.0;some;none;False;2;0;8170.385727114385;1542769
5094563;950190106;95019;95;11.0;some;some;False;1;2;8639.774635314709;1542865
5096980;953710101;95371;95;11.0;all;none;False;1;0;1458.5713920775518;1543641
5097484;953510103;95351;95;11.0;all;some;False;2;2;4068.748266621344;1543781
5098011;952800108;95280;95;11.0;some;some;False;1;2;4638.137700924473;1543926
5098678;951200000;95120;95;11.0;all;all;False;1;2;3309.490377015088;1544113
5101740;952800107;95280;95;11.0;some;some;False;1;4;3184.138721921216;1544962
5106310;953510103;95351;95;11.0;all;some;False;1;2;1035.3595985533314;1546222
5109095;952800103;95280;95;11.0;all;none;False;3;0;1663.6443038957566;1547005
5109326;952800111;95280;95;11.0;all;all;False;1;3;3167.8537099447567;1547067
5109410;952800106;95280;95;11.0;all;none;False;1;0;1422.0012616430972;1547091
5112183;952800108;95280;95;11.0;some;some;False;1;1;2651.0603104138827;1547852
5113702;953710101;95371;95;11.0;some;none;False;3;0;10954.942239221165;1548255
5114335;953510101;95351;95;11.0;all;some;False;2;2;3573.133343502332;1548430
5116627;952800111;95280;95;11.0;all;all;False;1;2;2800.075326804111;1549067
5118535;954240401;95424;95;11.0;some;none;False;1;0;4150.350525491427;1549588
5118628;954240201;95424;95;11.0;all;none;False;2;0;2253.9862617826816;1549615
5120831;953060108;95306;95;11.0;all;none;False;1;0;2359.5033445014938;1550290
5121159;953060107;95306;95;11.0;all;all;False;1;2;3356.953298334914;1550399
5123256;953060102;95306;95;11.0;all;none;False;1;0;1288.6291941486163;1551051
5124729;954240102;95424;95;11.0;all;all;False;1;1;1248.1472630177204;1551513
5125320;953060105;95306;95;11.0;some;some;False;1;2;4127.305356185594;1551700
5125999;954240303;95424;95;11.0;all;none;False;1;0;4795.691837327916;1551923
5126415;953060102;95306;95;11.0;some;none;False;1;0;5765.553538349314;1552044
5127137;953060102;95306;95;11.0;all;some;False;1;2;5204.358168652306;1552273
5131042;951340000;95134;95;11.0;all;some;False;2;1;2072.803198436645;1553466
5132015;954240401;95424;95;11.0;none;none;False;0;0;1579.0500169071038;1553777
5132682;954240401;95424;95;11.0;some;all;False;1;2;545.1689991063249;1553986
5134551;954240102;95424;95;11.0;all;some;False;3;3;6580.694334909852;1554592
5135276;953060108;95306;95;11.0;all;all;False;1;1;3190.5412626710663;1554833
5139215;954240303;95424;95;11.0;all;none;False;1;0;5203.037474326012;1556066
5139706;951340000;95134;95;11.0;some;none;False;1;0;2575.452129954355;1556212
5140239;953130105;95313;95;11.0;all;all;False;1;4;334.7548735388882;1556369
5140748;950520102;95052;95;11.0;some;none;False;1;0;3026.2417721215215;1556494
5142139;951340000;95134;95;11.0;some;some;False;2;2;9939.118671777056;1556833
5143660;953130103;95313;95;11.0;all;some;False;2;2;3348.542755115753;1557219
5144271;950520101;95052;95;11.0;all;some;False;2;4;10236.361275855606;1557379
5144471;951490000;95149;95;11.0;all;none;False;2;0;4415.1862296780455;1557429
5144551;954870101;95487;95;11.0;some;some;False;1;2;4316.3417712263945;1557450
5144695;951570000;95157;95;11.0;none;none;False;0;0;3863.887824483985;1557484
5146410;954800101;95480;95;11.0;all;some;False;3;1;5668.805613327829;1557912
5147908;950520103;95052;95;11.0;all;all;False;1;2;2692.5926306149527;1558287
5148175;951690000;95169;95;11.0;none;none;False;0;0;3850.092045118108;1558356
5149032;953130105;95313;95;11.0;some;some;False;2;1;6430.602864636985;1558572
5149624;954870103;95487;95;11.0;some;none;False;2;0;3080.188633030356;1558714
5149633;951830000;95183;95;11.0;none;all;False;0;1;2643.657152303053;1558716
5149694;951830000;95183;95;11.0;all;all;False;1;2;3451.5151413174817;1558732
5151536;954870101;95487;95;11.0;some;some;False;2;1;3449.690159114599;1559195
5154221;951830000;95183;95;11.0;all;some;False;1;1;4252.5925273665325;1559857
5154295;952110000;95211;95;11.0;some;some;False;1;1;3054.193801163108;1559873
5154653;950520103;95052;95;11.0;none;none;False;0;0;2465.390962332864;1559961
5155101;954870105;95487;95;11.0;some;all;False;1;2;2512.974188345034;1560071
5156277;954800102;95480;95;11.0;all;all;False;2;4;5098.713899792517;1560357
5156756;953130102;95313;95;11.0;all;all;False;1;3;1668.624954797393;1560474
5163805;953040000;95304;95;11.0;none;none;False;0;0;1619.2572881851142;1562216
5163968;953130104;95313;95;11.0;some;some;False;1;2;4377.581774405887;1562256
5165485;950520101;95052;95;11.0;all;all;False;1;1;1753.722966647041;1562629
5165978;950520102;95052;95;11.0;some;all;False;1;5;4362.054597970251;1562752
5167608;952100401;95210;95;11.0;none;all;False;0;1;3814.2766989628176;1563187
5168274;954280303;95428;95;11.0;all;all;False;1;2;2278.136911458398;1563376
5169955;954280304;95428;95;11.0;all;all;False;1;2;2093.667302329278;1563883
5170949;953410000;95341;95;11.0;all;some;False;2;2;16261.066038518447;1564179
5171064;952100401;95210;95;11.0;all;none;False;1;0;279.96066340722206;1564210
5172769;955980101;95598;95;11.0;some;some;False;1;1;4305.007499184914;1564743
5173443;953520000;95352;95;11.0;some;all;False;1;4;5061.187930801154;1564956
5174872;955980107;95598;95;11.0;some;some;False;1;1;2149.5464724982885;1565386
5175293;954280303;95428;95;11.0;all;some;False;2;2;5121.3476180448515;1565504
5176300;955980101;95598;95;11.0;all;all;False;1;3;1485.7717714083476;1565800
5177939;954280203;95428;95;11.0;all;none;False;1;0;5299.869107127585;1566306
5179395;954280303;95428;95;11.0;none;none;False;0;0;4605.8622270558;1566753
5181673;954280101;95428;95;11.0;all;none;False;2;0;8130.2002484196;1567440
5182947;954280204;95428;95;11.0;all;all;False;2;2;8055.77480899002;1567824
5184026;952100401;95210;95;11.0;all;some;False;1;2;3099.9408249192047;1568144
5187311;954280204;95428;95;11.0;some;none;False;1;0;2029.6308143803342;1569135
5188207;954280101;95428;95;11.0;all;none;False;1;0;3009.958731736855;1569406
5189544;954280204;95428;95;11.0;none;none;False;0;0;1701.008347697074;1569802
5189634;952100401;95210;95;11.0;some;all;False;1;4;2427.9159188977105;1569829
5191242;955980105;95598;95;11.0;some;none;False;1;0;7136.013693523627;1570302
5191499;954280202;95428;95;11.0;some;some;False;1;2;9820.219303990722;1570386
5192344;954280103;95428;95;11.0;none;none;False;0;0;1563.2520866075854;1570646
5193666;955000701;95500;95;11.0;none;none;False;0;0;4872.038450569974;1571029
5195553;955000901;95500;95;11.0;some;some;False;1;2;1611.047087377543;1571548
5197306;955000304;95500;95;11.0;all;all;False;1;2;3607.695875002496;1572022
5197382;953520000;95352;95;11.0;all;none;False;3;0;7723.354705909962;1572045
5199201;955000201;95500;95;11.0;some;none;False;2;0;2262.1342101660953;1572538
5200327;955000103;95500;95;11.0;all;none;False;1;0;902.0360243634476;1572841
5201569;953550000;95355;95;11.0;some;none;False;1;0;5967.0936899728595;1573183
5203593;955000304;95500;95;11.0;some;none;False;1;0;5359.03600327974;1573721
5206172;955000301;95500;95;11.0;none;all;False;0;1;2206.087107581103;1574422
5206806;953690000;95369;95;11.0;all;none;False;2;0;5427.6305216317005;1574599
5207487;953700000;95370;95;11.0;all;some;False;2;2;6686.626455088644;1574788
5209303;955000401;95500;95;11.0;all;none;False;2;0;5924.6825977375875;1575301
5209669;953920000;95392;95;11.0;some;some;False;3;3;10720.02674314519;1575406
5210414;953920000;95392;95;11.0;all;all;False;1;1;3599.487259704141;1575608
5212140;953950000;95395;95;11.0;all;none;False;3;0;5143.091826269215;1576095
5212274;955000701;95500;95;11.0;none;none;False;0;0;1242.290285983011;1576129
5212465;955000201;95500;95;11.0;some;none;False;1;0;1668.3464540647315;1576181
5214026;955000301;95500;95;11.0;all;none;False;3;0;66.56900007311812;1576615
5214453;955000501;95500;95;11.0;some;none;False;1;0;3239.759164515016;1576737
5215679;954090000;95409;95;11.0;all;none;False;2;0;4700.97000921937;1577072
5215750;954260000;95426;95;11.0;all;none;False;2;0;6998.493714917811;1577091
5216041;955720103;95572;95;11.0;all;some;False;2;2;4170.0991551910965;1577167
5216347;955720103;95572;95;11.0;none;none;False;0;0;1363.108261244617;1577249
5217138;955720103;95572;95;11.0;all;some;False;1;2;4196.694381988211;1577443
5218561;955720106;95572;95;11.0;none;none;False;0;0;4982.187596224709;1577825
5220485;955720106;95572;95;11.0;all;none;False;1;0;1857.4126278122437;1578324
5220717;955720112;95572;95;11.0;all;none;False;2;0;2858.628787368527;1578382
5221040;954260000;95426;95;11.0;all;none;False;3;0;9642.1676902172;1578468
5223058;954300000;95430;95;11.0;all;all;False;1;2;1571.4854309711955;1578995
5223551;955720106;95572;95;11.0;all;none;False;2;0;1730.6960785964316;1579127
5225291;955720112;95572;95;11.0;none;some;False;0;1;4613.920825275665;1579569
5226658;954300000;95430;95;11.0;all;some;False;1;1;2823.6843849830357;1579912
5227534;953940101;95394;95;11.0;some;some;False;1;1;4461.622929553285;1580148
5229036;955720106;95572;95;11.0;some;all;False;1;2;2289.0038327963175;1580534
5229408;955720103;95572;95;11.0;all;all;False;1;2;2959.812598678795;1580636
5229433;955720112;95572;95;11.0;some;some;False;1;2;5829.824242584832;1580644
5231390;955720101;95572;95;11.0;some;none;False;1;0;5409.105279902262;1581145
5231751;955720102;95572;95;11.0;all;none;False;1;0;1225.5573663002747;1581236
5232186;954460000;95446;95;11.0;all;none;False;1;0;2261.178443358011;1581343
5232923;955720112;95572;95;11.0;some;none;False;1;0;3828.818053698569;1581525
5234433;954460000;95446;95;11.0;some;none;False;2;0;4792.8142101856365;1581905
5235499;953940106;95394;95;11.0;all;none;False;1;0;1864.6649053396172;1582181
5235728;954500000;95450;95;11.0;all;all;False;1;4;4400.271594500084;1582246
5238027;955720102;95572;95;11.0;all;none;False;1;0;2110.8243215696284;1582831
5238991;955850118;95585;95;11.0;some;some;False;1;2;3921.7463699391333;1583081
5240520;955850113;95585;95;11.0;some;none;False;1;0;2312.180857371703;1583563
5240842;955850125;95585;95;11.0;none;none;False;0;0;1872.561332129615;1583667
5242058;955850114;95585;95;11.0;some;some;False;1;1;2374.5601754223735;1584067
5242505;955850110;95585;95;11.0;some;all;False;1;5;4882.344445500248;1584206
5245432;955850113;95585;95;11.0;all;all;False;1;1;1866.888076286841;1585147
5245594;955850120;95585;95;11.0;some;some;False;1;2;3723.638304525795;1585203
5245806;955850121;95585;95;11.0;some;some;False;1;3;7029.446097646593;1585267
5246014;955850107;95585;95;11.0;none;all;False;0;1;988.8368667382587;1585332
5247791;955850117;95585;95;11.0;all;all;False;1;2;1454.003403327487;1585888
5247966;955850103;95585;95;11.0;none;none;False;0;0;848.6717670806304;1585943
5248282;955850122;95585;95;11.0;all;all;False;1;2;487.14674321895086;1586042
5248690;955850102;95585;95;11.0;some;some;False;2;2;2098.3178999256243;1586165
5250495;955850118;95585;95;11.0;none;none;False;0;0;3498.553217958998;1586740
5251028;955850119;95585;95;11.0;all;all;False;1;2;2428.888571165514;1586893
5251257;955850117;95585;95;11.0;all;some;False;1;1;4008.698847330676;1586961
5251811;955850125;95585;95;11.0;some;none;False;1;0;1197.950727726103;1587137
5253464;955850125;95585;95;11.0;none;none;False;0;0;1732.7250513243678;1587669
5253761;955850114;95585;95;11.0;all;none;False;3;0;688.3653554089074;1587760
5255042;955850108;95585;95;11.0;none;none;False;0;0;1678.7094468246669;1588158
5256862;955850106;95585;95;11.0;none;some;False;0;2;5464.862393027638;1588733
5257496;955850108;95585;95;11.0;none;none;False;0;0;856.3971661552179;1588932
5257822;955850115;95585;95;11.0;all;all;False;1;2;2083.0809437828716;1589029
5258053;955850114;95585;95;11.0;all;none;False;1;0;956.0010502908726;1589109
5258828;955850113;95585;95;11.0;none;none;False;0;0;1420.585072518093;1589343
5261053;956070108;95607;95;11.0;all;all;False;1;2;2376.715324340241;1589925
5261072;950510102;95051;95;11.0;all;none;False;1;0;2556.934799255959;1589931
5261569;954880101;95488;95;11.0;all;all;False;1;1;1471.9021502069252;1590053
5264508;950600102;95060;95;11.0;some;some;False;1;1;3814.2563675704846;1590804
5265102;956070102;95607;95;11.0;all;none;False;3;0;4181.977749930747;1590955
5266133;950600102;95060;95;11.0;all;none;False;2;0;5644.6142471575595;1591222
5267479;956070113;95607;95;11.0;some;some;False;1;1;9489.836471386645;1591567
5268253;956070104;95607;95;11.0;all;none;False;2;0;2116.633000664375;1591771
5268344;956070105;95607;95;11.0;some;all;False;1;4;3709.2605213465145;1591793
5271423;956070110;95607;95;11.0;all;none;False;1;0;2259.126917710725;1592587
5272151;956070103;95607;95;11.0;all;some;False;1;2;3082.948003191928;1592778
5273848;950600102;95060;95;11.0;all;all;False;1;4;1254.2395170428344;1593214
5274635;956070105;95607;95;11.0;some;none;False;1;0;4770.34755098439;1593414
5275310;956070113;95607;95;11.0;all;none;False;1;0;4610.739543579175;1593582
5277946;954880105;95488;95;11.0;all;none;False;1;0;2643.6977038783507;1594263
5278074;950510101;95051;95;11.0;some;all;False;1;4;3482.1274009412095;1594294
5278327;956070112;95607;95;11.0;all;none;False;2;0;5894.009059427112;1594362
5278812;954880102;95488;95;11.0;all;all;False;1;2;2589.0536448231405;1594484
5280482;956070104;95607;95;11.0;all;some;False;2;2;3643.1786785749355;1594921
5282238;953880102;95388;95;11.0;some;some;False;1;2;9803.812137605162;1595336
5282554;956370105;95637;95;11.0;all;all;False;2;1;2830.6903808424195;1595408
5284212;954500000;95450;95;11.0;all;all;False;1;2;8497.552261778783;1595808
5286082;956370104;95637;95;11.0;all;all;False;1;1;3372.9246581461202;1596246
5286924;954520000;95452;95;11.0;all;none;False;2;0;2891.3157469060907;1596442
5287203;956370103;95637;95;11.0;all;all;False;2;5;3864.142436470788;1596510
5287981;955040000;95504;95;11.0;some;none;False;1;0;5962.096985249724;1596694
5288860;955040000;95504;95;11.0;all;none;False;1;0;3326.5082381945526;1596895
5290620;955090000;95509;95;11.0;none;none;False;0;0;1385.8328189621047;1597308
5290967;953880102;95388;95;11.0;all;all;False;1;4;1496.0148132016022;1597391
5290990;955090000;95509;95;11.0;all;some;False;2;1;3895.143687087824;1597396
5291894;955100000;95510;95;11.0;all;none;False;1;0;4825.073208341562;1597602
5291904;956370105;95637;95;11.0;all;some;False;3;3;7503.439951633085;1597604
5293053;955270000;95527;95;11.0;all;none;False;2;0;3892.325757571987;1597882
5293589;955270000;95527;95;11.0;all;none;False;1;0;1179.045909537979;1598006
5295402;955290000;95529;95;11.0;all;none;False;2;0;4474.680177795283;1598427
5295784;955410000;95541;95;11.0;all;all;False;2;2;2882.8819681562873;1598515
5299839;953880101;95388;95;11.0;all;none;False;2;0;2377.740795385077;1599457
5300711;955430000;95543;95;11.0;all;some;False;2;1;3867.960564684658;1599666
5300746;955540000;95554;95;11.0;none;none;False;0;0;2259.1016673239187;1599674
5301000;955660000;95566;95;11.0;all;all;False;1;2;2585.970982734295;1599732
5302531;952770302;95277;95;11.0;some;some;False;2;2;5723.440881173936;1600150
5303301;952770403;95277;95;11.0;all;none;False;1;0;2319.3300065017306;1600387
5303479;952770201;95277;95;11.0;none;none;False;0;0;1025.5111267045068;1600441
5304539;952770101;95277;95;11.0;some;some;False;1;2;2230.2531442911704;1600765
5304711;952770302;95277;95;11.0;some;none;False;2;0;2105.0011548263656;1600814
5305083;956800104;95680;95;11.0;none;none;False;0;0;501.4076103863869;1600923
5305241;952770103;95277;95;11.0;some;some;False;1;1;1668.8628558856021;1600969
5310225;955800000;95580;95;11.0;none;none;False;0;0;5616.504667154693;1602462
5310622;952770103;95277;95;11.0;all;all;False;1;2;1230.8095182870736;1602586
5311076;952770202;95277;95;11.0;some;none;False;1;0;4586.996403247339;1602714
5311697;956800110;95680;95;11.0;none;none;False;0;0;1355.8417509326694;1602901
5312115;952770202;95277;95;11.0;some;none;False;2;0;5665.759742034906;1603019
5312326;956800110;95680;95;11.0;some;none;False;1;0;2680.0947865995554;1603083
5314057;956040000;95604;95;11.0;some;none;False;1;0;3786.590289538425;1603592
5315305;956040000;95604;95;11.0;some;none;False;2;0;3736.132252754525;1603952
5317184;956800112;95680;95;11.0;some;all;False;1;3;3176.4249406373247;1604516
5317553;952770201;95277;95;11.0;some;none;False;1;0;3071.4368145210747;1604624
5318536;956120000;95612;95;11.0;all;all;False;1;1;2662.033701790611;1604917
5318625;956800110;95680;95;11.0;all;all;False;3;6;1950.659454687297;1604945
5320210;956800104;95680;95;11.0;none;none;False;0;0;1680.2552448821984;1605421
5320289;956800111;95680;95;11.0;none;none;False;0;0;3444.5006545410347;1605442
5321118;952770103;95277;95;11.0;some;some;False;1;1;4984.698567948224;1605691
5321370;956800104;95680;95;11.0;none;none;False;0;0;2723.006832713641;1605775
5322000;956280000;95628;95;11.0;some;none;False;1;0;6626.749744319838;1605972
5322060;952770401;95277;95;11.0;none;none;False;0;0;1857.909504302685;1605993
5322877;952770401;95277;95;11.0;some;some;False;1;1;2369.8347849236097;1606245
5323003;956800110;95680;95;11.0;none;none;False;0;0;6191.315182190972;1606285
5323076;952770403;95277;95;11.0;some;none;False;1;0;1416.014439668382;1606303
5323147;956410000;95641;95;11.0;some;some;False;1;1;2618.661801853896;1606324
5324272;952770202;95277;95;11.0;some;some;False;3;2;2379.0008607010736;1606661
5324288;956410000;95641;95;11.0;all;none;False;1;0;2033.9853828053006;1606664
5325337;950180204;95018;95;11.0;all;none;False;3;0;3292.7341985431894;1606975
5326628;950180901;95018;95;11.0;all;some;False;1;1;3495.632388556621;1607388
5327494;950181001;95018;95;11.0;all;none;False;2;0;2847.023144548185;1607645
5329332;950181001;95018;95;11.0;none;none;False;0;0;831.4860726276299;1608229
5331385;950180504;95018;95;11.0;all;none;False;1;0;1786.1652321184015;1608887
5331893;950181003;95018;95;11.0;all;all;False;2;2;2722.7489922804853;1609046
5332510;950180607;95018;95;11.0;some;some;False;1;1;6334.882853017715;1609244
5333562;950180703;95018;95;11.0;all;none;False;2;0;4158.022981029233;1609569
5334796;950180203;95018;95;11.0;some;some;False;1;4;4111.237535584678;1609951
5336243;950180903;95018;95;11.0;all;none;False;1;0;1176.7895953334794;1610408
5337184;950180302;95018;95;11.0;none;none;False;0;0;481.2745669105786;1610692
5337546;950180902;95018;95;11.0;all;all;False;1;1;906.8707893170424;1610803
5338500;950180801;95018;95;11.0;all;none;False;3;0;1642.6940726157575;1611098
5341099;950180902;95018;95;11.0;all;some;False;2;1;1130.8683420513303;1611905
5342160;950180101;95018;95;11.0;none;none;False;0;0;1294.285765885196;1612249
5345378;950180504;95018;95;11.0;all;none;False;1;0;1023.1872083336203;1613238
5346705;950180304;95018;95;11.0;none;none;False;0;0;1119.6445237307105;1613658
5347513;950180402;95018;95;11.0;all;all;False;1;2;5214.27859271698;1613913
5348434;950180902;95018;95;11.0;some;none;False;1;0;3463.5733349585416;1614205
5349467;950180404;95018;95;11.0;all;all;False;1;1;2549.82466230935;1614532
5350573;950180101;95018;95;11.0;none;none;False;0;0;2509.90646581871;1614870
5350620;950180801;95018;95;11.0;all;none;False;1;0;1832.510255528517;1614886
5352071;950180302;95018;95;11.0;some;some;False;1;2;8681.791915808682;1615341
5352139;950180202;95018;95;11.0;all;none;False;1;0;2640.6440952953953;1615363
5353708;950180702;95018;95;11.0;all;some;False;2;1;2392.1038540957998;1615858
5353865;950181001;95018;95;11.0;none;none;False;0;0;1960.9626724786708;1615906
5354137;950180401;95018;95;11.0;all;all;False;1;1;1033.6123033980339;1615992
5355263;950180605;95018;95;11.0;none;none;False;0;0;6233.070352220566;1616344
5355477;950180501;95018;95;11.0;none;some;False;0;2;2435.0992945738117;1616408
5356192;950181002;95018;95;11.0;none;none;False;0;0;1093.4665214895479;1616629
5356727;950180203;95018;95;11.0;all;none;False;1;0;1768.0705699335458;1616792
5356861;950180102;95018;95;11.0;some;none;False;1;0;6191.889569915033;1616835
5358051;950180204;95018;95;11.0;all;none;False;1;0;2088.656671739808;1617218
5360420;950180502;95018;95;11.0;all;none;False;2;0;3122.047110766316;1617963
5360935;950180501;95018;95;11.0;all;some;False;1;3;3625.3054543612334;1618127
5362560;950180101;95018;95;11.0;some;none;False;1;0;2422.844061443824;1618631
5364993;950180401;95018;95;11.0;none;none;False;0;0;1242.289892033589;1619377
5366547;950180902;95018;95;11.0;all;all;False;2;4;3552.593196791494;1619859
5366928;950180202;95018;95;11.0;all;none;False;1;0;1562.081170198122;1619972
5368650;950180401;95018;95;11.0;all;all;False;1;1;2689.281270998461;1620510
5371894;951270130;95127;95;11.0;none;all;False;0;1;1766.7815867955378;1621490
5371917;951270116;95127;95;11.0;all;none;False;1;0;1981.0979486894078;1621495
5372882;951270110;95127;95;11.0;none;none;False;0;0;1420.8571996189662;1621775
5373635;951270109;95127;95;11.0;none;none;False;0;0;941.4243119514264;1622003
5373878;951270119;95127;95;11.0;all;none;False;2;0;4607.411946235026;1622074
5374830;951270104;95127;95;11.0;none;none;False;0;0;627.6675778373949;1622361
5376230;951270116;95127;95;11.0;some;some;False;1;1;2872.3553363837163;1622783
5377560;951270121;95127;95;11.0;none;none;False;0;0;2284.8668896544877;1623209
5377879;951270127;95127;95;11.0;some;none;False;1;0;3379.03653416226;1623318
5378114;951270122;95127;95;11.0;none;none;False;0;0;5146.047905118399;1623397
5379159;951270103;95127;95;11.0;none;none;False;0;0;2549.1382090297216;1623683
5380511;951270118;95127;95;11.0;some;some;False;1;2;2306.44499943985;1624078
5381147;951270114;95127;95;11.0;all;none;False;1;0;2920.6158927111105;1624270
5381497;951270130;95127;95;11.0;all;all;False;1;3;1351.9471142659916;1624379
5381591;951270132;95127;95;11.0;none;none;False;0;0;2322.159569887444;1624407
5381684;951270113;95127;95;11.0;all;none;False;2;0;4409.539809175121;1624432
5382573;951270105;95127;95;11.0;none;none;False;0;0;2628.2916109478465;1624725
5386084;951270113;95127;95;11.0;all;some;False;3;2;4639.618455203344;1625837
5386097;951270130;95127;95;11.0;none;none;False;0;0;1793.283886491798;1625841
5389571;951270120;95127;95;11.0;all;none;False;1;0;1032.2047855814326;1626957
5389831;951270130;95127;95;11.0;none;none;False;0;0;1770.7257716237043;1627045
5390703;951270118;95127;95;11.0;some;none;False;1;0;7077.72186680279;1627320
5391039;951270101;95127;95;11.0;all;all;False;1;2;1160.0538859893525;1627423
5391146;951270130;95127;95;11.0;some;some;False;1;1;5526.327225901871;1627452
5391529;951270105;95127;95;11.0;none;none;False;0;0;5317.783627895566;1627585
5391798;951270118;95127;95;11.0;none;none;False;0;0;1630.1509070116213;1627671
5393428;951270132;95127;95;11.0;none;none;False;0;0;2026.8196251761356;1628208
5396918;951270125;95127;95;11.0;some;all;False;1;3;2693.7594531548084;1629358
5397054;951270107;95127;95;11.0;all;some;False;2;2;2032.235239718915;1629397
5397536;751145401;75114;75;11.0;none;none;False;0;0;1622.1433976122592;1629557
5397866;751145401;75114;75;11.0;none;none;False;0;0;3775.5090635559336;1629630
5398917;751176806;75117;75;11.0;none;all;False;0;1;1609.884980071355;1630057
5399014;751176807;75117;75;11.0;none;all;False;0;1;3169.7352192378085;1630079
5399685;751145401;75114;75;11.0;none;none;False;0;0;3223.133935450863;1630207
5401007;751186922;75118;75;11.0;none;all;False;0;1;4104.864561072587;1630481
5401219;751134905;75113;75;11.0;none;all;False;0;1;1575.5445185507153;1630523
5403265;751114301;75111;75;11.0;none;all;False;0;1;449.07128802300264;1630926
5404118;751124615;75112;75;11.0;none;none;False;0;0;2030.468015202969;1631135
5405180;751197402;75119;75;11.0;none;none;False;0;0;1093.6688718152332;1631415
5405220;751176613;75117;75;11.0;none;none;False;0;0;3173.048780657873;1631422
5405642;751156004;75115;75;11.0;none;none;False;0;0;2065.567874110394;1631485
5405886;751156001;75115;75;11.0;none;none;False;0;0;3622.9528355713965;1631533
5406089;751156001;75115;75;11.0;none;all;False;0;1;3603.3412897666917;1631574
5407198;751041601;75104;75;11.0;none;none;False;0;0;4977.515231593436;1631842
5409208;751051904;75105;75;11.0;none;none;False;0;0;2088.068567534489;1632273
5410271;751197601;75119;75;11.0;none;none;False;0;0;916.4749146564773;1632530
5411194;751062305;75106;75;11.0;none;none;False;0;0;2682.0279557620947;1632925
5412336;751062201;75106;75;11.0;none;none;False;0;0;2816.5778825812336;1633235
5412629;751103707;75110;75;11.0;none;none;False;0;0;6067.518741370199;1633286
5413050;751145607;75114;75;11.0;none;none;False;0;0;4312.765433604443;1633374
5414831;751072503;75107;75;11.0;none;none;False;0;0;1592.867920332634;1633761
5415260;751010201;75101;75;11.0;none;none;False;0;0;1046.4982567693978;1633849
5415279;751145401;75114;75;11.0;none;none;False;0;0;1156.4090825892172;1633853
5416521;751093301;75109;75;11.0;none;none;False;0;0;4084.6615416361187;1634157
5416854;751124577;75112;75;11.0;none;all;False;0;1;1458.239585198111;1634279
5417074;751062302;75106;75;11.0;none;none;False;0;0;3818.4660208731016;1634408
5418492;751145625;75114;75;11.0;none;none;False;0;0;4031.1633430681627;1634795
5419885;751103707;75110;75;11.0;none;none;False;0;0;2937.3386785680036;1635113
5422453;751155903;75115;75;11.0;none;all;False;0;1;5904.741839859428;1635794
5424591;751114302;75111;75;11.0;none;all;False;0;1;1738.2530264164293;1636237
5424736;751114412;75111;75;11.0;none;none;False;0;0;2931.34901979937;1636266
5427376;751135112;75113;75;11.0;none;none;False;0;0;2189.4860617026557;1636767
5429298;751155707;75115;75;11.0;none;none;False;0;0;2307.138136106756;1637137
5432441;751010103;75101;75;11.0;none;all;False;0;3;898.112310140447;1638412
5432735;751155805;75115;75;11.0;none;all;False;0;1;3764.5505261242465;1638475
5432999;751187027;75118;75;11.0;none;none;False;0;0;696.5530758812861;1638535
5434502;751052003;75105;75;11.0;none;all;False;0;1;3280.148633540246;1638799
5434918;751187208;75118;75;11.0;none;none;False;0;0;5168.858806034646;1638881
5435547;751134906;75113;75;11.0;none;none;False;0;0;501.7353484372261;1639026
5435630;751124617;75112;75;11.0;none;none;False;0;0;268.0806739741332;1639088
5435742;751083210;75108;75;11.0;none;none;False;0;0;6390.082542360384;1639113
5436233;770830201;77083;77;11.0;none;none;False;0;0;2742.2483233302382;1639448
5437352;775120000;77512;77;11.0;none;none;False;0;0;2055.852051179099;1639845
5437595;775130000;77513;77;11.0;none;none;False;0;0;1141.1149134948132;1639903
5440626;771220403;77122;77;11.0;none;none;False;0;0;1657.8961959731716;1640684
5440698;770530101;77053;77;11.0;none;none;False;0;0;421.4347248251514;1640724
5440787;770530101;77053;77;11.0;none;none;False;0;0;1329.3840808561515;1640745
5441077;775130000;77513;77;11.0;none;none;False;0;0;1632.66913708406;1640836
5441090;775130000;77513;77;11.0;none;none;False;0;0;1477.6801247403148;1640838
5442020;775130000;77513;77;11.0;none;none;False;0;0;2391.5872668067586;1641112
5442398;771830101;77183;77;11.0;none;all;False;0;1;1648.5623680484196;1641193
5442645;775170000;77517;77;11.0;none;none;False;0;0;2042.3311013464736;1641240
5444170;771860105;77186;77;11.0;none;none;False;0;0;1888.8939153224437;1641639
5445103;775170000;77517;77;11.0;none;none;False;0;0;2578.2283496019786;1641873
5445239;775210000;77521;77;11.0;none;none;False;0;0;2188.2787004852676;1641901
5448065;775270000;77527;77;11.0;none;none;False;0;0;3485.6833427446413;1642604
5449011;772880203;77288;77;11.0;none;none;False;0;0;1682.6961227718605;1642834
5449166;772880401;77288;77;11.0;none;none;False;0;0;1010.2436223029581;1642884
5449313;772880401;77288;77;11.0;none;all;False;0;1;2707.90945463493;1642922
5450060;772940203;77294;77;11.0;none;none;False;0;0;1145.4503729360597;1643143
5451712;775290000;77529;77;11.0;none;none;False;0;0;2845.294850462456;1643621
5452157;775330000;77533;77;11.0;none;none;False;0;0;4273.967022578986;1643721
5452669;773270101;77327;77;11.0;none;none;False;0;0;2552.613016933003;1643822
5453050;774310101;77431;77;11.0;none;none;False;0;0;2071.158524502827;1643933
5455008;775330000;77533;77;11.0;none;none;False;0;0;1666.977487928419;1644344
5457235;775330000;77533;77;11.0;none;none;False;0;0;3024.5907713714546;1644849
5457847;774070101;77407;77;11.0;none;none;False;0;0;2580.5187541465957;1645064
5460515;770580104;77058;77;11.0;none;all;False;0;1;1207.0699864418666;1645647
5460794;770580101;77058;77;11.0;none;none;False;0;0;3751.781477740374;1645713
5461805;783800101;78380;78;11.0;none;all;False;0;1;1869.1065218038539;1645945
5462492;786720000;78672;78;11.0;none;none;False;0;0;8121.8029006482575;1646101
5463495;786830000;78683;78;11.0;none;none;False;0;0;4173.088418879752;1646301
5463987;783720101;78372;78;11.0;none;none;False;0;0;3384.69551293287;1646408
5464202;781460103;78146;78;11.0;none;all;False;0;1;1631.778685463071;1646454
5465009;781380103;78138;78;11.0;none;none;False;0;0;2088.574976811147;1646609
5467814;783350106;78335;78;11.0;none;none;False;0;0;2780.433983587341;1647558
5468041;783610117;78361;78;11.0;none;none;False;0;0;1412.9100861022866;1647630
5470762;781600102;78160;78;11.0;none;none;False;0;0;4983.990208240653;1648207
5471294;782970102;78297;78;11.0;none;all;False;0;1;1847.1048021871254;1648326
5471819;784400110;78440;78;11.0;none;none;False;0;0;1619.5185449461164;1648645
5472129;784010102;78401;78;11.0;none;none;False;0;0;2333.652514771993;1648711
5472240;784400103;78440;78;11.0;none;none;False;0;0;1368.2901115460716;1648735
5474983;780050101;78005;78;11.0;none;none;False;0;0;2672.293345267768;1649450
5475129;780050101;78005;78;11.0;none;none;False;0;0;1044.9771939282307;1649479
5475406;780050105;78005;78;11.0;none;none;False;0;0;1212.1463050404852;1649555
5478300;785450104;78545;78;11.0;none;none;False;0;0;3115.4978581943055;1650229
5478908;781330101;78133;78;11.0;none;none;False;0;0;4828.625018697835;1650369
5479685;785860501;78586;78;11.0;none;none;False;0;0;836.9877730163431;1650513
5480603;785860601;78586;78;11.0;none;all;False;0;1;2465.991071786668;1650696
5481185;786210101;78621;78;11.0;none;none;False;0;0;1738.1671237591063;1650832
5483281;786400111;78640;78;11.0;none;none;False;0;0;2096.816157904553;1651468
5483362;786400111;78640;78;11.0;none;none;False;0;0;2703.1975523067495;1651484
5486408;786460202;78646;78;11.0;none;none;False;0;0;5841.707634700245;1652065
5486688;786460501;78646;78;11.0;none;none;False;0;0;2483.6272924598934;1652123
5489575;910270110;91027;91;11.0;none;all;False;0;1;2514.7749222563352;1652872
5491285;911740502;91174;91;11.0;none;none;False;0;0;1301.186249677042;1653513
5491341;911740801;91174;91;11.0;none;all;False;0;2;1839.9914358079325;1653568
5493742;912010107;91201;91;11.0;none;none;False;1;0;2045.6485097738914;1654333
5493864;912010107;91201;91;11.0;none;none;False;0;0;390.13139997380136;1654359
5495945;912230102;91223;91;11.0;none;none;False;0;0;2090.2537836598935;1654812
5496386;916890000;91689;91;11.0;none;none;False;0;0;2540.4486326159904;1654921
5496521;912280102;91228;91;11.0;none;all;False;0;1;1341.8762660207747;1654959
5497878;912280205;91228;91;11.0;none;none;False;0;0;2078.3804700531814;1655230
5498021;912280205;91228;91;11.0;none;none;False;0;0;2348.034012371163;1655259
5498762;916450109;91645;91;11.0;none;none;False;0;0;2458.9844153216204;1655416
5499982;916890000;91689;91;11.0;none;none;False;0;0;1648.9562161593904;1655661
5500423;912160101;91216;91;11.0;none;none;False;0;0;2459.8705891265586;1655749
5501536;913770114;91377;91;11.0;none;none;False;0;0;3704.198212664234;1656040
5501920;913770106;91377;91;11.0;none;none;False;0;0;372.881994913198;1656132
5504435;914770107;91477;91;11.0;none;none;False;0;0;2785.49841296897;1656709
5505597;914710103;91471;91;11.0;none;none;False;0;0;3430.475532905239;1656942
5505750;914710103;91471;91;11.0;none;none;False;0;0;1076.4618354288052;1656972
5507269;912350103;91235;91;11.0;none;none;False;0;0;3011.553219559346;1657256
5507736;912350103;91235;91;11.0;none;all;False;0;2;2993.6898537172447;1657340
5507751;912350103;91235;91;11.0;none;none;False;0;0;1487.600261222946;1657343
5508759;912350103;91235;91;11.0;none;all;False;0;1;1257.4432684752148;1657523
5509176;912350103;91235;91;11.0;none;none;False;0;0;2122.8679357901688;1657597
5510569;912350103;91235;91;11.0;none;none;False;0;0;2920.5631077793055;1657847
5512790;915490115;91549;91;11.0;none;all;False;0;2;2972.8170727622273;1658372
5515392;911140102;91114;91;11.0;none;all;False;0;1;1267.5178460305333;1659180
5515617;911140102;91114;91;11.0;none;all;False;0;1;2586.9319863208525;1659224
5515717;914210108;91421;91;11.0;none;all;False;0;1;2164.041968221154;1659266
5516153;914210102;91421;91;11.0;none;none;False;0;0;707.7947462550289;1659379
5518102;920070101;92007;92;11.0;none;none;False;0;0;2362.3105552701177;1660090
5518371;920720104;92072;92;11.0;none;none;False;0;0;3003.6368646826445;1660157
5518440;920720105;92072;92;11.0;none;none;False;0;0;1111.0071558655814;1660172
5518935;920190101;92019;92;11.0;none;none;False;0;0;2330.926168019205;1660295
5519696;920190110;92019;92;11.0;none;none;False;0;0;2684.4661932887843;1660443
5519841;920190110;92019;92;11.0;none;none;False;0;0;2198.8432247813207;1660466
5520149;920200103;92020;92;11.0;none;all;False;0;2;4950.520535005189;1660527
5522451;920230104;92023;92;11.0;none;none;False;0;0;5690.637619181403;1660984
5523210;920240104;92024;92;11.0;none;none;False;0;0;73.89011608566281;1661132
5524959;920780103;92078;92;11.0;none;none;False;1;0;3106.950590181421;1661568
5527410;920480202;92048;92;11.0;none;none;False;0;0;2592.4127283074927;1662278
5527517;920480207;92048;92;11.0;none;all;False;0;2;1469.115894306476;1662300
5527705;920480204;92048;92;11.0;none;none;False;0;0;2362.7504739428327;1662340
5528139;920490117;92049;92;11.0;none;none;False;0;0;2389.6423803159314;1662443
5528266;920460109;92046;92;11.0;none;all;False;0;2;3513.551097869265;1662468
5532282;920640111;92064;92;11.0;none;none;False;0;0;5940.705626844136;1663521
5532952;920040304;92004;92;11.0;none;none;False;0;0;3002.4113268936785;1663669
5534702;920120303;92012;92;11.0;none;none;False;0;0;1831.5877262578513;1664144
5535605;920250302;92025;92;11.0;none;none;False;0;0;4176.048097505257;1664350
5537155;920500702;92050;92;11.0;none;none;False;0;0;2309.765978926529;1664699
5537371;920500702;92050;92;11.0;none;none;False;0;0;2472.569255507583;1664743
5539968;920500607;92050;92;11.0;none;all;False;0;1;3515.53247162317;1665391
5540185;920500607;92050;92;11.0;none;none;False;0;0;1660.2682440833003;1665434
5541893;930011202;93001;93;11.0;none;none;False;0;0;900.2859777770965;1665822
5542072;930011202;93001;93;11.0;none;none;False;0;0;2806.0586737996045;1665859
5543868;930050805;93005;93;11.0;none;none;False;0;0;1850.1671871346837;1666342
5544394;930630103;93063;93;11.0;none;none;False;0;0;2293.7228836250333;1666482
5544800;930450103;93045;93;11.0;none;none;False;0;0;4064.793958162095;1666568
5545181;930060103;93006;93;11.0;none;none;False;0;0;1330.9868333182799;1666643
5546045;930060105;93006;93;11.0;none;all;False;1;1;1649.6556906611108;1666867
5546121;930070114;93007;93;11.0;none;none;False;0;0;501.65661302282086;1666934
5546495;930530104;93053;93;11.0;none;all;False;0;1;1769.8246298066638;1667039
5547012;930570107;93057;93;11.0;none;none;False;0;0;2035.2428167119035;1667184
5547316;930100106;93010;93;11.0;none;all;False;0;1;2690.720121565031;1667248
5547994;930130107;93013;93;11.0;none;none;False;0;0;1087.6315769165426;1667423
5548487;930270110;93027;93;11.0;none;none;False;0;0;1173.926888756825;1667657
5548952;930590104;93059;93;11.0;none;all;False;0;1;159.63758267405768;1667794
5549601;930500115;93050;93;11.0;none;none;False;0;0;915.0360286308269;1667932
5550411;930460105;93046;93;11.0;none;none;False;0;0;1991.5507154108195;1668198
5551518;930640114;93064;93;11.0;none;none;False;0;0;598.9175337439234;1668453
5556088;930710119;93071;93;11.0;none;none;False;0;0;53.62921447299114;1670076
5557125;930470105;93047;93;11.0;none;none;False;0;0;2473.511432277467;1670349
5557156;930470105;93047;93;11.0;none;none;False;0;0;2343.4279976861994;1670355
5557372;930740101;93074;93;11.0;none;all;False;0;1;1635.7794830583157;1670430
5558561;930770112;93077;93;11.0;none;none;False;0;0;3535.7920520872794;1670748
5562527;930480403;93048;93;11.0;none;none;False;0;0;3663.9330778925214;1671901
5562783;930661103;93066;93;11.0;none;none;False;0;0;1345.0997047278265;1671966
5562945;930660602;93066;93;11.0;none;none;False;0;0;666.6026705368217;1672004
5566247;940420102;94042;94;11.0;none;none;False;0;0;2108.2343806998833;1672744
5566631;940690103;94069;94;11.0;none;none;False;0;0;1769.4592192779808;1672828
5567439;940220107;94022;94;11.0;none;all;False;0;1;2037.1937632182353;1672973
5568485;940330116;94033;94;11.0;none;none;False;0;0;2662.3627278841236;1673298
5568537;940340101;94034;94;11.0;none;all;False;0;1;756.9826002597518;1673309
5570497;940340112;94034;94;11.0;none;none;False;0;0;3643.5675515182998;1673702
5571542;940380108;94038;94;11.0;none;none;False;0;0;1154.9624907238006;1673919
5571633;940380108;94038;94;11.0;none;all;False;0;2;213.55413756416456;1673937
5571942;940340109;94034;94;11.0;none;all;False;0;2;2136.5822740000267;1674059
5572003;940380106;94038;94;11.0;none;none;False;0;0;1746.4183316202857;1674108
5572950;940410109;94041;94;11.0;none;none;False;0;0;883.1317580758271;1674315
5574071;940460201;94046;94;11.0;none;none;False;0;0;2196.283350600621;1674555
5575057;940580107;94058;94;11.0;none;none;False;0;0;1095.515283143416;1674771
5577604;940730103;94073;94;11.0;none;none;False;0;0;3462.3895806267533;1675318
5577661;940730104;94073;94;11.0;none;none;False;0;0;3093.228906520705;1675330
5578860;940760105;94076;94;11.0;none;none;False;0;0;2513.137336740892;1675581
5581011;940440104;94044;94;11.0;none;none;False;0;0;1861.726034137729;1676251
5581140;940440104;94044;94;11.0;none;all;False;0;1;3456.2837238052516;1676277
5581180;940440104;94044;94;11.0;none;none;False;0;0;1006.8247406346982;1676285
5581541;940590101;94059;94;11.0;none;all;False;0;1;359.80098119792655;1676356
5581603;940790108;94079;94;11.0;none;none;False;0;0;1182.613003219426;1676369
5581947;940150102;94015;94;11.0;none;none;False;0;0;2821.8434250005344;1676521
5582933;940670104;94067;94;11.0;none;none;False;0;0;124.69141539640627;1676805
5585159;940680202;94068;94;11.0;none;none;False;0;0;279.2976813047725;1677376
5585442;940680603;94068;94;11.0;none;none;False;0;0;1598.8897479990133;1677433
5585714;940780102;94078;94;11.0;none;none;False;0;0;1259.5714287872195;1677518
5586308;940780102;94078;94;11.0;none;all;False;0;1;725.0297824862399;1677725
5587061;940810101;94081;94;11.0;none;all;False;0;2;1044.9187397047754;1678081
5587305;940810101;94081;94;11.0;none;all;False;0;1;1866.7201346749603;1678162
5589086;954760105;95476;95;11.0;none;none;False;0;0;1628.1462334270977;1678630
5589735;954760103;95476;95;11.0;none;none;False;0;0;2361.5886478490384;1678774
5590596;953230101;95323;95;11.0;none;none;False;0;0;1422.8477289478944;1678999
5593398;956520000;95652;95;11.0;none;none;False;0;0;1953.0624185925924;1679835
5593986;956560000;95656;95;11.0;none;none;False;0;0;2577.8760780815046;1679959
5595013;953510101;95351;95;11.0;none;none;False;0;0;1198.497031116833;1680276
5595562;954240101;95424;95;11.0;none;none;False;0;0;2190.832295486436;1680491
5595734;953060101;95306;95;11.0;none;all;False;0;1;429.0759078584999;1680636
5596185;953060103;95306;95;11.0;none;none;False;0;0;1080.482044406115;1680863
5596393;953060101;95306;95;11.0;none;all;False;0;2;3611.4212151827205;1681071
5600944;955720106;95572;95;11.0;none;none;False;0;0;1687.3170783886444;1682477
5602453;956560000;95656;95;11.0;none;all;False;0;1;3013.6493547692476;1682857
5602663;956600000;95660;95;11.0;none;none;False;0;0;3026.900247124448;1682898
5603207;953880101;95388;95;11.0;none;none;False;0;0;1783.553057240114;1683005
5603334;952770501;95277;95;11.0;none;all;False;0;1;2516.8623365616704;1683061
5603610;956800110;95680;95;11.0;none;none;False;0;0;807.7605959529643;1683128
5605053;950180204;95018;95;11.0;none;none;False;0;0;817.9176332410741;1683730
5605366;950180901;95018;95;11.0;none;none;False;0;0;2136.6682573207877;1683848
